dna fingerprint,,,genetic fingerprint,,,dna identification,,,dna profiling,,,dna fingerprinting,,,dna profile,,,genetic fingerprinting,,,dna typing,,,genetic profile,,,genetic profiling,
Word,Frequency,,Word,Frequency,,Word,Frequency,,Word,Frequency,,Word,Frequency,,Word,Frequency,,Word,Frequency,,Word,Frequency,,Word,Frequency,,Word,Frequency
dna,159,,fingerprint,33,,dna,409,,dna,140,,dna,129,,dna,439,,genetic,17,,dna,31,,genetic,176,,genetic,34
fingerprint,103,,genetic,32,,identification,258,,_image,66,,#,67,,profile,247,,|,16,,’,13,,profile,159,,_image,25
#,51,,#,18,,dental,96,,#,60,,_image,43,,_image,78,,dna,9,,#,7,,#,58,,#,15
_image,24,,_image,8,,_image,95,,profiling,21,,fingerprinting,26,,#,75,,#,4,,_image,7,,_image,43,,dna,8
’,19,,dna,6,,’,75,,’,13,,|,23,,’,65,,fingerprinting,3,,skin,5,,s,30,,profiling,8
evidence,17,,bacteria,5,,#,70,,@,11,,calipers,21,,s,37,,itv,3,,tone,5,,’,22,,africa,7
n't,15,,’,4,,records,46,,cancer,10,,nanoswitch,21,,n't,34,,tests,3,,typing,5,,dna,14,,africans,7
s,13,,d,3,,brianentin,36,,new,10,,proteins,13,,high,24,,•,3,,”,5,,@,11,,genetically,7
unique,13,,early,3,,s,27,,s,10,,’,12,,people,22,,_image,2,,ex,4,,people,10,,library,7
dental,12,,forensic,3,,teeth,24,,tumor,9,,@,9,,@,20,,alec,2,,medium,4,,cancer,8,,@,4