Public Sentiment on DNA Fingerprinting: Overview,
Please read this Google Sheet to understand elements of this workbook,
,
Creation of Sheet,
All data sheets and aggregated sheets were created via this Google Collab file:,API Search and Analysis.ipynb
"For sheet access, please contact Ganning Xu (xu23g@ncssm.edu)",
,
Sheet Key,
Type of Sheet,Meaning
Data,Sheets with raw tweets. Each of these sheets have sheet names that end in "_raw" and have a yellow tab color.
Aggregated data,Sheets with all data combined together. Each of these sheets have a purple tab color. 
Analysis,Sheets with analysis on aggregated data sheets. Each of these sheets have a dark blue tab color. 
Keywords,Sheet that contains all the keywords that were searched for using the Twitter API
,
Sheet Statistics,
Total Tweets:,1501
Keyword,Number of tweets
dna fingerprint,146
genetic fingerprint,35
dna identification,374
dna profiling,124
dna fingerprinting,125
dna profile,423
genetic fingerprinting,20
dna typing,37
genetic profile,174
genetic profiling,43