dna fingerprinting,dna fingerprint,genetic fingerprinting,genetic fingerprint,dna identification,dna profiling
,Teaching another 60 kids to run electrophoresis gels through @miniPCR forensics dna fingerprint. @IAFultonSchools https://t.co/trr5cus2AY,,"@toekneebeeears @Jacob62049796 @davidpakmanshow I just posted an 8 page article published in Nature detailing how it’s still unsettled, but very unlikely and improbable given the lack of a genetic modification fingerprint and your response essentially amounts to “lol nope”.

You’re too far gone. You can’t be reached.","“ In the days before DNA testing, nothing could rival a fresh cadaver for an accurate identification....”
https://t.co/SEtq87v4nG #ForensicScience #PostMortemID #HistoryofForensics",New article: Profiling of DNA damage and repair pathways in small cell lung cancer reveals a suppressive role in the immune landscape https://t.co/AO28gaqVCO #lungcancer #oncology https://t.co/7MmngUkzdI
,@natlawyerchic @queennaija DNA from the door frame( sweat )and the button he pushed (fingerprint)on the door,,The genetic fingerprint of an Indonesian woman found in a cave complex suggests migration took place much earlier than previously thought. Archeologists say it hints at mixing between early humans in Indonesia and those from faraway Siberia https://t.co/pfFZ27p2Gv https://t.co/8IJ5hUhyfs,"DNA identification was never going to be done after PIA Aircrash!
Entire God damn Govt knew it &amp; is covering it up
@ImranKhanPTI explain the meaning of this.
@OfficialDGISPR @DGPR_PAF 
WTF?!
MEDIA BEEN QUIET ALL ALONG!
HAD I NOT STARTED THE DNA process, we wud never have known 🤬 https://t.co/pRzvlbOzsM https://t.co/AVjSUgcKZv",Profiling DNA Damage Induced by the Irradiation of DNA with Gold Nanoparticles #JPCL #MassSpec https://t.co/NmOCqCPzLI
,"How does the #DNA fingerprint work? Our three experts Obadah 🇸🇾 @CoskunPLID , @PascalSchonberg 🇩🇪@tudresden_de and Russel 🇨🇦 #MartinBornhäuserLab @Medizin_TUD tell you everything about it. @PLID_Info @digsbb @saechsab https://t.co/wZDcHkq7Ec",,,"@AlondraNelson46 @cherkies who stores data profiles on us and what guarantees ithe db won't get hacked?  Who do we hold accountable if biometric data is compromised?  What alternative for those who refuse to submit their faces, fingerprints, eyes, voice, and DNA data for collection and identification?","it's nuts because DNA analysis and profiling weren't available til 1980's. Like imagine all the technology we have now back then, even the damn Zodiac killer wouldn't have gotten away w it for so long https://t.co/BNulj4Z0CN"
,@ReglthAgrcltre @Ayjchan @thackerpd C. evidence that can be good quality: ballistic; fingerprint; DNA; cellphone pings. I don't see anything that approaches that: either side. I don't believe throwing shit against a wall is additive. I believe AR has said from the beginning a l. leak can't be ruled out.,,,"Because the body was found in Jefferson County, the coroner's office has control of identification. Ohio BCI has been called in to make a DNA match. @WTOV9 has the details here.

https://t.co/gbLjdXfMri",
,,,,Explore #PhD topics / positions – Faculty of Medicine @muni_cz

Follow https://t.co/rMEI497RVw!

https://t.co/KYeZMocfLk
https://t.co/NPsUCMKmF9
https://t.co/1cx0RwhuCs
https://t.co/g7WMYwDpLQ
https://t.co/bxwVNDC9mm
https://t.co/4yOxdf3BUE
https://t.co/7ru4tcDRj6

#PhDinBrno https://t.co/7suqbgUo0P,
,,,,"It's missing legs because we used those for DNA sequencing, which can be very useful for identification and species delimitation. FYI my preference is for integrated taxonomy using morphological and molecular data.",
,,,,"@YorksRose_84 They need to stry taking DNA, finger prints off all illegals and migrants asbthey enter the country. Would possibly speed up identification",
,,,,Anticancer immunity through tumor antigen identification &amp; conversion to DNA vaccines https://t.co/3ZNxgLQKSy,