dna fingerprinting,dna fingerprint,genetic fingerprinting,genetic fingerprint,dna identification,dna profiling,dna profile,dna typing
Anandia's rapid cannabis DNA Fingerprinting is highlighted at StratCann this week! 
https://t.co/1KjlvNMaI8,"Every year, 800,000 children in America go missing. 

That's 1 child every 40 seconds. 

That's why I authored SB 2158, which helps locate missing children by promoting and providing voluntary, in-home fingerprint &amp; DNA identification kits to parents of children in K-6th grade. https://t.co/fPNENJBGiE",Anandia's rapid cannabis DNA Fingerprinting is highlighted at StratCann this week! 
https://t.co/1KjlvNMaI8,"What if all that we'd ever read and all the music that we'd ever listened to, all the dances that we'd danced and all the art we'd experienced formed our unique emotional &amp; ethical genetic creative fingerprint? What would it look like? How would it sound and feel? #FreeThought ♥️","Every year, 800,000 children in America go missing. 

That's 1 child every 40 seconds. 

That's why I authored SB 2158, which helps locate missing children by promoting and providing voluntary, in-home fingerprint &amp; DNA identification kits to parents of children in K-6th grade. https://t.co/fPNENJBGiE",@edwardpoole1975 @ScotRThomson I'm aware

Excluding pre-existing conditions
DNA profiling combined with lifestyle will supply masses of data to actuaries to price you and I in... or out - price ration

Then there's co-pay
&amp; Repoman if we misstate some detail 

We are talking control vs freedom

Best not lose https://t.co/rzfDAMqfFy,"@jodigital1 @OliviaHoney11 I use a variety of sites:  ancestry, myheritage, familysearch, wiki tree, geniweb, gedmatch, etc.  You can always upload your gedcom (your family tree data) and in some cases your DNA profile to different sites, so you're not constantly reentering data.","@jamesenglish0 A mixture James, it’s in dna its down to boredom it’s down to drugs it’s down so many things and I’m just glad it’s spoken about more in a public capacity instead of a feeling of shame. Trust me I’ve tried to “snap out of it”....it’s a “snap” that’s the reason I’m typing this..."
"@The_Pinakee Ye kahi ka whats app forward utha lete hai or chaip dete hai ,let's assume his data is correct to iska sabse bada reason globally accepted logic Ke according to reservation he hua na ? Or ek mast baat Bhai 116 desh ne DNa fingerprinting se sabit kuya hai ki brahmins videshi hai",Coming back after giving an invited talk about our work on fingerprint aging at https://t.co/8hdNPwzM0V. So impressed by a talk of a mom who lost her daughter by a rapist killer and devoted her life to change the law for DNA test of detainees against CODIS https://t.co/A9Y6a3p0xw,"@mikecarr000 @SarahSJNB @canada_his @Bret_Sears My understanding of Polymerase Chain Reaction (PCR) tests is they detect and amplify genetic material. We use PCR tests to detect not just COVID-19 and Chagas, but TB, HIV, whooping cough, and a host of other diseases. It's also used in forensics (see: genetic fingerprinting).","US Inspectors, military from other countries use me as a genetic poison or not? They have money to rent the house so they can collect my DNA, fingerprint to produce scientific weapon or not? I doubt that white Muslim she use the head of all to set me up or African.","@CynChic @CoffindafferFBI Any remains located would require a positive identification through scientific means…for example, DNA or dental records. LE/FBI wouldn’t simply write off just ANY remains located within the Reserve as those of #BrianLaundrie.","@edwardpoole1975 With AI, DNA profiling and lifestyle tracking via wrist band and saliva / blood tests the basic model can be revolutionized 

People can be predicted &amp; cured before major symptoms! 

That's either for wealthy &amp; people working for big companies, I.e. of use to capital

Or for all?",the most perfect side profile  https://t.co/RMSW4kCGHt,#FreeDownloads! Read #FREE “Biological Sources of DNA: The Target Materials for Forensic DNA Typing” https://t.co/lELKVC56Kg from our #OnlineFirst #Handbook of #DNA #Profiling https://t.co/Ie5kiO0K1U #LivingReference #FreeAccess  #ForensicsScience #MicrobialForensics https://t.co/yLkjn2CeVa
"@iArmyKaFan @NEWERA22698072 @Profdilipmandal @ashokgehlot51 Well he is vaigyanik ,aand vaigyanik completed his vigyaan degree from some what's app forward who doesn't even bothered to investigate what's exactly DNA FINGERPRINTING means ,you can very easily find these scientists under the pulia near flyover in narrow gali every Thursday .","@gotnobooks @earlmillenie Abandon by his subordinates, ZZS watches the sleeping suspect with his checklist

ZZS: Fingerprint check, DNA sample check, background-

WKX wakes up: A-A Xu... You're here!😱

ZZS looks WKX, turns back to his list: Needs to evaluate the possibility of insanity plea

WKX: A-Xu 😳","Seems grimly ironic that Nick Hanscomb, a Bolton lad involved in development of DNA/genetic fingerprinting, was himself murdered (at 1991 Notting Hill Carnival) and his killer has never been caught. #RIP #CodeOfAKiller #ITV #JohnSimm #DavidThrelfall: https://t.co/AOFk0NbqHK","What’s going on! How is a genetic fingerprint more important than lives, jobs and the economy?? I personally do not want the Covid manipulating my DNA",New Research: Identification of DNA Bases and Their Cations in Astrochemical Environments: Computational Spectroscopy of Thymine as a Test Case https://t.co/jeglcZ326c #SpaceSci,New #LiquidBiopsy study in @Clin_Chem_AACC -  large pan-cancer cohort + retrospective analysis of corr btw DNA input and sequencing success. We need diverse technologies that address all sample types so every cancer patient can access molecular profiling.
https://t.co/QFnTWCTYQu https://t.co/ASgFeRPiLc,"@iamcmarsh @smootheststar The big killer for people like her is B-12, which is necessary for THF-metabolism (cell division, DNA synthesis). They usually end up supplementing. Iron bioavailability and a complete amino acid profile are lesser chores, but it's 100% possible for humans to do it.",Typing of Aeromonas isolates from children with diarrhoea and water samples by randomly amplified polymorphic DNA polymerase chain reaction and whole cell protein fingerprinting https://t.co/5mgBhj7zUS
"@mattyglesias It's good to have more surveillance and higher closure rates. 'More police' is just one pathway to more secure communities. One that is as flawed as human discretion/judgment allow it to be. We could do CCTV, robot dogs, + compulsory fingerprinting &amp; DNA collection instead.","Abandon by his subordinates, ZZS watches the sleeping suspect with his checklist

ZZS: Fingerprint check, DNA sample check, background-

WKX wakes up: A-A Xu... You're here!😱

ZZS looks WKX, turns back to his list: Needs to evaluate the possibility of insanity plea

WKX: A-Xu😳",@BBCWorld @BBCNews Sir Alec Jeffreys developed the techniques for genetic fingerprinting and DNA profiling which revolutionised forensic science worldwide. 
He is still overdue a Nobel prize to this day.,"@quay_dr @WSJopinion Hiltzik wrote:

"they tried to validate the lab-leak theory by examining the virus’ genetic fingerprint. They pointed to genetic sequences that they suggested were highly unlikely to be found naturally. As it happens, those sequences do occur naturally." https://t.co/Ozp0tRaG3Y",@AuthorLJBaker @TheBloggess But are they saving them for future dna identification of the corpse? Because my mom specifically said that’s why she’d kept them all. She also wanted me to get an “If Found Call #” tattoo. 🤣,DNA methylation-based profiling reveals distinct clusters with survival heterogeneity in high-grade serous ovarian cancer https://t.co/of0wUReKKj,@jimcramer 23andMe….SELLS YOUR DNA PROFILE TO THE FBI !!!,@moniza_hossain It’s like a list… having to do with blood typing and to some extent DNA but the genetic component is less important now that they have good anti rejection drugs.
@amra_sks DNA fingerprinting 
Extremely interesting and you'd be able to do stuffs with it 

Respiratory if u wanna go for something easier,"@keithbelfast Sweet jesus...
A photo of you with soot on your face, in rags, with your hand outstretched standing beside a projection of your fingerprint and holding a a2 print out of your full dna sequence in 12pt helvetica 003300#",,"“ethnicity is a huge component in determining what you carry in your mouth…our food and oral hygiene habits determine what bacteria can survive and thrive in our mouths…Can your genetic makeup play a similar role? The answer seems to be yes, it can.” https://t.co/IfyOgL1ZQo","Margarita Sobol, @imgprague, Czech Academy of Sciences, shows very impressive work on visualization of single-stranded DNA gaps with #ElectronMicroscopy which allows the study of DNA repair and identification of potential biomarkers of PARPi sensitivity at our User Forum. https://t.co/Rd7Fi495DH",On week 5 students carried out a paper based DNA profiling activity to match the genetic fingerprints of a DNA sample to a missing persons database. Our victim was confirmed as Miss Grey https://t.co/dbCHXr6wiL,"@artsmarse @Babs108164110 @5haronl @harryrag @poppypippa2 @PamGurney70 @Francis60905029 @AnnaEsse @Maddiesvoice1 @bob93265343 @Antlad30 @BourgeoisViews @marvinskyelo @Irissykes14 @MikeJakey1947 @ScamHunter487 @jam_J_M @craig_c83 @Patriot_4_MAGA @Lostinthecity7 @chickienob @emily23800584 @MayklWalker @Esjabe1 @D_Owanlen @MistyDa83907643 @MaverickLite @Andreamariapre2 @SidShite @MikeJakeman5 @JBLittlemore @lindale22381726 @forevershallon @PhilipTann1961 @D_Dobrovetsky @milesbetter73 @Shatnerella @Shirley60483124 @njbennett @ElizabethKeesey @LostCuriously @MMTRUTHORLIE @debgee9 @Neil81417504 @McCannCaseTweet @kathypriestley5 @bka @I_Love_Cats2014 @fiorifan @CarmenRose610 Aside from the minute traces of blood found on a key fob there was no blood found in the apartment or hire car and none of the DNA retrieved proved to be a full profile match to Madeleine, although if it had that would have been normal.",
@bangtanancheese @amra_sks Yea it is. I was so into Sherlock Holmes and stuff those days so I even gave a bit of examples where police used dna fingerprinting to find the culprit. I even wrote a whole case for it 😭💀,"US Inspectors, military from other countries use me as a genetic poison or not? They have money to rent the house so they can collect my DNA, fingerprint to produce scientific weapon or not? I doubt that white Muslim she use the head of all to set me up or African.",,,"#Lastchance to register for Saturday sessions of Junior Scientists: Forensic Fun. From DNA extraction to fingerprint identification to handwriting analysis, this workshop will have you honing your sleuthing skills. Booking closes tomorrow 👉https://t.co/hyMOnxEAiD https://t.co/g9I6vMSZ5P",Pubmed: DNA methylation-based profiling reveals distinct clusters with survival heterogeneity in high-grade serous ovarian cancer https://t.co/pWHE9gMKG3,@JohnDaffern2 Where is this beautiful boy Frankie 😻 Make #BritishBlue Smokey Cat who was #LOST 5/10/21
#Portslade #EastSussex #BN41 distinctive looking blue eyes &amp; markings. #Microchipped &amp; #Neutered  Owners have #DNA profile. #FindFrankie 07808-968602 🐾🙏🐾🐈,
@amra_sks DNA fingerprinting. I've done a thesis on that before. Its soo interesting yk-,@eNCA @SAPoliceService on December 6 2019 we had a break in at home and a DNA and fingerprint sample was taken. Almost two years later I'm still waiting for the results. That was taken in Waterval SAPS in Limpopo #bhekicele,,,"@PraticOslo I honestly find it cringe when people use DNA percentages and use it for identification.
Caste/Tribe(Not so much in Bengalis tho), Language, Nationality. That's it. Anything more and it's larping.","🌐 #IB News #BSBNexus
Excellent presentation by Lucie Y12 #IBDP on DNA profiling. As passionate about criminology, she wanted to raise awareness on DNA profiling as one of the best discoveries for the criminal field. 
A great exhibition of #LearningHabits https://t.co/HHDna37APu","@DonaldJTrumpJr Donny,

Has your daddy provided a court-ordered DNA sample yet?

If not, why not?

https://t.co/3QgmTh65ZJ",
@amra_sks Dna fingerprinting is interesting 😗,"#Lastchance to register for Saturday sessions of Junior Scientists: Forensic Fun. From DNA extraction to fingerprint identification to handwriting analysis, this workshop will have you honing your sleuthing skills. Booking closes tomorrow 👉https://t.co/hyMOnxEAiD https://t.co/g9I6vMSZ5P",,,"Rare specimen identification in an un-integrated taxonomy: implications of DNA sequences from a Taiwanese Philine (Mollusca, Philinidae) https://t.co/OLLuKCd2jw","@Ed_d_ie @LakotaMan1 Hi, something to consider. Ancestry and 23ME are not reliable sources. They do not enough quantitative samples from Native Americans, their databases have significantly more European and African  genetic profiles. It will improve with more Native dna profiling, need more time.",@butimbrietho @DNA_GTFOH He was on the card originally an u a troll u don’t even have a profile pic. Go do sumn wit yo life,
"Join us live tomorrow to learn more about DNA Fingerprinting and its Medico-Legal Applications! 

🗓 October 6, 3:30 PM IST
🔗 https://t.co/z4M2WG5cgN

#DNA #DNAFingerprinting #Medicolegal #DNASequencing #DNATesting #DNATest #MolecularBiology #Genetics https://t.co/kGBGW1qLra","@seanofiachra @courtsnewsIRL So evidence has to be adduced that shows you in a particular place or in contact with a particular item. This could be CCTV, your DNA / fingerprint at a crime scene etc. If you fail to account for that, the judge/jury can take that into account when deciding.",,,"@E_Pat927 @BVAppalachia The Census Bureau in the 1920s, and Ancestry, (the family tree and DNA service) in the 2010s, both did deep dive studies into American ancestry, with no regard to self identification. Both are entirely separate from, and far more reliable compared to, the census",DNA methylation-based profiling reveals distinct clusters with survival heterogeneity in high-grade serous ovarian cancer https://t.co/8iTS0je0QZ,@geostylegeo Thats my way of asking for help helping cure HIV with a proper profile on a scientific lab result of my DNA and RNA seg .If  Debra Messing or Bette Midler or Dr.Wilson Cruz or Anthony Rapp with his wonderful medically trained mother tells me who to trust in HIV research .++++,
"@yuhdunmessedup @OopsInvestor @LaytonGreene I Would Like To Find His Family &amp; Share The Information About Forensic Fingerprinting &amp; DNA Technology That Took Me 13 Years To Find. May THE ALMIGHTY Draw Near To This Family &amp; Touch Them With Healing &amp; Bless Them All With Comfort, Strength &amp; Peace. I Am So Sorry...🕊⚘#Georgia","What’s going on! How is a genetic fingerprint more important than lives, jobs and the economy?? I personally do not want the Covid manipulating my DNA",,,After receiving "1349" DNA samples from families of the missing... Family Registry Department of the General Authority for Search and Identification of the Missing continues to receive the families of the missing to open files for their relatives and take DNA samples from them. https://t.co/mPNFNqIKZy,PubMed_ Genetic Profiling of Cell-Free DNA From Pleural Effusion in Advanced Lung Cancer as a Surrogate for Tumor Tissue and Revealed Additional Clinical Actionable Targets https://t.co/2p4UkPThXj,Fast forward to the Laundrie trial...and the motion to exclude any DNA evidence....a recent Federal case fom Michigan threw out a "Strmix" generated profile and called the DNA test results as "pseudo-science".
U.S v. Gissantaner 417 Fed Supp3rd 857.,
"Seems grimly ironic that Nick Hanscomb, a Bolton lad involved in development of DNA/genetic fingerprinting, was himself murdered (at 1991 Notting Hill Carnival) and his killer has never been caught. #RIP #CodeOfAKiller #ITV #JohnSimm #DavidThrelfall: https://t.co/AOFk0NbqHK",Your DNA fingerprint is all over that Covid or that Covid is all over your DNA? https://t.co/T0I6sV6kzo,,,Very interesting article about the identification of Edom and true identity of Israel as a people (the Church inherited Its Spirit amen) 😇https://t.co/sYhMd6S3nA,New article: Genetic Profiling of Cell-Free DNA From Pleural Effusion in Advanced Lung Cancer as a Surrogate for Tumor Tissue and Revealed Additional Clinical Actionable Targets https://t.co/o8trCAUCiS #lungcancer #oncology https://t.co/BoCIwELkpi,"I'm not getting the vaccine, because I don't want to be microchipped.

In other news, I just got my complete DNA profile from a for profit company, that's already working with the government.",
"Good to see @ITV is showing the drama "Code of a Killer" again tonight. If you're a crime drama or true crime fan, it tells the story of the scientist who discovered DNA fingerprinting &amp; the detective who pioneered its use. Worth a watch. John Simm heads the cast #Codeofakiller",@glevonian Are you now or have you ever been a member of the communist party? Please answer the question in the form of a fingerprint and DNA sample.,,,"#GS1Standards are like the DNA of a product moving through the #supplychain. Through unique identification, it’s possible to link products with relevant information. Check out standards in use in retail. https://t.co/S229imd5Sy #WorldStandardsDay #openstandards",Genetic Profiling of Cell-Free DNA From Pleural Effusion in Advanced Lung Cancer as a Surrogate for Tumor Tissue and Revealed Additional Clinical Actionable Targets https://t.co/eudBmZlubP https://t.co/mlB3W1eFaG,"@AFC_DNA @AlexFraile94 @now_arsenaI You have some really weird perspectives on Arsenal - suspicious of a club legend for this inconsistent manager who was nothing other than average for us in his playing days, who you have as your profile pic… just strange.",
On ITV tonight. The story of Sir Alec Jeffreys’ discovery of DNA fingerprinting and the Colin Pitchfork murders…. Repeat of Code of a Killer (TV Mini Series 2015) - IMDb - https://t.co/wBkKB9m8sv,@SammiSosa216 I said the same thing! But I guess they’ve been able to clear him through DNA and fingerprint evidence and this guy has boatloads of shit connecting him. Crazy story!!,,,Now we have determined that VCP mediates the extraction of these factors. Proteomic analysis led to the identification of FAF1 as the cofactor that works with VCP during DNA replication and we show that VCP-FAF1 cooperates with USP7 in the control of DNA replication.,DNA methylation-based profiling reveals distinct clusters with survival heterogeneity in high-grade serous ovarian cancer https://t.co/z5j8yFWMrZ https://t.co/rdB7VPCIv7,"This run is also producing so many experts , I am about update my profile with “investor” https://t.co/uYn4e9wb7n",
Just learned that DNA fingerprinting was discovered on my birthday in 1984. I take that as a compliment.,@ActionSocietySA @IanCameron23 @CyrilRamaphosa @RediTlhabi @DNAforAfrica @Abramjee Resist this nonsense demand.  We must not allow them to keep our DNA on record like a fingerprint.  This is a slippery slope no matter how noble it looks.  Think people!!,,,"@DrPhil loved the wrongful conviction episode~your heart 4 truth on full display!Had bff serve 16 yrs for a rape &amp; stabbing he didn’t commit.police chemist testimony &amp; wrongful identification from victim were at fault~Thankfully,DNA was found after being reported lost,cleared him","Family DNA Profiling: The Gift That Keeps On Giving
This process requires the use of complex and sophisticated DNA testing and profiling, known as familial DNA profiling or family DNA profiling. 👉👉 Call us on 1800217217 https://t.co/osXV9wDCFT

#DNAProfiling #DNAFingerprinting https://t.co/j0WDg4oh0Q",If y'all want balloons then click on my profile!!,
@BBCWorld @BBCNews Sir Alec Jeffreys developed the techniques for genetic fingerprinting and DNA profiling which revolutionised forensic science worldwide. 
He is still overdue a Nobel prize to this day.,"Our Fingerprint Africa DNA tee-Link to
purchase is in our bio, with many more color options to
choose from!

A portion of proceeds from each purchase will be given
to support a community org/initiative each month. https://t.co/aErCmvqhOn",,,Identification of DNA Methylation Changes That Predict Onset of Post-traumatic Stress Disorder and Depression Following Physical Trauma https://t.co/hMoJcnEgiP https://t.co/eHDeUyBezY,DNA Profiling and Analysis Interpretation https://t.co/pknfl1Vf3H,🥴 I knew seeing my sisters Profile was close as I’m gonna get to knowing my DNA cuz aint no way in hell. I was excited by the trace amount Egyptian I forget what kinda Asian quite bit Spanish lil Portuguese /greek/Baltic the rest we already knew. I kno someone somewhere cloning. https://t.co/92gOJPNLYS,
Code of a Killer (2015–2015)
#IMDb 

It’s a repeat but definitely worth a watch; it’s a drama documentary about how DNA fingerprinting was developed and lead to the arrest of Colin Pitchfork. #DNA #CodeofaKiller ⁦@ITV⁩ tonight at 9pm.  https://t.co/AZs2TuMJqM,"Genome Wide MeDIP-Seq Profiling of Wild and Cultivated Olives Trees Suggests DNA Methylation Fingerprint on the Sensory Quality of Olive Oil, a recent paper at #IRMC
https://t.co/X20PQU7KDu",,,HAPPENING NOW: Hands-on activity at #STAStage6Conference with Jessica O'Hare.

Participants are asked to do a species identification based on their DNA. 🤯🤯🤯 https://t.co/BuwiL6Rbef,Such a clever adaptation of CUT&amp;TAG to profile several DNA binding proteins simultaneously with adaptation to single cell profiling from Thomas Fazio and Sneha Gopalan. Happy that my group was able to help a bit. https://t.co/bW1SFzWCKf,Such a clever adaptation of CUT&amp;TAG to profile several DNA binding proteins simultaneously with adaptation to single cell profiling from Thomas Fazio and Sneha Gopalan. Happy that my group was able to help a bit. https://t.co/bW1SFzWCKf,
Based on: Sir Alec Jeffreys' discovery of DNA fingerprinting https://t.co/aifFgBBtJE,"In about a hundred individuals, each different antibodies, as unique as someone's DNA, or perhaps even more so  https://t.co/SbQFCWlCSH https://t.co/mAaGX4w8N8",,,Identification of Oligo-DNA that promotes skeletal muscle differentiation https://t.co/ruehJgeWT8,"Coming up on this week's show! Election predictions with @ErinKelly_AI, @RBC's She's the Boss is profiling @my_suppli, @annebrodie and entertainment,  Marya Zarif shares deets on her award winning series Dounia on @cbcgem and DNA and your health with Monika Schnarre https://t.co/kJHFfRguWW",Immune profile and responses of a novel Dengue DNA vaccine encoding EDIII-NS1 consensus design based on Indo-African sequences  https://t.co/2z53UFTqNy #medRxiv,
Don't miss @AnnaMadeley1 &amp; PAUL COPLEY in 'Code of a Killer'... The story of Sir Alec Jeffreys' discovery of DNA fingerprinting and its first use by DCS David Baker in catching a double murderer😱 
Part 1 on tonight at 9 on @ITV,"@Abramjee @GovernmentZA @RediTlhabi @DNAforAfrica @PresidencyZA @CyrilRamaphosa You are worried about DNA, but does the country even have a fingerprint database?
Previously arrested individuals are still committing crimes because they know @GovernmentZA  doesn't give a shit anyway. Only high profile cases get follow ups.",,,OMG have you ever tried to change the phone number you have saved for dual identification purposes on twitter?

Good Lord.  I just want to update my phone number.  I think I'm going to have to submit DNA.,"Are you interested in Criminal Profiling, Fingerprints and DNA? 

Well we offer Forensic Science and Profiling Course Level 3 for only £29!

Please click the link below for more information- 
https://t.co/59bgbPP0RT","@Telegraph when a killer, rapist, stabber, etc. leaves evidence, police don't look to gender identity to establish a profile... they look to DNA.

in everyday conversation this is overlooked, it's not discriminatory to talk about

in cold cases, DNA is tested to establish gender of person",
"Qatar Biobank, part of QF-RDI, has a full robotic approach for samples traceability together with a unique functional quality control check for DNA fingerprinting that played a vital role in designing, developing https://t.co/GmHcjeC7Do","@verycomfyghost @AgentGingie @ChristianTurle6 @j4nnabanana @PoorlyAgedStuff Yeah but you don't know how big that is. Even before the widespread internet there were fingerprint databases. Whole DNA databases. Face and well, ID systems You really think we aren't tracked our entire lives? 
I suggest you get used to it, It's not going to end anytime soon",,,"Weird thought, but do you think anyone in the pokemon world would develop pokeballs that register a pokemon and their trainer's dna for identification?

Like, you can't steal someone's pokemon by catching them because you need a ball registered for that particular mon?","@harryrag @jam_J_M @Francis60905029 @Maddiesvoice1 @Antlad30 @artsmarse @BourgeoisViews @marvinskyelo @Irissykes14 @MikeJakey1947 @PamGurney70 @poppypippa2 @ScamHunter487 @craig_c83 @Patriot_4_MAGA @Lostinthecity7 @chickienob @emily23800584 @MayklWalker @5haronl @Esjabe1 @D_Owanlen @MistyDa83907643 @MaverickLite @Andreamariapre2 @SidShite @AnnaEsse @MikeJakeman5 @JBLittlemore @lindale22381726 @forevershallon @PhilipTann1961 @D_Dobrovetsky @milesbetter73 @Shatnerella @Shirley60483124 @njbennett @ElizabethKeesey @LostCuriously @MMTRUTHORLIE @debgee9 @Neil81417504 @McCannCaseTweet @kathypriestley5 @bka @I_Love_Cats2014 @fiorifan @Babs108164110 @CarmenRose610 @Caesar2207 "What questions will we never be able to answer with LCN DNA profiling

What body fluid(s) does the DIVA originate from

These, along with all other results, will be formalised in a final report". 

Mark Perlin says that result will be definitely be in that final report.",My ancestry dna profile updated and I’m no longer from southern Sweden but “Sweden and Denmark” https://t.co/7Pzhdq4AK8,
Typing of Aeromonas isolates from children with diarrhoea and water samples by randomly amplified polymorphic DNA polymerase chain reaction and whole cell protein fingerprinting https://t.co/5mgBhj7zUS,@JonRussett @Ricky_K67 It dawned on me that the U.K. fingerprint migrants but what they don’t do is take DNA

Every arrested person gets DNA taken for cold case reviews etc

This lot don’t . We are importing thousands upon thousands and no one in government has thought to take DNA,,,".@DKAmbNL visited #ICMP HQ &amp; its DNA lab today. ICMP DG @KatBomberger presented ICMP’s programs &amp; the global effort to address the issue of #missingpersons in line with #ruleoflaw. Denmark is a longtime supporter of ICMP, particularly its Disaster Victim Identification Platform. https://t.co/yOEHYXXBL7",I strongly urge everyone to watch Code of a Killer on TV which started this week telling the story of the development and discovery of DNA profiling. It also emphasises that murderers such as Colin Pitchfork such never see the light of day again let alone be released after a,@TizzyEnt From the looks of his profile pic he’s not so far from some African DNA. Self hate is an ugly thing.,
@RoodGridance Over 16 years ago the US started fingerprinting and taking pictures of anyone entering the country. DNA is taken whenever someone is arrested in the UK since the same time.,Pyracy to technology &amp; human tracking. Fingerprint &amp; DNA unlawfully used or extraction of data- installing of Data- manipulation of forensics- to  &amp; for defamation &amp; destruction. 25 year to life. 
Prime Minister of 9 Central America &amp; #TheCoatofArms. @RoyalFamily @LibnOfCongress https://t.co/cJuSH1jHgN,,,"@jennfahnh @Pennypug3 @sammy_0907 @JksKathryn @BrianEntin Remains = body. Remains doesn't exclusively mean bare bones.

I don't think DNA identification is uncommon on a body.  

Also remember a body that she was missing for a long time, some decomposition will have taken place that might not make her very recognisable.","@BBlues50 Dna profiling can be programmed into kill command, survey, etc
certain blood types, race, gender, pregnant people, etc animals😨 if your 2 sweaty😆
 The drones now already hunt cell phone signals, wifi signals, and kamikaze towards them","I know people say don't get high off your own supply...

But I gotta have a profile on @Peerr_io too, I love teaching and learning, it's always been a part of my DNA!

Preparing now to give early access soon to those on the waitlist! 

#MedTwitter https://t.co/4uq2iudq6d",
"lf rush commissioner reflection essay 5 min video about DNA fingerprinting, deadline today 2pm (250-300 words) :&lt;&lt;","I have a better idea. Let’s put a phone tracker on all men, have all men give compulsory DNA and fingerprint samples and laugh at them overreacting when they say “but it’s an invasion of privacy”. Women are not the ones that need watched. https://t.co/lFK2u1PrMT",,,"The LaSalle County Coroner has identified the male body found earlier this month as 25-year-old Jelani Day of Bloomington, Illinois through forensic dental identification and DNA testing and comparison. He was reported missing back on August 25th. #JelaniDay https://t.co/sV2jUkg8KD","Nice to see that our efforts more than 10 years ago are still remembered.

We hoped that our campaigns more than 10 years ago in regards of DNA profiling would have had a better outcome by now. But inqaba biotec is still here, if there is need.

#DNAbacklog https://t.co/OdkpZbfW5V",@SriRudyBABA @love_a_man @MyNation_net @MensDayOutIndia @rashtrapatibhvn @narendramodi @RahulGandhi @RajThakre09 @ThakreUddhav @ArvindKejriwal @BJP4India @INCIndia @theShivsena @RSS4India @AITCofficial @HMOIndia @ndtv @News24 @aajtak @ABPNewsTV @dna @republic @mid_day @mumbaimirror @Ani_News @BBC @nytimesworld @Independent @SkyNews @smritiirani @sharmarekha @SwatiJaiHind @fayedsouza @poojabeditweets @BDUTT @Nidhi @sagarikaghose @AnjaliB_ @MinistryWCD @NCWIndia @SmritiIraniOffc @unwomenindia @SheThePeople @sonal_mansingh @DrKiranmayee1 @kapoors_s @SayftyCom #CrimeByBharatkiLaxmi - 1202

#FakeCases_498A_DV_125_307_354_376_377 
#HelpMeMyNation 
#GenderBiasedLaws
#BreakingNews

#HR: Yogesh Batra High Profile Murder Case: District Court sentenced 4 people including wife Priyanka aka #AblaNari to life imprisonment
https://t.co/R4mdkWla2o,
"Virtual workshop on DNA Fingerprinting with an opportunity to obtain hands on training with Genome Foundation, Hyderabad!

Bringing to you 3 days virtual workshop on DNA fingerprinting on Oct 25-27 from 10AM to 1 PM. 

Registration at : https://t.co/xkpFtCIf80 https://t.co/dxxU0c5Lib","@Texasiswhereil1 @Trump_Detester @WashSquareGirl Yeah…but that’s not the kind of “proof” you could use to prove that someone living today was born 150 years ago. I mean, no DNA or fingerprint data. If an old dude claimed to be 850 years old could you disprove it?",,,IDENTIFICATION solution for your most valuable assets. MICRODOTS give vehicles and other assets DNA to make it easier to identify and link them to their rightful owner.

Visit our website for more information.
https://t.co/TahXdcbyAl  
info@datadot.co.za 
0861 1000 10 https://t.co/G3ceX0bKcM,"Of all the shite that’s shown on TV, I didn’t see one advert promoting the re-showing of ‘Code of a Killer’ on @ITV last night. I mean, we’re only talking about the breakthrough in DNA profiling here… and why not show it over consecutive nights.
#CodeofaKiller #DNA","@shop4evermore Yes. His DNA would be expected and excused away, but if no other DNA profile is found...there’s your sign.",
,@dcag39 @WeCassandra @DMiddketon @AngelaRayner Doesn't your passport require you to have a fingerprint DNA sample...,,,"Join us tomorrow for our latest webinar! Recently, interest has grown the #molecular #biological targets for cannabis including #DNA for strain verification, sex identification and the isolation of DNA and #RNA for microbial contaminants. 

https://t.co/MxEDn3UUyn https://t.co/PjtBZQwnlf","Genome Wide MeDIP-Seq Profiling of Wild and Cultivated Olives Trees Suggests DNA Methylation Fingerprint on the Sensory Quality of Olive Oil, a recent paper at #IRMC
https://t.co/X20PQU7KDu",Check out CryptoDucksFamily - DNA of CryptoDucksFamily  by Ana Maria CryptoDucksFamily NFT! 
AUCTION ENDS IN 6 days
https://t.co/SvOu6ADVzA via @cryptocomnft #nfts #nft #nftcollector #NFTCommunity #NFTcollectibles #DropNFT,
,"There is no DNA or fingerprint evidence that directly ties Gooch to the crime or the scene, but prosecutors said the circumstantial evidence they have is enough to convict Gooch.  https://t.co/jfJi6fS0Qt",,,"@ChaserDavey @tiobraidarann @Bernade88965032 @NFoster66 (2)...and indeed, with the prevalence of mistaken identification and false testimony, inferential proof is oftentimes thought to be even more reliable than direct proof. There's compelling circumstantial evidence in this case.  Fact.  Not my narrative.",#FreeDownloads! Read #FREE “Biological Sources of DNA: The Target Materials for Forensic DNA Typing” https://t.co/lELKVC56Kg from our #OnlineFirst #Handbook of #DNA #Profiling https://t.co/Ie5kiO0K1U #LivingReference #FreeAccess  #ForensicsScience #MicrobialForensics https://t.co/yLkjn2CeVa,Bloody Hell. Latest Bond film - nanobots in a vax so that people with a specific DNA or ethnic profile will infect and kill each other if they come into close contact.  The Great Reset?,
,Teaching another 60 kids to run electrophoresis gels through @miniPCR forensics dna fingerprint. @IAFultonSchools https://t.co/trr5cus2AY,,,"MURPHY THE TERRORIST IS RUNNING THE COUNTRY AND HAS SPENT 40 YEARS OF IMMIGRATING SANTANIC WORSHIPPERS TO AUSTRALIA,,TO KILL OF NON CRIMINAL DNA FAMILIES,,AND STEAL THEIR IDENTIFICATION AND ESTATES,,SO IF YOUR A GOOD PERSON IN AUSTRALIA YOU GET TREATED AS A CRIMINAL",@BBCWorld @BBCNews Sir Alec Jeffreys developed the techniques for genetic fingerprinting and DNA profiling which revolutionised forensic science worldwide. 
He is still overdue a Nobel prize to this day.,@bob93265343 @5haronl @Maddiesvoice1 @Antlad30 @Francis60905029 @artsmarse @BourgeoisViews @marvinskyelo @Irissykes14 @MikeJakey1947 @PamGurney70 @poppypippa2 @ScamHunter487 @jam_J_M @craig_c83 @Patriot_4_MAGA @Lostinthecity7 @chickienob @emily23800584 @MayklWalker @Esjabe1 @D_Owanlen @MistyDa83907643 @MaverickLite @Andreamariapre2 @SidShite @AnnaEsse @MikeJakeman5 @JBLittlemore @lindale22381726 @forevershallon @PhilipTann1961 @D_Dobrovetsky @milesbetter73 @Shatnerella @Shirley60483124 @njbennett @ElizabethKeesey @LostCuriously @MMTRUTHORLIE @debgee9 @Neil81417504 @McCannCaseTweet @kathypriestley5 @bka @I_Love_Cats2014 @fiorifan @Babs108164110 @CarmenRose610 @Caesar2207 Madeleine’s full DNA profile wasn’t found in the McCanns’ hire car.,
,,,,Save Money and Protect Your Dog With This Highly Rated Dog DNA Breed Identification Kit https://t.co/cVzi3Oy7kT
#adaptiveleadership,#codeofakiller Extraordinary that DNA profiling was unknown in 1984. Wow.,Masks on in their profile picture 🚩🚩🚩🚩🚩🚩🚩🚩🚩🚩🚩🚩🚩🚩🚩🚩🚩🚩🚩🚩🚩🚩🚩🚩🚩🚩🚩🚩🚩🚩🚩🚩🚩🚩🚩🚩🚩🚩🚩🚩🚩,
,,,,"Get a 100% accurate Paternity Trio DNA Test for relationship identification at an affordable price. We use alleged parents' and child's DNA samples for Paternity Trio Test. 

Call: 7042446667, 9266615552

Visit:- https://t.co/Yix8lRcLjS

#PaternityTrio #paternitytriotest",We 💚love💚 these photos of some very impressive students learning gel electrophoresis and DNA profiling ... in first year! 🤯
Thank you for sharing the photos @GoreyEtss. We're looking forward to seeing what these scientists do next! 
#BiotechExperience @ABEProgOffice https://t.co/idow3wAkSd,"@robholley Sex is Biological. People who identify as homosexual are same-sex attracted. At the end of the day, no matter how you dress it up, a Transgender woman  will always have the biological DNA profile of a male. The same is true for Trans men.",
,,,,Forensics: The 2018 California Wildfires: Integration of Rapid DNA to Dramatically Accelerate Victim Identification – Gin – 2020 – Journal of Forensic Sciences https://t.co/DJjpQvuQth,[ASAP] Profiling DNA Damage Induced by the Irradiation of DNA with Gold Nanoparticles https://t.co/FoLdNTLGbj #chemicalphysics https://t.co/XsUV8EqiCd,@Justice4Gabs @Nerdy_Addict I think to match DNA profile found on GP body. And TY for your kind words.,
,,,,"If I’m not mistaken, when the coroner gets an unidentified body, the lower jar is removed for dental identification &amp; DNA purposes. I think you guys should learn about the post-mortem process before screaming “organ harvesting”.","@strandedatsea Leicester. Richard III. Lady Jane Grey. Roman Ruins. The birthplace of DNA profiling. Daniel Lambert. Gary Lineker, Kasabian, Englebert. Plus amazing food and drink","@FishFootLish @ashh_bashttv Generally, but depending on the kit the delays are usually procedural, not the test itself, for example, DNA takes usually 24-72 hours. So I’m sure the profile of the case sped it up a lot. And if I remember right, a lot of initial reports were just circumstantial.",
,,,,"The #LaSalleCountyCoroner's office would not let his mother view his body for a month. She noted a 'lack of urgency’ to find her son, a graduate student, by police. And why did they need to send his tibia out for DNA identification? That's not normal.",Term: Low HR: DNA methylation profiling identifies two distinct subgroups in breast cancers with low hormone... - https://t.co/ovioizL0F4 #ScholarAlerts,@Allllright I know they apparently got a DNA profile of him now.  I personally don’t know much aside from an episode of Unsolved Mysteries.  I just love the story about it ☺️,
,,,,"@9NewsAUS At this point all the citizens of the earth will wearing a microchip as a device for currency,identification card,dna,check vitals as bp,O2,glucose in blood,etc not later than 2026.",Wonder how many unsolved crimes would be solved with DNA profiling if the Gov used all the Covid Testing Samples and matched DNA’s….,"@MsGCele @spijorito According to my high school biology, they can’t have the same dna unless they came from the same egg. The moms are identical twins so their genetic profile is that of biological siblings, not cousins. It’s impossible for them to have identical DNA even though they look similar",
,,,,State law enforcement officials told The Pantagraph on Sunday that DNA backlogs did not slow down confirmation of the body found in the Illinois River last month as Jelani Day. https://t.co/ZcEiTXrhRG,"#BiologyWeek comes to a close today... have you visited our extensive #biology collection?

From interviews with forensic scientists, to courses on DNA profiling, to breeding the rarest fish in our game, there's so much FREE #learning to explore.

https://t.co/d6zEXXNnpG https://t.co/ivW1a0b5SQ",@jessicaalvesuk @MailOnline Just show a DNA profile.,
,,,,"#ICMP Head of the #DNA laboratory, Mayra Alexandra Mayr-Eduardoff took part in #Mexico’s #VCongresoCienciasForenses @LCF_UNAM to talk about important contribution of #DNA in identification of #missingpersons. @RedForenses (1/2) https://t.co/TJadYth02W","“profiling evil” YT discussed absence of DNA being just as incriminating, so if Gabby’s van was scrubbed clean by #BrianLaundrie &amp; #LaundrieParents to the point of neither BL or GP’s DNA being present despite them living in van then this can #implicatethelaundries #guiltyasHELL","#HEYJB #HEYWALT 

Did any reporter ask if a rape kit was performed?  

If a third DNA profile is found, that is consistent with rape/murder.",
,,,,@DonaldMcBee @drewalanscott Non Bi pedal. Not humanoid. Humans are apes. Even the identification ‘humanoid’ is xenophobic as humans share 99% of their dna with Chimpanzees. They shouldn’t even get their own designation. 😜 (I didn’t say this just paraphrasing),DNA methylation profiling identifies prognostic #chordoma subtypes. Liquid biopsy methylation profiling may help to non-invasively diagnose and subtype chordomas.

https://t.co/uEAaAgRA7Y

#btsm @gelarehzadeh,@dna Why low profile to take sympathy... She was shooting romantic song after 10 or 15 days in September... Making funny reels... And her PR team was telling that she is not eating and sleeping @ishehnaaz_gill,
,,,,"@LeMoustier @Qafzeh It’s nice to see everyone had visual identifiers, could this have for identification in slaving mating or all aspects of life? After all there was little else to go on other than dna. And even that travels. No?",So watching the new Bond movie. They literally are throwing their depopulation agenda on our face using DNA profiling through Nanobots 🤦

Targeted killing is the plot of the movie. Wow.,"@AriseChevelle @M0NICA_GROVE @MiStakesWilBmad @NatillyWelshie @Br0naghx0x @GaoledDaisy @scrlovelife @JulietteAsselin @InsomniacDI @Tate_TheCat @TechOutonYT @RealZiggyFlo @LaVieTM @Colin85133853 @LauraAliaga2 @pittflip0 @CharmingTom3 @jefrosty @DeDe007777 @icono_clastic @DizWARE @Luv_Rhyen @MasonBluHundred @truecrimetime20 @godesselecktr @Natasja_NL @DarrylFitzgera6 @MaDaMBu06332773 @EtMattson @SSproul @TCMoulton @BrujaTerven @gardenlilac2 @BubleLaRocca @XrpLady @EarthAngelGreen @Miz_Kellie @Timmytwoface @TrishaMD73 @marylu_sanchez7 @AlexPierson0 @Moosh0611 @RoyalzX_ @1plus1equals22 @GrownRoom @CultureFixer @RobDadamo @pholkphan @_Lesleiigh @NorthPortPolice If it’s his DNA that doesn’t really help the case.  If there is a 3rd dna profile on her neck, that indicates someone else was involved.

Also, did any reporter bother to ask if a rape kit was performed?",
,,,,It'll actually be used to brand wagies with DNA identification of their corporate owner in case they try to escape the plantation,@ShanqiueB Alan Turing. Colossus computer. Microprogramming. The de Havilland Comet. Francis Crick (and Watson). The atomic clock. Carbon fibre. Peter Higgs. Touchscreens. IVF. DNA profiling. The World Wide Web. Iris recognition. SMS. Graphene...,This dude got a dna test as his profile pic !!?????,
,,,,Doesn't the hesitancy to  identifing Australian aboriginal orthanticity thought DNA leave the aboriginal race venerable to fraudulent Aboriginal identification claims.,@billmckibben By then we'll have terminator robots to cull the progeny of those responsible based on instant DNA profiling done by tiny flying drones.,"@glowballist @shartcritic @EMosburg @ebruenig Well, that varies a lot from place to place. Sardinian DNA has changed little since Neolithic times, for example. And if we're talking about other parts of the world, Japan only acquired its current genetic profile well after the beginning of CE.",
,,,,@FahertyWSOC9 The public won't know if this body is Brian Laundrie or not for a while yet.

Next of kin have to be notified of the possibility and an identification has to take place.

Depending on the circumstances DNA &amp; dental records may be required for complete ID.

#BrianLaundrie,,The solution to improve the effectiveness and efficiency of #DNA in @GovernmentZA is through the use of modern technology like #RapidDNA

Sample in ➡️ DNA Profile out 🧬 in 90 minutes⏳

⚖️ Justice in days not years!

@RediTlhabi @DNAforAfrica @ActionSocietySA @MandyWiener https://t.co/yVzvdey1PL,
,,,,"@NBCSGiants @TomCruise if @TomCruise went up to a hottie and said “hi i’m tom cruise” the girl would immediately ask for a DNA sample , 2 forms of identification and confirmation from her 50 yo mother that he was who he says he is . maybe he’s filming vanillasky2 https://t.co/TnYSF44Xnm",,"@BluRevolution8 @mtgreenee I would like a full DNA profile before stating “woman.”
Throw-back, maybe. Woman? Nah.",
,,,,"@Vinsmoke_Lopez I get what you mean and I do know my biology. But if I start going into the finer details of everything, no one would understand. I have to use terms that are easily understandable to establish the existence of biometric identification through DNA matching. That's it",,2/3  Weirder: they can tell if you are twin even if the other twin didn't make it. 

"We train an epigenetic predictor to .. predict with reasonable accuracy if an individual is an twin based on a blood or buccal DNA methylation profile.",
,,,,@anti_hasbara @FiliSapien @AliAbunimah Arabs are the settler colonialists as history (not your fantasies) testifies. There’s no specific DNA identification for ‘Palestinians’ because there’s no such ethnic group which is consistent with the historical record. https://t.co/XWbjtzAyAU,,@Interloper_X @TPostMillennial Side profile white boy thinks his 23 and me .08% black DNA makes him a brother.,
,,,,See also

    Clearance rate
    FBI Victims Identification Project
    Forensic engineering
    Forensic photography
    Forensic science
    Genealogical DNA test,,"@eiamw @anne12262550 @simsy1977 There's serious info on Twitter regarding 💉d getting CV- some inundated with spike protein copies OF the vaccine, &amp; ⚰. Would guess that powers are acquiring people's DNA on the end of those swabs so as to profile you. Once👮🏼‍♂️have yr DNA on file you have a battle to delete it.",
,,,,@RIPGabbyPetito an autopsy is not done to identify a body. it's to determine cause + manor of death. Identification is done via fingerprints at the morgue if no ID or if decomposed dental records or DNA.,,@wurzel260654 @flyingdancer @zapotat_hoe @LasagnaLila @TheKhazarian @SamFan71049180 @HenMazzig @AlJazeera_World @amnesty Blooming Greeks. 
Everywhere! Only the Vikings and Romans came close. The days of “Empire”. 
Even Russia. The Russ Vikings. 

Makes me wonder if any of us are (entirely) who we think we are. My DNA profile resembles an endemic pandemic.,
,,,,"Today's guest bloggers share the story of Lydell Grant, who was proven innocent based on a review of the DNA evidence collected from the victim's fingernails.

https://t.co/vIiwVubltT",,"Hi @embarkvet. My name is Cleo &amp; I’m a 20lb rescue (top pic). I did your DNA test, but after hearing stories of wildly inaccurate results, my human thought it would be a good test to use a fake profile pic. So…are these results possible &amp; am I 25% #pitbull?? My vet says no way! https://t.co/rcULMimisS",
,,,,"DNA identification was never going to be done after PIA Aircrash!
Entire God damn Govt knew it &amp; is covering it up
@ImranKhanPTI explain the meaning of this.
@OfficialDGISPR @DGPR_PAF 
WTF?!
MEDIA BEEN QUIET ALL ALONG!
HAD I NOT STARTED THE DNA process, we wud never have known 🤬 https://t.co/pRzvlbOzsM https://t.co/AVjSUgcKZv",,"Governor Ralph Northam announced last month that the Department of Forensic Science reached its 15,000th DNA Data Bank “hit.” This is a significant milestone in the history of the Data Bank, which was created in Virginia in 1989.

📖: https://t.co/D1N6LNBJye https://t.co/CxLkO8hxZs",
,,,,"@phillip05537346 @shi_huang5 No, I don't doubt Naledi as a candidate for the 19% archaic Hominid DNA admixture as identified by Durvasula and Sankararaman.  Not at all.  But I question the identification of Naledi as genus Homo.  Very possible Naledi is simply the last surviving Australopithecine.",,"Even though #ShehnaazGill has resumed work to promote her upcoming film '#HonslaRakh', she is still keeping a low profile.

https://t.co/gnWSDGAt8K",
,,,,"“ In the days before DNA testing, nothing could rival a fresh cadaver for an accurate identification....”
https://t.co/SEtq87v4nG #ForensicScience #PostMortemID #HistoryofForensics",,@Yakuza28287558 @SenWarren Sure 3 followers with 8 digits  after your profile name.  

She might have had some Confederates in her family given that DNA test. But politically she is certainly farther away from them now than her indigenous ancestry.,
,,,,"@AlondraNelson46 @cherkies who stores data profiles on us and what guarantees ithe db won't get hacked?  Who do we hold accountable if biometric data is compromised?  What alternative for those who refuse to submit their faces, fingerprints, eyes, voice, and DNA data for collection and identification?",,IT raids on Hotel Fairmont Jaipur. This Hotel is known for high profile destination weeding.  It's closely related to Deputy CM of Maharashtra @AjitPawarSpeaks.,
,,,,,,"Please @FBI do a profile on men who dm "hello dear," bc I promise you they have DNA that matches what you're looking for https://t.co/kCXjqsHKwK",
,,,,,,@JBFalke sure thing. really dont expect anything too precise; see those companies updating their datasets &amp; therefore ppls 'changing' all the time. still an interesting enough bet after giving up any illusion my dna wont or hasnt already been turned to data/shadow profile lol.,
,,,,,,"@WIRED They should just have an Iris/ Retina/ DNA profile of everyone, and then you don't NEED to carry ID with you.",
,,,,,,@NFoster66 Lie detectors are bullshit pseudoscience. If Bailey passed or failed it would demonstrate nothing. What we do have is a DNA profile found on Sophie's boot. Why is no-one calling for this to be checked? Shouldn't this be "top priority"? https://t.co/26ahDq4ben,
,,,,,,@BerryOkumura @G4TV Us Phantom Thieves know how to style and profile! It's in our DNA! 😄,
,,,,,,"@bourbonstreetg1 @justice4julius You’re misinterpreting the actual statistic. The forensics experts said that the likelihood of there being another black person that could match his DNA profile as well as the profile on the murder weapon is 1 in 100,000,000",
,,,,,,"@Abramjee @GovernmentZA @RediTlhabi @DNAforAfrica @PresidencyZA @CyrilRamaphosa You are worried about DNA, but does the country even have a fingerprint database?
Previously arrested individuals are still committing crimes because they know @GovernmentZA  doesn't give a shit anyway. Only high profile cases get follow ups.",
,,,,,,@UK_Centrist The dna profile of Covid19 

https://t.co/OBW6uIuagx,
,,,,,,"@BlackWorldLife @TheDailyShow @michaelkosta Science, my dear fellow. Science.

The Mongul DNA profile (Eurasian and Asian DNA strand) is shared across all "Native" American people. 

Mostly Siberian, so very closely related to white folk too.

The true 1st Nations, Native tribes were wiped out, less than 1% DNA remains.",
,,,,,,"On this cultural appropriation thing. If I go into a cafe, to order a Full English Breakfast; will I have to provide a positive genetic DNA test to prove an English ethnic profile, to be allowed to eat it, without being accused of "English Fishing"",
,,,,,,"@tiobraidarann @Bernade88965032 @ChaserDavey @NFoster66 Cailín, wouldn't be surprised if a new suspect was to surface with the fllwng profile: deceased male, foreign national (Italian/Spanish/Dutch), reputed to have a violent temper, acquainted and/or obsessed with Sophie, confessed to the crime bf his death🤦🏻‍♂️🤦🏻‍♀️",
,,,,,,I have that rare Western German / Frisian blood. Not many people are left in the world with that. They would never match the DNA profile. https://t.co/33GjEfSSlF,