dna fingerprinting,dna fingerprint,genetic fingerprinting,genetic fingerprint,dna identification,dna profiling,dna profile,dna typing
"Virtual workshop on DNA Fingerprinting with an opportunity to obtain hands on training with Genome Foundation, Hyderabad!

Bringing to you 3 days virtual workshop on DNA fingerprinting on Oct 25-27 from 10AM to 1 PM. 

Registration at : https://t.co/xkpFtCIf80 https://t.co/dxxU0c5Lib","I have a better idea. Let’s put a phone tracker on all men, have all men give compulsory DNA and fingerprint samples and laugh at them overreacting when they say “but it’s an invasion of privacy”. Women are not the ones that need watched. https://t.co/lFK2u1PrMT",,"@quay_dr @WSJopinion Hiltzik wrote:

"they tried to validate the lab-leak theory by examining the virus’ genetic fingerprint. They pointed to genetic sequences that they suggested were highly unlikely to be found naturally. As it happens, those sequences do occur naturally." https://t.co/Ozp0tRaG3Y","Today's guest bloggers share the story of Lydell Grant, who was proven innocent based on a review of the DNA evidence collected from the victim's fingernails.

https://t.co/vIiwVubltT",DNA methylation profiling identifies prognostic #chordoma subtypes. Liquid biopsy methylation profiling may help to non-invasively diagnose and subtype chordomas.

https://t.co/uEAaAgRA7Y

#btsm @gelarehzadeh,"@philsageek @Kbela50 @myMiddleofme From a guy who goes on about family DNA in your profile - seriously, you should be ashamed at the way you treated us here.",
,"@Texasiswhereil1 @Trump_Detester @WashSquareGirl Yeah…but that’s not the kind of “proof” you could use to prove that someone living today was born 150 years ago. I mean, no DNA or fingerprint data. If an old dude claimed to be 850 years old could you disprove it?",,,"DNA identification was never going to be done after PIA Aircrash!
Entire God damn Govt knew it &amp; is covering it up
@ImranKhanPTI explain the meaning of this.
@OfficialDGISPR @DGPR_PAF 
WTF?!
MEDIA BEEN QUIET ALL ALONG!
HAD I NOT STARTED THE DNA process, we wud never have known 🤬 https://t.co/pRzvlbOzsM https://t.co/AVjSUgcKZv",So watching the new Bond movie. They literally are throwing their depopulation agenda on our face using DNA profiling through Nanobots 🤦

Targeted killing is the plot of the movie. Wow.,@SriRudyBABA @love_a_man @MyNation_net @MensDayOutIndia @rashtrapatibhvn @narendramodi @RahulGandhi @RajThakre09 @ThakreUddhav @ArvindKejriwal @BJP4India @INCIndia @theShivsena @RSS4India @AITCofficial @HMOIndia @ndtv @News24 @aajtak @ABPNewsTV @dna @republic @mid_day @mumbaimirror @Ani_News @BBC @nytimesworld @Independent @SkyNews @smritiirani @sharmarekha @SwatiJaiHind @fayedsouza @poojabeditweets @BDUTT @Nidhi @sagarikaghose @AnjaliB_ @MinistryWCD @NCWIndia @SmritiIraniOffc @unwomenindia @SheThePeople @sonal_mansingh @DrKiranmayee1 @kapoors_s @SayftyCom #CrimeByBharatkiLaxmi - 1202

#FakeCases_498A_DV_125_307_354_376_377 
#HelpMeMyNation 
#GenderBiasedLaws
#BreakingNews

#HR: Yogesh Batra High Profile Murder Case: District Court sentenced 4 people including wife Priyanka aka #AblaNari to life imprisonment
https://t.co/R4mdkWla2o,
,@dcag39 @WeCassandra @DMiddketon @AngelaRayner Doesn't your passport require you to have a fingerprint DNA sample...,,,"@phillip05537346 @shi_huang5 No, I don't doubt Naledi as a candidate for the 19% archaic Hominid DNA admixture as identified by Durvasula and Sankararaman.  Not at all.  But I question the identification of Naledi as genus Homo.  Very possible Naledi is simply the last surviving Australopithecine.",@ShanqiueB Alan Turing. Colossus computer. Microprogramming. The de Havilland Comet. Francis Crick (and Watson). The atomic clock. Carbon fibre. Peter Higgs. Touchscreens. IVF. DNA profiling. The World Wide Web. Iris recognition. SMS. Graphene...,"Selling all UR &amp; company info to Facebook, google, etc, like all needs to stop or demand that companies like this stop profiting off personal info.  Even your DNA info is being sold if you use 21 and me Etc.  Ancestry 4 your heritage line WOW, what a profile they could have on U https://t.co/qohHjGe7Vn https://t.co/32TB5PFG1R",
,"There is no DNA or fingerprint evidence that directly ties Gooch to the crime or the scene, but prosecutors said the circumstantial evidence they have is enough to convict Gooch.  https://t.co/jfJi6fS0Qt",,,"“ In the days before DNA testing, nothing could rival a fresh cadaver for an accurate identification....”
https://t.co/SEtq87v4nG #ForensicScience #PostMortemID #HistoryofForensics",@billmckibben By then we'll have terminator robots to cull the progeny of those responsible based on instant DNA profiling done by tiny flying drones.,"@Ducky68257909 Is this a normalised immune profile or something? Can't be universal, since, apparently, inflammatory response will be different according to ethnicity?",
,Teaching another 60 kids to run electrophoresis gels through @miniPCR forensics dna fingerprint. @IAFultonSchools https://t.co/trr5cus2AY,,,"@AlondraNelson46 @cherkies who stores data profiles on us and what guarantees ithe db won't get hacked?  Who do we hold accountable if biometric data is compromised?  What alternative for those who refuse to submit their faces, fingerprints, eyes, voice, and DNA data for collection and identification?",,"And ultimately prioritized adenine base editing because we found it be more potent and more precise, with a better safety profile

Specifically, 

base editing 
= no DNA double-stranded breaks 
= decreased risk of chromosomal translocations https://t.co/QKMi673BxT",
,,,,,,@Ed33714828 @BreezerGalway @RWMaloneMD @ukreal1 @SwaledaleMutton Ahhh well my profile says I'm the inventor of DNA and that's twice what RNA is so in yo face. https://t.co/8fHdIrG4pq,
,,,,,,Grandmaternal #smoking during #pregnancy effects #DNA #methylation profile of grandchildren – researchers from @uofmemphis and @unisouthampton  utlize data from the Isle of Wight study to uncover this #intergenerational #epigenetic effect
📚https://t.co/QLpWHNZcBP
#epigenomics https://t.co/fMqw85ImjS,
,,,,,,@jam_J_M @BourgeoisViews @Maddiesvoice1 @craig_c83 @Patriot_4_MAGA @Lostinthecity7 @chickienob @emily23800584 @MayklWalker @harryrag @bob93265343 @5haronl @Esjabe1 @D_Owanlen @ScamHunter487 @MistyDa83907643 @MaverickLite @marvinskyelo @Andreamariapre2 @SidShite @Francis60905029 @Antlad30 @AnnaEsse @MikeJakeman5 @JBLittlemore @lindale22381726 @forevershallon @PhilipTann1961 @D_Dobrovetsky @milesbetter73 @Shatnerella @Shirley60483124 @njbennett @ElizabethKeesey @LostCuriously @MMTRUTHORLIE @debgee9 @Neil81417504 @McCannCaseTweet @kathypriestley5 @artsmarse @bka @I_Love_Cats2014 @fiorifan @Babs108164110 @CarmenRose610 @Caesar2207 @Tassie666 @cybgen @PJudiciaria That is just you and your uber suspicious mind.  The PJ wanted the world to believe Kate &amp; Gerry #McCann were guilty and that is why they leaked lies but it backfired.  If Madeleine's complete DNA profile had been found....so what?,
,,,,,,"The Zodiac case takes another: there is no confirmed DNA from any of the Zodiac killings. Police managed to create a partial profile by testing saliva traces from a stamp on a letter sent by the Zodiac, but that can only rule suspects out. https://t.co/kTxFbsiC2A",
,,,,,,Anyone else want to see an online debate between @neiltyson  and @voiceatilityguy (Dr Mindbender) on the ethics of using high profile DNA to make super soldiers/leaders?,
,,,,,,"@BzhClair I discovered 2 years ago, that a grandmother of my mother (on her father’s side) was from a typical ‘low profile’ hidden jew family, doing home textile work.

Serious DNA test confirmed that I have significant genes from Middle East, within a sea of Celtic or Germanic ancestors.",
,,,,,,"@Barbara_Gare_ Make a new profile as their biggest fan (with a pic of their profile) and only follow them. Only post questions asking for "DNA removal tips" and yell at Ted Cruz articles. The last bit sounds random, but everyone hates Cruz so its fine.",
,,,,,,"@QuinnPBrown It's also not YOUR right to REDEFINE the word, Lesbian just to fit your own  narrative. Reality ✅: As a Transgender woman, at the end of each and every day, you still have THE BIOLOGICAL DNA PROFILE OF A MALE. Otherwise..Why call yourself "transgender" at all? Attention seeking?",
,,,,,,@MDemenchuk @nicenewsskirt @lilyandrewsmom @RWMaloneMD The johnson and johnson is a DNA vaccine. It is still the injection of nucleotides and it still has no long term safety studies. The technology still injects my cells with nucleotides for protein replication and it still has no long term safety profile.,
,,,,,,"@MDemenchuk @nicenewsskirt @lilyandrewsmom @RWMaloneMD Furthermore I want to be extremely clear.

I have no issue with vaccines.

I have an issue with mRNA and DNA vaccines, specifically because they have no long term safety profile.

There are dozens of COVID19 vaccines from around the world that do not rely on questionable tech",
,,,,,,"Although I have virtually no knowledge of my origins or the people I came from, I always rejected every suggestion to use an ancestry service out of paranoia that my DNA profile would be harvested for data mining, especially by China.  Guess I was right.

https://t.co/zKbimpGq9r",
,,,,,,"$CYBL you remember those tweets about #TestBeds … how about Multi Domain using #NVG  which is connected to the thread pinned on my profile about #FlightEyeDNA, #LiDar, #StrategicIP.

It’s ALL relevant.

@CyberluxC CORE DNA is a #Military #DoD #InfrastructureTechnology company.💎 https://t.co/b9rSltuTYa",