dna fingerprinting,dna fingerprint,genetic fingerprinting,genetic fingerprint,dna identification,dna profiling,dna profile,dna typing
Anandia's rapid cannabis DNA Fingerprinting is highlighted at StratCann this week! 
https://t.co/1KjlvNMaI8,"Escribo para el orto, as usual.

That's my DNA fingerprint.",Anandia's rapid cannabis DNA Fingerprinting is highlighted at StratCann this week! 
https://t.co/1KjlvNMaI8,"After watching CSI, did you ever ask yourself how they identify a person by DNA? Or what they are talking about on television when they talk about the “genetic fingerprint”? We wrote up some information about the genetic fingerprint and the scientific basis for it. The blog wants https://t.co/PTHjyvqAmu",Priti Patel wants to X-ray migrants suspected of lying about their age. She wants to use “scientifically verifiable” measurements of bones or take DNA samples to check their age. This news has truly shocked me. We know where such vile identification of ‘others’ by the Nazis led.,@clarencehilljr Cause you can’t both compare your symptoms from the virus being vaccinated and unvaccinated… demographic data is statistical analysis (which is racist -profiling-) and doesn’t/can’t account for DNA susceptibility,"🐕 TERRY went #missing at Matara wedding venue #Kingscote #Tetbury #GL8 26/9
SUBSTANTIAL REWARD FOR SAFE &amp; FAST RETURN
He has VERY IDENTIFYING MARKINGS,
🔴LONG LEGS
🔴DISTINCTIVE KINK IN TAIL
🔴WHITE CHIN
🔴WHITE SPOT TO CHEST
🔴DNA PROFILE HELD FOR TERRY 
https://t.co/p87s5mps4t https://t.co/9CFhgbQ6uU",@urkagurka @CanadaCrypt0 @DrTomFrieden Every single human has a different set of DNA typing
"If you are interested in learning more in-depth about DNA fingerprinting, join us in our 3-day workshop to learn #genetics basics, the principles of DNA fingerprinting, and its applications and case studies.

Register Here: https://t.co/xkpFtCIf80

#Medicolegal #DNASequencing","After watching CSI, did you ever ask yourself how they identify a person by DNA? Or what they are talking about on television when they talk about the “genetic fingerprint”? We wrote up some information about the genetic fingerprint and the scientific basis for it. The blog wants https://t.co/PTHjyvqAmu",yes right you can see how that can be abused genetic blood dna fingerprinting https://t.co/CEHyLEBbLQ,Ever wanted to know what a genetic fingerprint is? Here is your answer 🙃 https://t.co/WRV7fsVHfI,Every year I contact local police through a Japanese consulate in New York City and acquaintances.
About 10 years ago police said that they would use weapons for DNA identification.
But then I heard that the police lost the weapon.
My Brother name is Atushi Funaki.,sciCNV: high-throughput paired profiling of transcriptomes and DNA copy number variations at single-cell resolution https://t.co/JsgEmqxFcp #bioinformatics,Somebody needs to check Stetson Bennett IV’s ancestry dna profile. I have a feeling Stetson Bennett I had a questionable profession.,"@jamesenglish0 A mixture James, it’s in dna its down to boredom it’s down to drugs it’s down so many things and I’m just glad it’s spoken about more in a public capacity instead of a feeling of shame. Trust me I’ve tried to “snap out of it”....it’s a “snap” that’s the reason I’m typing this..."
"@FeministRoar @Frances_Coppola @lnmackenzie1 Standard practice on processing after arrest (in my experience) is fingerprinting, photos &amp; cheek swabs. The cheek swabs are processed for DNA which is then entered into the the national DNA database to check for links to previous crimes.

Guess what DNA can tell us?",@stevelawsreport But do they fingerprint them and take their DNA when the are escorted in by their boats and the RNLI. They apparently have no papers so how do they keep track of them?,"@CaitlinAllenPhD @PPHFutureLeader @lspees221 @LaurenPassero @mclarkeroberts @UNCPharmacy @UNCpublichealth Use: "Have you ever had any of the following type(s) of genetic tests?" HINTS options include: (i) paternity testing, (ii) ancestry testing, (iii) DNA fingerprinting, (iv) cystic fibrosis carrier testing, (v) BRCA1/2 testing, (vi) Lynch syndrome testing, and (vii) other",to help you understand what we are analysing in the lab and build a foundation for future blogs talking about the usage of the genetic fingerprint. It also provides information on PCR and STR and other weird abbreviations 🤣

#fgih #forensic #genomic #innovation #hub #startup,"@SaraWolfeBAH @NickBuckleyMBE Well for a start i would include in that a database of all Male DNA, DNA identification of all fathers of children born, criminalisation of misogyny, raising of the age of consent, classification of all under age sex as rape, an public information database of all male sex crime",@FraiseAdam @janemerrick23 I would not have expected better from a gov that has done exactly this multiple times. It will be a company linked to “ friends “ of the gov. With DNA profiling as well - the gov get the “ benefits “ it’s called Tory policy. #indynow,"In the official profile all the clones, K', Krizalid, and Nameless are his 'relatives' so basically Kyo could do a paternity DNA test and claim to be their father 😂😂

#Kyokusanagi #Nameless #Krizalid #K #Kyo1 #Kyo2 https://t.co/n6TFqinTo4",#FreeDownloads! Read #FREE “Biological Sources of DNA: The Target Materials for Forensic DNA Typing” https://t.co/lELKVC56Kg from our #OnlineFirst #Handbook of #DNA #Profiling https://t.co/Ie5kiO0K1U #LivingReference #FreeAccess  #ForensicsScience #MicrobialForensics https://t.co/yLkjn2CeVa
yes right you can see how that can be abused genetic blood dna fingerprinting https://t.co/CEHyLEBbLQ,"@YouNetflix @PennBadgley Joe:LOVE 
@JohnStamos #DocNicky:u&amp;7billion other people on thisPlanet.If we understood love,I´d be out of a job.I have to say,It´s sort of uniqueTo everybody,like a fingerprint or..a strand of DNA orThe song u lost ur virginity to."HUNGRY LIKE THE WOLF"
@YouNetflix https://t.co/JFFwfXxnH5","@mikecarr000 @SarahSJNB @canada_his @Bret_Sears My understanding of Polymerase Chain Reaction (PCR) tests is they detect and amplify genetic material. We use PCR tests to detect not just COVID-19 and Chagas, but TB, HIV, whooping cough, and a host of other diseases. It's also used in forensics (see: genetic fingerprinting).","@PeachMint17 @ButterflyEm1110 @C64761187 You would probably need a combined electromagnetic and chemical or X-ray or EM system to find the missiles. This though is visual. Which makes me wonder, there are certain genetic code items that light up under specific wavelengths.  When scanned. Its like a fingerprint on organc",@anujdhar @chandrachurg #Netaji has to be separated from political interests. Bose’s mysterious disappearance &amp; non-revealing documents are real national issues. DNA test of the ashes kept at Renkoji Temple and identification of #GumnaamiBaba have to prioritised. Bose is the reason why British left.,@sc_wadsy @PaxPlebiscite @Aonghas1903 @Tricky9993 1973 Stephen Downing
1975 Stefan Kiszko
1983 DNA profiling

DNA profiling has revolutionized forensic science and is improving all the time. If you want to continue living in the 70's that's up to you.,"@ReverendLenell @TheMarcitect Back where this thread started. Enslavement &amp; exploitation of humanity. Depopulation. Eugenics. I have an article I wrote pinned to my profile which answers some questions. I have a patent I will post later. Re: DNA, knowledge you have about remnants may be relevant too. 😇🔩",Typing of Aeromonas isolates from children with diarrhoea and water samples by randomly amplified polymorphic DNA polymerase chain reaction and whole cell protein fingerprinting https://t.co/5mgBhj7zUS
"@CaitlinAllenPhD @PPHFutureLeader @lspees221 @LaurenPassero @mclarkeroberts @UNCPharmacy @UNCpublichealth Use: "Have you ever had any of the following type(s) of genetic tests?" HINTS options include: (i) paternity testing, (ii) ancestry testing, (iii) DNA fingerprinting, (iv) cystic fibrosis carrier testing, (v) BRCA1/2 testing, (vi) Lynch syndrome testing, and (vii) other",@anomlptr @goodreads but is murder still easy with DNA and fingerprint and all that? asking for a friend.,"Seems grimly ironic that Nick Hanscomb, a Bolton lad involved in development of DNA/genetic fingerprinting, was himself murdered (at 1991 Notting Hill Carnival) and his killer has never been caught. #RIP #CodeOfAKiller #ITV #JohnSimm #DavidThrelfall: https://t.co/AOFk0NbqHK","What if all that we'd ever read and all the music that we'd ever listened to, all the dances that we'd danced and all the art we'd experienced formed our unique emotional &amp; ethical genetic creative fingerprint? What would it look like? How would it sound and feel? #FreeThought ♥️",,@guardian There is nothing ethical about this at all. What next DNA profiling... They are not criminals.,his side profile is immaculate and he knows it. https://t.co/13GLQRYHSJ,@moniza_hossain It’s like a list… having to do with blood typing and to some extent DNA but the genetic component is less important now that they have good anti rejection drugs.
"@FischerKing64 @sneaknsneak Even a say, 30% lower crime than the 1980s is still worse for social trust. In 1980, we had worse medical tech (less homicide victims survive), less fingerprinting, less DNA testing, less rape kits, etc…criminals get caught faster, but make up a higher % of the population.","@markwbudde Our core mission is to use #blockchain to protect people’s #DNA datasets against misuse.  Once “tokenized” (96 SNP fingerprint) individuals can grant “tokenized” permissions to authorized parties only.  These tokens (#BioNFT), can be revoked by owner only. https://t.co/7TJKlbwWS2",@BBCWorld @BBCNews Sir Alec Jeffreys developed the techniques for genetic fingerprinting and DNA profiling which revolutionised forensic science worldwide. 
He is still overdue a Nobel prize to this day.,"US Inspectors, military from other countries use me as a genetic poison or not? They have money to rent the house so they can collect my DNA, fingerprint to produce scientific weapon or not? I doubt that white Muslim she use the head of all to set me up or African.",,Thinking about million+ possible outcomes under the interactions of host genetics (very complex) x gut microbiome (constantly changing) x environmental factors (extremely dynamic)... 🤔 that's why I am still hesitant to try out DNA and microbiome profiling (maybe one day I will!) https://t.co/JAvYnPnuzy,@majinatejeff The most basic anthropological fact is that there are different species of humans. Y’all with this “we’re all the same” shit never run to the police department to tell the the forensic scientist to NOT put out a racial profile of the killer based on the DNA left behind.,
"@The_Pinakee Ye kahi ka whats app forward utha lete hai or chaip dete hai ,let's assume his data is correct to iska sabse bada reason globally accepted logic Ke according to reservation he hua na ? Or ek mast baat Bhai 116 desh ne DNa fingerprinting se sabit kuya hai ki brahmins videshi hai",@K24Tv Was Dna or fingerprint done to confirm the person. It could be mistaken identity.,,"What’s going on! How is a genetic fingerprint more important than lives, jobs and the economy?? I personally do not want the Covid manipulating my DNA",,"Family DNA Profiling: The Gift That Keeps On Giving
This process requires the use of complex and sophisticated DNA testing and profiling, known as familial DNA profiling or family DNA profiling. 👉👉 Call us on 1800217217 https://t.co/osXV9wDCFT

#DNAProfiling #DNAFingerprinting https://t.co/j0WDg4oh0Q","@CountessBouvier @dna_flynn @ChaserDavey @karldudester20 @JHolzer2021 @OKKIMMY @Bernade88965032 @TheDuke212FU @CraigMcFadden13 @urlofcork @ColumboIrish @CrimeGuyUK @ColumboCork @developM2Ls @Limecrim @NFoster66 Bailey has always appropriated Irish culture and language, he has no sense of his own identity,if he had any public profile,he 'd be cancelled,he does'nt,trades on notoriety and journalists are interested cos he is train wreck,they laugh at the great pretender",
"@iArmyKaFan @NEWERA22698072 @Profdilipmandal @ashokgehlot51 Well he is vaigyanik ,aand vaigyanik completed his vigyaan degree from some what's app forward who doesn't even bothered to investigate what's exactly DNA FINGERPRINTING means ,you can very easily find these scientists under the pulia near flyover in narrow gali every Thursday .","Remember when Eddie Murphy's Axel Foley used superglue to find a fingerprint in Beverly Hills Cop II? That's an actual technique for preserving DNA evidence, as Lowndes Co. Sheriff's deputies learned this week. 

Watch Full Story: https://t.co/lkKE2tQMat https://t.co/8TlEYMiitu",,"@quay_dr @WSJopinion Hiltzik wrote:

"they tried to validate the lab-leak theory by examining the virus’ genetic fingerprint. They pointed to genetic sequences that they suggested were highly unlikely to be found naturally. As it happens, those sequences do occur naturally." https://t.co/Ozp0tRaG3Y",,Functional single cell proteomic profiling of cells with abnormal DNA damage response dynamics 

https://t.co/JJNoY3H1x4
 #biorxiv_bioE,"@Deoliver47 @NBCNews My Mami, like many, grew up being told she was white. Though her beautiful dark skin, black hair &amp; dark eyes were a contrast to many in her family. Her DNA profile a few years back changed so much and now we're researching our family's true roots. So much erasure and lies told...",
"@mattyglesias It's good to have more surveillance and higher closure rates. 'More police' is just one pathway to more secure communities. One that is as flawed as human discretion/judgment allow it to be. We could do CCTV, robot dogs, + compulsory fingerprinting &amp; DNA collection instead.","Lowndes Co. Sheriff’s Department gets CSI training on preserving fingerprints, other DNA evidence at crime scenes. https://t.co/ImZSXckQ9A",,"“ethnicity is a huge component in determining what you carry in your mouth…our food and oral hygiene habits determine what bacteria can survive and thrive in our mouths…Can your genetic makeup play a similar role? The answer seems to be yes, it can.” https://t.co/IfyOgL1ZQo",,"⬇️ Informative ⬇️  Caris’ cNAS molecular profiling assesses all 22,000 genes across DNA/RNA from blood, which are unique to an individual’s cancer, revealing a molecular blueprint in order to guide more precise and individualized treatment decisions #WTD @OncLive 🎯 See It All 🧬 https://t.co/IcztpWag21","37 YEAR OLD MAN FROM MILWAUKEE RAPES 15 YEAR OLD BOY AT GUNPOINT. 
THE MAN ALSO OWNED A GROUP HOME FOR BOYS. 

#Wisconsin #State #Crime #Lab. A lab test concluded that #semen on the boy's body and #underwear #matched Dantzler's DNA profile, according to the #criminal complaint.",
@amra_sks DNA fingerprinting 
Extremely interesting and you'd be able to do stuffs with it 

Respiratory if u wanna go for something easier,Still listen to just Dilla beats. He was that guy. His fingerprint. His DNA. Is all over Hip-Hop. Music in general. https://t.co/17DklpAtST,,,,Functional single cell proteomic profiling of cells with abnormal DNA damage response dynamics  https://t.co/pyl8jSxV4k #bioRxiv,New Research: Genome-Wide DNA Methylation Profile in Jejunum Reveals the Potential Genes Associated With Paratuberculosis in Dairy Cattle: Paratuberculosis in cattle causes substantial economic losses to the dairy industry. Exploring functional… https://t.co/CC80QeYH8O #Genetics,
@bangtanancheese @amra_sks Yea it is. I was so into Sherlock Holmes and stuff those days so I even gave a bit of examples where police used dna fingerprinting to find the culprit. I even wrote a whole case for it 😭💀,"Every year, 800,000 children in America go missing. 

That's 1 child every 40 seconds. 

That's why I authored SB 2158, which helps locate missing children by promoting and providing voluntary, in-home fingerprint &amp; DNA identification kits to parents of children in K-6th grade. https://t.co/fPNENJBGiE",,,,@edwardpoole1975 @ScotRThomson I'm aware

Excluding pre-existing conditions
DNA profiling combined with lifestyle will supply masses of data to actuaries to price you and I in... or out - price ration

Then there's co-pay
&amp; Repoman if we misstate some detail 

We are talking control vs freedom

Best not lose https://t.co/rzfDAMqfFy,"@DNA_EFC I know, the profile pic is kinda tasteless - can't change how some people think unfortunately",
@amra_sks DNA fingerprinting. I've done a thesis on that before. Its soo interesting yk-,Coming back after giving an invited talk about our work on fingerprint aging at https://t.co/8hdNPwzM0V. So impressed by a talk of a mom who lost her daughter by a rapist killer and devoted her life to change the law for DNA test of detainees against CODIS https://t.co/A9Y6a3p0xw,,,,"@edwardpoole1975 With AI, DNA profiling and lifestyle tracking via wrist band and saliva / blood tests the basic model can be revolutionized 

People can be predicted &amp; cured before major symptoms! 

That's either for wealthy &amp; people working for big companies, I.e. of use to capital

Or for all?","Byline Times - Companies House shows that Immensa has one officer and owner – Andrea Riposati – who is also the co-founder and CEO of an Italy-based firm, Dante Labs.
Dante offers multiple services, primarily the creation of a genetic profile by analysing “100% of your DNA”. https://t.co/hncEjIuSMk",
@amra_sks Dna fingerprinting is interesting 😗,"@gotnobooks @earlmillenie Abandon by his subordinates, ZZS watches the sleeping suspect with his checklist

ZZS: Fingerprint check, DNA sample check, background-

WKX wakes up: A-A Xu... You're here!😱

ZZS looks WKX, turns back to his list: Needs to evaluate the possibility of insanity plea

WKX: A-Xu 😳",,,,New #LiquidBiopsy study in @Clin_Chem_AACC -  large pan-cancer cohort + retrospective analysis of corr btw DNA input and sequencing success. We need diverse technologies that address all sample types so every cancer patient can access molecular profiling.
https://t.co/QFnTWCTYQu https://t.co/ASgFeRPiLc,@SriRudyBABA @love_a_man @MyNation_net @MensDayOutIndia @rashtrapatibhvn @narendramodi @RahulGandhi @RajThakre09 @ThakreUddhav @ArvindKejriwal @BJP4India @INCIndia @theShivsena @RSS4India @AITCofficial @HMOIndia @ndtv @News24 @aajtak @ABPNewsTV @dna @republic @mid_day @mumbaimirror @Ani_News @BBC @nytimesworld @Independent @SkyNews @smritiirani @sharmarekha @SwatiJaiHind @fayedsouza @poojabeditweets @BDUTT @Nidhi @sagarikaghose @AnjaliB_ @MinistryWCD @NCWIndia @SmritiIraniOffc @unwomenindia @SheThePeople @sonal_mansingh @DrKiranmayee1 @kapoors_s @SayftyCom #CrimeByBharatkiLaxmi - 1202

#FakeCases_498A_DV_125_307_354_376_377 
#HelpMeMyNation 
#GenderBiasedLaws
#BreakingNews

#HR: Yogesh Batra High Profile Murder Case: District Court sentenced 4 people including wife Priyanka aka #AblaNari to life imprisonment
https://t.co/R4mdkWla2o,
"Join us live tomorrow to learn more about DNA Fingerprinting and its Medico-Legal Applications! 

🗓 October 6, 3:30 PM IST
🔗 https://t.co/z4M2WG5cgN

#DNA #DNAFingerprinting #Medicolegal #DNASequencing #DNATesting #DNATest #MolecularBiology #Genetics https://t.co/kGBGW1qLra","Abandon by his subordinates, ZZS watches the sleeping suspect with his checklist

ZZS: Fingerprint check, DNA sample check, background-

WKX wakes up: A-A Xu... You're here!😱

ZZS looks WKX, turns back to his list: Needs to evaluate the possibility of insanity plea

WKX: A-Xu😳",,,,DNA methylation-based profiling reveals distinct clusters with survival heterogeneity in high-grade serous ovarian cancer https://t.co/of0wUReKKj,They are trying to build a DNA profile of every living person. ( Blood sample).
That gives them immeasurable pharmaceutical &amp; financial control over everyone.
Then the restrictions &amp; "carbon credit" reward system ( &amp; TAXATION) kicks in. 
Lock down do or non compliance.
SLAVERY https://t.co/76Dhpjq2wb,
"@yuhdunmessedup @OopsInvestor @LaytonGreene I Would Like To Find His Family &amp; Share The Information About Forensic Fingerprinting &amp; DNA Technology That Took Me 13 Years To Find. May THE ALMIGHTY Draw Near To This Family &amp; Touch Them With Healing &amp; Bless Them All With Comfort, Strength &amp; Peace. I Am So Sorry...🕊⚘#Georgia","@keithbelfast Sweet jesus...
A photo of you with soot on your face, in rags, with your hand outstretched standing beside a projection of your fingerprint and holding a a2 print out of your full dna sequence in 12pt helvetica 003300#",,,,On week 5 students carried out a paper based DNA profiling activity to match the genetic fingerprints of a DNA sample to a missing persons database. Our victim was confirmed as Miss Grey https://t.co/dbCHXr6wiL,@DolioJ They are trying to build a DNA profile of every living person. ( Blood sample).
That gives them unmeasurable pharmaceutical &amp; financial control over everyone.
Then the restrictions &amp; "carbon credit" reward system ( &amp; TAXATION) kicks on. 
Lock down do or non compliance.
SLAVERY,
"Seems grimly ironic that Nick Hanscomb, a Bolton lad involved in development of DNA/genetic fingerprinting, was himself murdered (at 1991 Notting Hill Carnival) and his killer has never been caught. #RIP #CodeOfAKiller #ITV #JohnSimm #DavidThrelfall: https://t.co/AOFk0NbqHK","US Inspectors, military from other countries use me as a genetic poison or not? They have money to rent the house so they can collect my DNA, fingerprint to produce scientific weapon or not? I doubt that white Muslim she use the head of all to set me up or African.",,,,Pubmed: DNA methylation-based profiling reveals distinct clusters with survival heterogeneity in high-grade serous ovarian cancer https://t.co/pWHE9gMKG3,"@chicha_black @DarlaTheDarling @chrissaccoccia1 Sane, smart people of the world, have fun blocking &amp; reporting dumb misinformation spreading troll bots like Chicha Black. I'm sure "Chicha" blames everyone else because they're a waste of DNA. (something went wrong with that mixture🤔)
https://t.co/SH60gQ3IQL https://t.co/3tdQjgTIW6",
"Good to see @ITV is showing the drama "Code of a Killer" again tonight. If you're a crime drama or true crime fan, it tells the story of the scientist who discovered DNA fingerprinting &amp; the detective who pioneered its use. Worth a watch. John Simm heads the cast #Codeofakiller",@eNCA @SAPoliceService on December 6 2019 we had a break in at home and a DNA and fingerprint sample was taken. Almost two years later I'm still waiting for the results. That was taken in Waterval SAPS in Limpopo #bhekicele,,,,"🌐 #IB News #BSBNexus
Excellent presentation by Lucie Y12 #IBDP on DNA profiling. As passionate about criminology, she wanted to raise awareness on DNA profiling as one of the best discoveries for the criminal field. 
A great exhibition of #LearningHabits https://t.co/HHDna37APu","@iheartmesnil Imagine the ability to create a DNA profile of you, predict your ailments, and then sell that info to everyone from Pharma to insurance companies, or at worst, target a dNA profile group with specific CBRN weapons that effect people born in a certain region.",
On ITV tonight. The story of Sir Alec Jeffreys’ discovery of DNA fingerprinting and the Colin Pitchfork murders…. Repeat of Code of a Killer (TV Mini Series 2015) - IMDb - https://t.co/wBkKB9m8sv,"#Lastchance to register for Saturday sessions of Junior Scientists: Forensic Fun. From DNA extraction to fingerprint identification to handwriting analysis, this workshop will have you honing your sleuthing skills. Booking closes tomorrow 👉https://t.co/hyMOnxEAiD https://t.co/g9I6vMSZ5P",,,,"@Ed_d_ie @LakotaMan1 Hi, something to consider. Ancestry and 23ME are not reliable sources. They do not enough quantitative samples from Native Americans, their databases have significantly more European and African  genetic profiles. It will improve with more Native dna profiling, need more time.",@DonDubious With that said my mother doesn't know who her father is. Lot of that back in the 50s threw 70s. I only figured it out because of the dna profile. I couldn't figure out who her father was because of privacy rights but I did fine many family members I didn't know about,
Just learned that DNA fingerprinting was discovered on my birthday in 1984. I take that as a compliment.,"@seanofiachra @courtsnewsIRL So evidence has to be adduced that shows you in a particular place or in contact with a particular item. This could be CCTV, your DNA / fingerprint at a crime scene etc. If you fail to account for that, the judge/jury can take that into account when deciding.",,,,DNA methylation-based profiling reveals distinct clusters with survival heterogeneity in high-grade serous ovarian cancer https://t.co/8iTS0je0QZ,"@DonDubious Had my dna done, joined every ancestry group I could and uploaded said dna profile that did it and omg!!!!! I have hundreds of 3rd cousins. I won't date anyone without knowing their dna now lol. Found out my half aunt and her husband are 6th or 7th cousins. Don't believe theyknew",
@BBCWorld @BBCNews Sir Alec Jeffreys developed the techniques for genetic fingerprinting and DNA profiling which revolutionised forensic science worldwide. 
He is still overdue a Nobel prize to this day.,"What’s going on! How is a genetic fingerprint more important than lives, jobs and the economy?? I personally do not want the Covid manipulating my DNA",,,,PubMed_ Genetic Profiling of Cell-Free DNA From Pleural Effusion in Advanced Lung Cancer as a Surrogate for Tumor Tissue and Revealed Additional Clinical Actionable Targets https://t.co/2p4UkPThXj,"@bo_yeeta How to deactivate/delete a Facebook account step by step

Go to “Menu”, this is the place where you see your profile photo
Scroll to &amp; click on settings &amp; privacy
Select personal and account information 
Select account ownership and control
You’ll see deactivation and deletion",
Code of a Killer (2015–2015)
#IMDb 

It’s a repeat but definitely worth a watch; it’s a drama documentary about how DNA fingerprinting was developed and lead to the arrest of Colin Pitchfork. #DNA #CodeofaKiller ⁦@ITV⁩ tonight at 9pm.  https://t.co/AZs2TuMJqM,Your DNA fingerprint is all over that Covid or that Covid is all over your DNA? https://t.co/T0I6sV6kzo,,,,New article: Genetic Profiling of Cell-Free DNA From Pleural Effusion in Advanced Lung Cancer as a Surrogate for Tumor Tissue and Revealed Additional Clinical Actionable Targets https://t.co/o8trCAUCiS #lungcancer #oncology https://t.co/BoCIwELkpi,G-Men fans know the drill. Think that Odell was happy in the land of the Dog Pound? Think again. Being unhappy and moving on is front and center in ODB’s DNA profile. NEXT!!! #OdellBeckhamJr #ClevelandBrowns  https://t.co/KasHDDTmk9,
Based on: Sir Alec Jeffreys' discovery of DNA fingerprinting https://t.co/aifFgBBtJE,@glevonian Are you now or have you ever been a member of the communist party? Please answer the question in the form of a fingerprint and DNA sample.,,,,Genetic Profiling of Cell-Free DNA From Pleural Effusion in Advanced Lung Cancer as a Surrogate for Tumor Tissue and Revealed Additional Clinical Actionable Targets https://t.co/eudBmZlubP https://t.co/mlB3W1eFaG,@MichaelAlbertMD Same thing with DNA/gene-based nutrition companies touting to provide recommendations based on your genetic profile. That science is anything but robust atm.,
Don't miss @AnnaMadeley1 &amp; PAUL COPLEY in 'Code of a Killer'... The story of Sir Alec Jeffreys' discovery of DNA fingerprinting and its first use by DCS David Baker in catching a double murderer😱 
Part 1 on tonight at 9 on @ITV,@SammiSosa216 I said the same thing! But I guess they’ve been able to clear him through DNA and fingerprint evidence and this guy has boatloads of shit connecting him. Crazy story!!,,,,DNA methylation-based profiling reveals distinct clusters with survival heterogeneity in high-grade serous ovarian cancer https://t.co/z5j8yFWMrZ https://t.co/rdB7VPCIv7,My Ancestry DNA profile thing keeps updating (they say new data sharpens their estimates) but remains looking like this https://t.co/3DHnMJ5QrC,
"Qatar Biobank, part of QF-RDI, has a full robotic approach for samples traceability together with a unique functional quality control check for DNA fingerprinting that played a vital role in designing, developing https://t.co/GmHcjeC7Do",@ActionSocietySA @IanCameron23 @CyrilRamaphosa @RediTlhabi @DNAforAfrica @Abramjee Resist this nonsense demand.  We must not allow them to keep our DNA on record like a fingerprint.  This is a slippery slope no matter how noble it looks.  Think people!!,,,,DNA Profiling and Analysis Interpretation https://t.co/pknfl1Vf3H,@IUTruthtellers remember when I brought up the issue of everyone's DNA being collected. Your genetic profile is golden. You can easily be eliminated by targeting "undesirable" traits. https://t.co/Y1oIJdHRj4,
Typing of Aeromonas isolates from children with diarrhoea and water samples by randomly amplified polymorphic DNA polymerase chain reaction and whole cell protein fingerprinting https://t.co/5mgBhj7zUS,"Our Fingerprint Africa DNA tee-Link to
purchase is in our bio, with many more color options to
choose from!

A portion of proceeds from each purchase will be given
to support a community org/initiative each month. https://t.co/aErCmvqhOn",,,,Such a clever adaptation of CUT&amp;TAG to profile several DNA binding proteins simultaneously with adaptation to single cell profiling from Thomas Fazio and Sneha Gopalan. Happy that my group was able to help a bit. https://t.co/bW1SFzWCKf,@fesshole They should run DNA on it and put the profile in a database,
@RoodGridance Over 16 years ago the US started fingerprinting and taking pictures of anyone entering the country. DNA is taken whenever someone is arrested in the UK since the same time.,"Genome Wide MeDIP-Seq Profiling of Wild and Cultivated Olives Trees Suggests DNA Methylation Fingerprint on the Sensory Quality of Olive Oil, a recent paper at #IRMC
https://t.co/X20PQU7KDu",,,,"Coming up on this week's show! Election predictions with @ErinKelly_AI, @RBC's She's the Boss is profiling @my_suppli, @annebrodie and entertainment,  Marya Zarif shares deets on her award winning series Dounia on @cbcgem and DNA and your health with Monika Schnarre https://t.co/kJHFfRguWW",Genome-wide DNA methylation profile changes associated with shell colouration in the Yesso scallop (Patinopecten yessoensis) as measured by whole-genome bisulfite sequencing https://t.co/rhmT8tTupP,
"lf rush commissioner reflection essay 5 min video about DNA fingerprinting, deadline today 2pm (250-300 words) :&lt;&lt;","In about a hundred individuals, each different antibodies, as unique as someone's DNA, or perhaps even more so  https://t.co/SbQFCWlCSH https://t.co/mAaGX4w8N8",,,,"Are you interested in Criminal Profiling, Fingerprints and DNA? 

Well we offer Forensic Science and Profiling Course Level 3 for only £29!

Please click the link below for more information- 
https://t.co/59bgbPP0RT",Dante Labs Inc. | Complaints | Better Business Bureau® Profile https://t.co/pbFMBbC31F,
"Virtual workshop on DNA Fingerprinting with an opportunity to obtain hands on training with Genome Foundation, Hyderabad!

Bringing to you 3 days virtual workshop on DNA fingerprinting on Oct 25-27 from 10AM to 1 PM. 

Registration at : https://t.co/xkpFtCIf80 https://t.co/dxxU0c5Lib","@Abramjee @GovernmentZA @RediTlhabi @DNAforAfrica @PresidencyZA @CyrilRamaphosa You are worried about DNA, but does the country even have a fingerprint database?
Previously arrested individuals are still committing crimes because they know @GovernmentZA  doesn't give a shit anyway. Only high profile cases get follow ups.",,,,"@harryrag @jam_J_M @Francis60905029 @Maddiesvoice1 @Antlad30 @artsmarse @BourgeoisViews @marvinskyelo @Irissykes14 @MikeJakey1947 @PamGurney70 @poppypippa2 @ScamHunter487 @craig_c83 @Patriot_4_MAGA @Lostinthecity7 @chickienob @emily23800584 @MayklWalker @5haronl @Esjabe1 @D_Owanlen @MistyDa83907643 @MaverickLite @Andreamariapre2 @SidShite @AnnaEsse @MikeJakeman5 @JBLittlemore @lindale22381726 @forevershallon @PhilipTann1961 @D_Dobrovetsky @milesbetter73 @Shatnerella @Shirley60483124 @njbennett @ElizabethKeesey @LostCuriously @MMTRUTHORLIE @debgee9 @Neil81417504 @McCannCaseTweet @kathypriestley5 @bka @I_Love_Cats2014 @fiorifan @Babs108164110 @CarmenRose610 @Caesar2207 "What questions will we never be able to answer with LCN DNA profiling

What body fluid(s) does the DIVA originate from

These, along with all other results, will be formalised in a final report". 

Mark Perlin says that result will be definitely be in that final report.",A mixed DNA profile controversy revisited https://t.co/Qi8ep4rrXq,
,"@verycomfyghost @AgentGingie @ChristianTurle6 @j4nnabanana @PoorlyAgedStuff Yeah but you don't know how big that is. Even before the widespread internet there were fingerprint databases. Whole DNA databases. Face and well, ID systems You really think we aren't tracked our entire lives? 
I suggest you get used to it, It's not going to end anytime soon",,,,I strongly urge everyone to watch Code of a Killer on TV which started this week telling the story of the development and discovery of DNA profiling. It also emphasises that murderers such as Colin Pitchfork such never see the light of day again let alone be released after a,"@Frances_Coppola @dugraha @lnmackenzie1 Well since we’re talking about recording sex of offenders, who are DNA tested at point of arrest, and the DNA profile result includes sex - it shouldn’t be too much of a stretch",
,@JonRussett @Ricky_K67 It dawned on me that the U.K. fingerprint migrants but what they don’t do is take DNA

Every arrested person gets DNA taken for cold case reviews etc

This lot don’t . We are importing thousands upon thousands and no one in government has thought to take DNA,,,,"@BBlues50 Dna profiling can be programmed into kill command, survey, etc
certain blood types, race, gender, pregnant people, etc animals😨 if your 2 sweaty😆
 The drones now already hunt cell phone signals, wifi signals, and kamikaze towards them",Genome-wide DNA methylation profile changes associated with shell colouration in the Yesso scallop (Patinopecten yessoensis) as measured by whole-genome bisulfite sequencing https://t.co/EfR7z2ar8e https://t.co/WZCXwh0i8B,
,Pyracy to technology &amp; human tracking. Fingerprint &amp; DNA unlawfully used or extraction of data- installing of Data- manipulation of forensics- to  &amp; for defamation &amp; destruction. 25 year to life. 
Prime Minister of 9 Central America &amp; #TheCoatofArms. @RoyalFamily @LibnOfCongress https://t.co/cJuSH1jHgN,,,,"Nice to see that our efforts more than 10 years ago are still remembered.

We hoped that our campaigns more than 10 years ago in regards of DNA profiling would have had a better outcome by now. But inqaba biotec is still here, if there is need.

#DNAbacklog https://t.co/OdkpZbfW5V",@JohnDaffern2 Where is this beautiful boy Frankie 😻 Make #BritishBlue Smokey Cat who was #LOST 5/10/21
#Portslade #EastSussex #BN41 distinctive looking blue eyes &amp; markings. #Microchipped &amp; #Neutered  Owners have #DNA profile. #FindFrankie 07808-968602 🐾🙏🐾🐈,
,"I have a better idea. Let’s put a phone tracker on all men, have all men give compulsory DNA and fingerprint samples and laugh at them overreacting when they say “but it’s an invasion of privacy”. Women are not the ones that need watched. https://t.co/lFK2u1PrMT",,,,"Of all the shite that’s shown on TV, I didn’t see one advert promoting the re-showing of ‘Code of a Killer’ on @ITV last night. I mean, we’re only talking about the breakthrough in DNA profiling here… and why not show it over consecutive nights.
#CodeofaKiller #DNA","@FraiseAdam Even more so when his Linkedin profile shows him as an entrepreneur, with no scientific qualifications or links to DNA expertise, at all. In other words, a well educated chancer who knows what way the wind is blowing.",
,"@Texasiswhereil1 @Trump_Detester @WashSquareGirl Yeah…but that’s not the kind of “proof” you could use to prove that someone living today was born 150 years ago. I mean, no DNA or fingerprint data. If an old dude claimed to be 850 years old could you disprove it?",,,,"Genome Wide MeDIP-Seq Profiling of Wild and Cultivated Olives Trees Suggests DNA Methylation Fingerprint on the Sensory Quality of Olive Oil, a recent paper at #IRMC
https://t.co/X20PQU7KDu",@RachelMcBain5 ^Oh no. You read my profile. Clearly you could now recite my very DNA to the curious.^

You're very silly.

Yes. I support anyone saying anything- if not necessarily what they are saying.

Apparently this is a very difficult concept for some.,
,@dcag39 @WeCassandra @DMiddketon @AngelaRayner Doesn't your passport require you to have a fingerprint DNA sample...,,,,#FreeDownloads! Read #FREE “Biological Sources of DNA: The Target Materials for Forensic DNA Typing” https://t.co/lELKVC56Kg from our #OnlineFirst #Handbook of #DNA #Profiling https://t.co/Ie5kiO0K1U #LivingReference #FreeAccess  #ForensicsScience #MicrobialForensics https://t.co/yLkjn2CeVa,,
,"There is no DNA or fingerprint evidence that directly ties Gooch to the crime or the scene, but prosecutors said the circumstantial evidence they have is enough to convict Gooch.  https://t.co/jfJi6fS0Qt",,,,@BBCWorld @BBCNews Sir Alec Jeffreys developed the techniques for genetic fingerprinting and DNA profiling which revolutionised forensic science worldwide. 
He is still overdue a Nobel prize to this day.,,
,Teaching another 60 kids to run electrophoresis gels through @miniPCR forensics dna fingerprint. @IAFultonSchools https://t.co/trr5cus2AY,,,,#codeofakiller Extraordinary that DNA profiling was unknown in 1984. Wow.,,
,,,,,We 💚love💚 these photos of some very impressive students learning gel electrophoresis and DNA profiling ... in first year! 🤯
Thank you for sharing the photos @GoreyEtss. We're looking forward to seeing what these scientists do next! 
#BiotechExperience @ABEProgOffice https://t.co/idow3wAkSd,,
,,,,,[ASAP] Profiling DNA Damage Induced by the Irradiation of DNA with Gold Nanoparticles https://t.co/FoLdNTLGbj #chemicalphysics https://t.co/XsUV8EqiCd,,
,,,,,"@strandedatsea Leicester. Richard III. Lady Jane Grey. Roman Ruins. The birthplace of DNA profiling. Daniel Lambert. Gary Lineker, Kasabian, Englebert. Plus amazing food and drink",,
,,,,,Term: Low HR: DNA methylation profiling identifies two distinct subgroups in breast cancers with low hormone... - https://t.co/ovioizL0F4 #ScholarAlerts,,
,,,,,Wonder how many unsolved crimes would be solved with DNA profiling if the Gov used all the Covid Testing Samples and matched DNA’s….,,
,,,,,"#BiologyWeek comes to a close today... have you visited our extensive #biology collection?

From interviews with forensic scientists, to courses on DNA profiling, to breeding the rarest fish in our game, there's so much FREE #learning to explore.

https://t.co/d6zEXXNnpG https://t.co/ivW1a0b5SQ",,
,,,,,"“profiling evil” YT discussed absence of DNA being just as incriminating, so if Gabby’s van was scrubbed clean by #BrianLaundrie &amp; #LaundrieParents to the point of neither BL or GP’s DNA being present despite them living in van then this can #implicatethelaundries #guiltyasHELL",,
,,,,,DNA methylation profiling identifies prognostic #chordoma subtypes. Liquid biopsy methylation profiling may help to non-invasively diagnose and subtype chordomas.

https://t.co/uEAaAgRA7Y

#btsm @gelarehzadeh,,
,,,,,So watching the new Bond movie. They literally are throwing their depopulation agenda on our face using DNA profiling through Nanobots 🤦

Targeted killing is the plot of the movie. Wow.,,
,,,,,@ShanqiueB Alan Turing. Colossus computer. Microprogramming. The de Havilland Comet. Francis Crick (and Watson). The atomic clock. Carbon fibre. Peter Higgs. Touchscreens. IVF. DNA profiling. The World Wide Web. Iris recognition. SMS. Graphene...,,
,,,,,@billmckibben By then we'll have terminator robots to cull the progeny of those responsible based on instant DNA profiling done by tiny flying drones.,,