dna fingerprinting,dna fingerprint,genetic fingerprinting,genetic fingerprint,dna identification,dna profiling,dna profile,dna typing,genetic profile,genetic profiling
A powerful documentary that concluded on ITV tonight and the eureka moment that led to the discovery of DNA fingerprinting https://t.co/XfXKL7AaU4,@slpng_giants @Facebook Kind of like when a burglary suspect starts tweeting about the unreliability of fingerprint and DNA evidence.,Very interesting drama on ITV tonight about the first time genetic fingerprinting caught a killer - would definitely recommend.,"genetic fingerprint of memories that were once fluid but have since crystallized out from the crucible of possibility, encouraged by the catalyst of the European colonial adventure.”I have often thought that you need a similar kind of layered map to understand Sudan’s civil war.-","DNA ANALYST, Raleigh/Wake City-County Bureau of Identification, Raleigh, North Carolina, apply by Nov 15, 2021, https://t.co/PDLJ8XMu5v",Just finished watching #codeofakiller  What a fantastic discovery by Sir Alec Jeffrey with DNA profiling. David Threlfall and John Simm portrayed their roles brilliantly #welldone #dna,@BGhorley @smitty8234 @KCPubHealth @kcexec The off ramp is after we have you completely enslaved by technology.

We plan and are developing apps and devices (think fitness trackers) to track health metrics coupled with your DNA profile. Then we can control humans just like code and keep our slaves as slaves.,"@JennJonesGA @AriB2783 @SmallHotChilli @kushielx3_sarah @EliseRCook OMFG

It is not a gene

A copy of a gene is not a  gene.  It’s doesn’t reside in the DNA, it doesn’t act like genes act.  Genes make mRNA to encode for proteins

The mRNA in the vaccine doesn’t enter your nucleus

Please just stop typing. This is embarrassing","I also have to remind my family that I’m not all black nor do I aspire to be and I am not always nor fully black and if they must categorize to please refer to me by correct and complete racial, multicultural, multinational and genetic profile. Don’t discount the other. #Fluid https://t.co/K4FZUgxzWv","Implications for #GeneticTesting in #UrothelialCancer. @sonpavde @DanaFarber  and Maria Carlo, MD @sloan_kettering join @PGrivasMDPhD @UW to discuss recent publications on germline testing and genetic profiling. #WatchNow on UroToday &gt; https://t.co/pvP5bN9DyV @SeattleCCA https://t.co/7qEVmYab9h"
Fantastic programme. Extraordinary that DNA fingerprinting was only invented in 1984.👏🏼 #CodeofaKiller,"@egdeaile_writer Oh, I believe the science of it is real, but how real is the simplicity of leaving it behind is real. Shows lead us to believe that a perfect fingerprint is left behind on something that would be obvious could not be left behind. Or DNA left behind, stuff like that.",DNA is a genetic fingerprint. So it's the same as regular fingerprinting.,How is a genetic DNA blood fingerprint different than a fingerprint from your hand?

 If used for identification purposes only? 

#CriticalThinking 

#GeneticGenealogy,If you think the “vacc…” is not about global identification and control of the population think again. Why would you need to submit your DNA if they are telling us it doesn’t impact an individual’s DNA? #markofthebeast #Revelations https://t.co/S73Gk09Qop,sciCNV: high-throughput paired profiling of transcriptomes and DNA copy number variations at single-cell resolution https://t.co/WI1OcuyL8S @Dr_Rodg https://t.co/OzclMhWV8q,"@Qwecu @AbenaSweetness2 @ameyaw112 Chale , I'm surely he did a DNA profile  and found out he has heritage here 

Cos he came to learn and sing in twi all oo  😁🤣🤣😂","@Mio_fancies @PietersenJohny @tillytiny10 @MagdalenaMbute How do I open the space 🤦🏽‍♀️🤦🏽‍♀️cos typing long threads eish. Cos the thing is you go to groove, fuck in the parking lot, khante you slept with an ex murderer, an ex abuser, an ex nton nton. An ex ANYTHING guys. Ku rough out here. So they leave their spiritual DNA inside you nje🤞🏽🤦🏽‍♀️",@MozarabMohan hahaha if I wanted to give my genetic information to one of these companies my profile would probably look like 23 and Me's of yours and I don't need a corporation to tell me I am Ms. Worldwide,"Could this be a way to fund my work? 

Dear Twitter, I am selling excellent, tested, mostly organic, very vaccinated carnivore lures.$10/ml.
All funds donated towards genetic profiling of spotted hyaena
#GoFundMe #CreateTheDemand"
Professor Sir Alec Jeffreys. 
Code of a killer on itv has got me gripped and is a "must see". One mans determination changed the future of investigations through his discovery of DNA fingerprinting.,"@EmmaKennedy In an unrelated tweet, anyone know how to remove fingerprint and DNA evidence from a crime scene?",Anandia's rapid cannabis DNA Fingerprinting is highlighted at StratCann this week! 
https://t.co/1KjlvNMaI8,DNA is a genetic fingerprint. So it's the same as regular fingerprinting.,@John38934556 @RobertB20617044 @AntonyRobart Trying to share the video link but anyway this video indicates that you need to send your blood in for DNA analysis to get the global pass. Why would they need your DNA for a “vaccine” that supposedly doesn’t impact your DNA. Global digital identification for control.,sciCNV: high-throughput paired profiling of transcriptomes and DNA copy number variations at single-cell resolution https://t.co/vr1L3bWNnL @scell_papers https://t.co/7I7gXKABz4,.
Trump Given Deadlines to Produce #DNA in #EJeanCarroll Case.

https://t.co/9GhpYumlU7,@CIA @007 I met the elderly ladies that lived there circa 1961. Two spy gals from the Chicago DDR/DNA/NSA “typing pool” wanted to take over their home/redecorate. They sent one to the hospital &amp; locked another in her room. We flagged down spies in transit to try to get the old gals help.,"@Ronald_Raygun_ I actually read once that it's a genetic thing on if you think it tastes good, or if it tastes like soap. It's actually part of my 23 &amp; Me profile 😆",#GINA I'm sure there's good practice to build on to protect the rights of humans against genomic profiling by insurance companies

Newsroom: Genetic discrimination in NZ insurance undermining research.
https://t.co/LlYrD6acER
Excellent show on itv now #codeofakiller recommend watching on catch up if you can. Alec Jeffreys and his dna fingerprinting breakthrough for the justice system (and beyond). 🧬,Fingerprint is the DNA of the 21st century.

#accuratebiometrics #minutiaealgorithms #fingerprintsensor #minutiacards #fingerprint 
#AskPoojaHegde #BoycottFabIndia #High5StockGro #ShameOnUnacademy #Suga #Diwali

https://t.co/E8s9z0RdUK https://t.co/lCqtb7UL4f,yes right you can see how that can be abused genetic blood dna fingerprinting https://t.co/CEHyLEBbLQ,"Indonesian Woman Who Died 7,000 Years Ago Reshapes Early Human Migration Theories Theories about early human migration in Asia could be transformed by the genetic fingerprint of the woman who was given a ritual burial in an... #LatestNews by #News18 https://t.co/wXa10cf5Vm",@DrJenGunter How do you feel about the WEF wanting you to register your DNA through a drop of blood as part of such identification as they are currently promoting? Is there any limit to your compliance?,"Published today! Methods for dual profiling of DNA CNV and RNA in single cells. These improve (a) scRNA-seq normalization (b) CNV detection from RNA, enabling study of CNV effects on transcription at single cell level. https://t.co/cDaASnQx0b @PMResearch_UHN @SingleCellMedia","Correction to: A distant relationship?—investigation of correlations between DNA isolated from backspatter traces recovered from firearms, wound profile characteristics, and shooting distance https://t.co/pKnMd4k3QN",@urkagurka @CanadaCrypt0 @DrTomFrieden Every single human has a different set of DNA typing,What a wonderful profile of our friend @DrewEndy- not to be missed! His vision for bioengineering: “To create a planetary-scale civilization that harnesses bioengineering to flourish in partnership with nature…”
By @HanaeArmitage

https://t.co/GDNUTVYgzC,"@Crisalba60 reducing2genetic, cellular, molecular, genetic design feels like eugenic profiling in my book, when in reality, pre-disposition, mentioned in article, is more often2do with multilayered contexts/experiences that near crown emergent psychological potentials through transitions🙃😉"
@atvfriend @ITVBe @OfficialRHOCH Second part of Code of a Killer on STV. At least I think it's the second part! True story of discovery of DNA fingerprinting and its use in catching double murderer Colin Pitchfork. Recommend catching it on the player. Have a nice night ☺,How is a genetic DNA blood fingerprint different than a fingerprint from your hand?

 If used for identification purposes only? 

#CriticalThinking 

#GeneticGenealogy,"@CaitlinAllenPhD @PPHFutureLeader @lspees221 @LaurenPassero @mclarkeroberts @UNCPharmacy @UNCpublichealth Use: "Have you ever had any of the following type(s) of genetic tests?" HINTS options include: (i) paternity testing, (ii) ancestry testing, (iii) DNA fingerprinting, (iv) cystic fibrosis carrier testing, (v) BRCA1/2 testing, (vi) Lynch syndrome testing, and (vii) other","After watching CSI, did you ever ask yourself how they identify a person by DNA? Or what they are talking about on television when they talk about the “genetic fingerprint”? We wrote up some information about the genetic fingerprint and the scientific basis for it. The blog wants https://t.co/PTHjyvqAmu","Performing Judaism? 

The Nigerians who want Israel to accept them as Jews.
"Chidi Ugwu, an anthropologist at the University of Nigeria, says this identification with Judaism emerged only after the Biafran civil war...a DNA test found no Jewish connection.
https://t.co/RTycTNhbXr",World Economic Forum is after our BLOOD ! 
What then ? DNA profiling for insurance/jobs etc ? https://t.co/NB6Q8yEzfT,"@jpbrammer They keep telling me I “have a new DNA match” and every Single time it’s my brother, who I personally listed on my profile as my brother ages ago",@emilybalcerak @SuperStraightWM @frenfarAway @JolieVieille @aintyourbud @ElectionLegal You're typing on a computer manufactured with slave labour and a bevy of human rights abuses. Racism is genetic. We feel a kinship with beingswho have a more similar genetic code. Lewantin's fallacy if you happen to mention typical nonsense about black white DNA similarity.,"I URGENTLY NEED TO SELL MY WORKS

MY SISTER DOESN'T HA E CANCER, BUT A COMPLEX GENETIC DISEASE: INFECTIOUS ARTHRITIS

this treated only in Moscow

if you want to help me, then check my profile

I will be grateful even for $1: 

https://t.co/ZD8odbYdxs

https://t.co/QruwSHnPkL","reducing2genetic, cellular, molecular, genetic design feels like eugenic profiling in my book, when in reality, pre-disposition, mentioned in article, is more often2do with multilayered contexts/experiences that near crown emergent psychological potentials through transitions🙃😉 https://t.co/mE2u92aL9X"
DNA is a genetic fingerprint. So it's the same as regular fingerprinting.,DNA is a genetic fingerprint. So it's the same as regular fingerprinting.,"@mikecarr000 @SarahSJNB @canada_his @Bret_Sears My understanding of Polymerase Chain Reaction (PCR) tests is they detect and amplify genetic material. We use PCR tests to detect not just COVID-19 and Chagas, but TB, HIV, whooping cough, and a host of other diseases. It's also used in forensics (see: genetic fingerprinting).",Ever wanted to know what a genetic fingerprint is? Here is your answer 🙃 https://t.co/WRV7fsVHfI,How is a genetic DNA blood fingerprint different than a fingerprint from your hand?

 If used for identification purposes only? 

#CriticalThinking 

#GeneticGenealogy,"@BreesAnna Also they already announce the next steps. They are not hiding.
WEF proposed the vax mandates, passports and scanning everywhere in July 2020. Now they "propose" blood samples and DNA profiling to live! Can tell you 10 excused to impose it by April 22
2/2
https://t.co/rXIYRCLeg2","Me, sitting in the movie theater in the middle of No Time To Die, realizing the ramifications of having willingly sent my DNA profile to AncestyDNA (at least I got a whole new cousin out of the deal, worth the risk in my opinion): https://t.co/zxkdrxKRO6","@jamesenglish0 A mixture James, it’s in dna its down to boredom it’s down to drugs it’s down so many things and I’m just glad it’s spoken about more in a public capacity instead of a feeling of shame. Trust me I’ve tried to “snap out of it”....it’s a “snap” that’s the reason I’m typing this...","@TonyBurnetti @MatthewPB63 @LizHIVHep Can you elaborate?  Chemotherapy is classified as cytotoxic as are cd8+ cells

I spent a big part of my career designing algorithms that would target specific cancers with specific chemotherapy regimens, based on the individual genetic profile so this is interesting to me",Our team retrospectively analysed 202 #UvealMelanoma px cases (largest UM dataset in 
🇦🇺!) to characterise the relationship between certain mutations &amp; disease progression + prognosis of UM in px using cytogenetics and molecular genetic profiling of UM tumours  #SVCRS2021 2/5
"If you're in the UK, the brilliant #CodeOfAKiller is being repeated tomorrow night, about the invention of DNA fingerprinting &amp; its role in catching &amp; convicting a double murderer, but also in preventing a miscarriage of justice.","If they fingerprint &amp; do psych exams for cops &amp; FBI agents when they start employment, submitting DNA is the same thing.","Seems grimly ironic that Nick Hanscomb, a Bolton lad involved in development of DNA/genetic fingerprinting, was himself murdered (at 1991 Notting Hill Carnival) and his killer has never been caught. #RIP #CodeOfAKiller #ITV #JohnSimm #DavidThrelfall: https://t.co/AOFk0NbqHK",to help you understand what we are analysing in the lab and build a foundation for future blogs talking about the usage of the genetic fingerprint. It also provides information on PCR and STR and other weird abbreviations 🤣

#fgih #forensic #genomic #innovation #hub #startup,▪️Priti Patel wants to X-ray migrants suspected of lying about their age

▪️She wants to use “scientifically verifiable” measurements of bones or take DNA samples to check age

This news is truly shocking 

We know where such vile identification of ‘others’ by the Nazis led https://t.co/W1xpoL8hxj,@Kukicat7 The same people in July 2020 proposed the vax passports and scanning to on all life activities. 
Now they want blood sample for DNA profiling. Last time heard about mandatory DNA profiling was on a country which is harvesting organs and selling them.....,"@lelebtslove @Spotify @SpotifyCares @BTS_twt @coldplay Hello @Spotify @SpotifyCares, you tagged the wrong profile! Please fix this as soon as possible and attach the correct Yoongi/ SUGA profile to the remix. Thank u! @BTS_twt @coldplay",#FreeDownloads! Read #FREE “Biological Sources of DNA: The Target Materials for Forensic DNA Typing” https://t.co/lELKVC56Kg from our #OnlineFirst #Handbook of #DNA #Profiling https://t.co/Ie5kiO0K1U #LivingReference #FreeAccess  #ForensicsScience #MicrobialForensics https://t.co/yLkjn2CeVa,"Will novel, gene-based therapies advance survival timelines in solid tumors, addressing each tumor’s individual genetic profile? 
https://t.co/zRW1z9zBz8
#reimagineresearch #galienfoundation #galienweekofinnovation #genebasedcancerthereapies https://t.co/fzTDEnwj7T",On week 5 students carried out a paper based DNA profiling activity to match the genetic fingerprints of a DNA sample to a missing persons database. Our victim was confirmed as Miss Grey https://t.co/dbCHXr6wiL
"@BasedClub_Co @DeCredit001 I realized that Decredit uses a off-chain data storage plus on-chain DNA fingerprinting, so can you tell us why did you chose use this mechanism instead a typical on-chain model?",@topsbycop @kennedyBrooks26 @GovStitt @Jeremiah_Hall27 Unfortunately you should reread the same transcripts. You have retold &amp; misrepresented the facts horribly. No DNA evidence is given by the State from inside Howell`s Suburban. A fingerprint of Julius' on a receipt in Jordan's Cutlass must be the DNA you are confused about.,@BBCWorld @BBCNews Sir Alec Jeffreys developed the techniques for genetic fingerprinting and DNA profiling which revolutionised forensic science worldwide. 
He is still overdue a Nobel prize to this day.,"@PeachMint17 @ButterflyEm1110 @C64761187 You would probably need a combined electromagnetic and chemical or X-ray or EM system to find the missiles. This though is visual. Which makes me wonder, there are certain genetic code items that light up under specific wavelengths.  When scanned. Its like a fingerprint on organc",Benchmarking tools for DNA repeat identification in diverse genomes
https://t.co/ufvgVAYqHq,"@JoshuaBaer DNA profiling to identify old varieties of crops and fruits to create new clones. Then, look for new areas to cultivate due to higher temperatures, diseases, etc","Hi @Spotify @SpotifyCares, you tagged the wrong profile!! Please fix this as soon as possible and attach the correct Yoongi/ SUGA profile to the remix. Thank u! @BTS_twt @coldplay",Typing of Aeromonas isolates from children with diarrhoea and water samples by randomly amplified polymorphic DNA polymerase chain reaction and whole cell protein fingerprinting https://t.co/5mgBhj7zUS,"1. He's in the Department of Chronic Disease Epidemiology. Emphasis is placed on fields of cancer, cardiovascular disease, perinatal &amp; reproductive epidemiology, psychosocial epidemiology, HIV/AIDS, aging &amp; genetic epidemiology.
2. Not infectious diseases.https://t.co/49ow3DzJz3 https://t.co/rohz6BmV7J",[patent] @GeneticAnalysis  receives an important #patent allowance in China.

✅ “A METHOD FOR DETERMINING GASTROINTESTINAL TRACT DYSBIOSIS” covers GA’s unique algorithm incorporated in the GA-map® technology for profiling #gut #microbiota.

➡️ read: https://t.co/2SOCp6ipT0 https://t.co/yzdDMM7spD
Anandia's rapid cannabis DNA Fingerprinting is highlighted at StratCann this week! 
https://t.co/1KjlvNMaI8,"@jay_snowdon @_ben_m_h @BamberHim @Kdoc321 @beaubeau888 @mwilliamsthomas Fingerprint on the gun, dna of sheila found in the moderator. Sheila was laid down, nevill shot upstairs &amp; couldn't have used the phone. Bamber saying nevill called him when he didnt. What part don't you get? Lots of evidence 👀",,"What if all that we'd ever read and all the music that we'd ever listened to, all the dances that we'd danced and all the art we'd experienced formed our unique emotional &amp; ethical genetic creative fingerprint? What would it look like? How would it sound and feel? #FreeThought ♥️",Priti Patel wants to X-ray migrants suspected of lying about their age. She wants to use “scientifically verifiable” measurements of bones or take DNA samples to check their age. This news has truly shocked me. We know where such vile identification of ‘others’ by the Nazis led.,New article: sciCNV: high-throughput paired profiling of transcriptomes and DNA copy number variations at single-cell resolution https://t.co/z6E7EBLKuR #MMSM #MultipleMyeloma #hematology https://t.co/qeuTQYMtJ2,"@bubbacdubbya @MacabreTavern He thinks the vaccines modify DNA. He thinks Bill Gates is controlling the world (among others). He thinks NFTs are awesome. I saw someone post a profile he made on some business website, where he claimed PWP was making 13 million dollars in revenue 😂🤣",@moniza_hossain It’s like a list… having to do with blood typing and to some extent DNA but the genetic component is less important now that they have good anti rejection drugs.,"So when the soft spot is forming (cranial bones fuse), could the introduction of toxic HGC cause blood vessels to abnormally malform due to genetic profile program for another being being introduced &amp; cause an undetectable death by stroke? Yes.
Dr. Ezzard C Burdette JR
HGC kills!","@Ed_d_ie @LakotaMan1 Hi, something to consider. Ancestry and 23ME are not reliable sources. They do not enough quantitative samples from Native Americans, their databases have significantly more European and African  genetic profiles. It will improve with more Native dna profiling, need more time."
"If you are interested in learning more in-depth about DNA fingerprinting, join us in our 3-day workshop to learn #genetics basics, the principles of DNA fingerprinting, and its applications and case studies.

Register Here: https://t.co/xkpFtCIf80

#Medicolegal #DNASequencing","Escribo para el orto, as usual.

That's my DNA fingerprint.",,"US Inspectors, military from other countries use me as a genetic poison or not? They have money to rent the house so they can collect my DNA, fingerprint to produce scientific weapon or not? I doubt that white Muslim she use the head of all to set me up or African.","The LaSalle County Coroner has identified the male body found earlier this month as 25-year-old Jelani Day of Bloomington, Illinois through forensic dental identification and DNA testing and comparison. He was reported missing back on August 25th. #JelaniDay https://t.co/sV2jUkg8KD",sciCNV: high-throughput paired profiling of transcriptomes and DNA copy number variations at single-cell resolution https://t.co/JsgEmqxFcp #bioinformatics,"@summertimegrl69 @ClayTravis @AllisonW_Sports This is sort of true, Moderna and Pfizer vaccines are actually mRNA, not DNA. And it’s working great. It was a delivery system developed several years prior based on what actual viruses do to body. Great safety profile and &gt;90% efficacy. Ingenious.",,Midnight 76 @midnight76music https://t.co/WpJu7TyYAA - Just Another Animal (Genetic Lab),PubMed_ Genetic Profiling of Cell-Free DNA From Pleural Effusion in Advanced Lung Cancer as a Surrogate for Tumor Tissue and Revealed Additional Clinical Actionable Targets https://t.co/2p4UkPThXj
"@FeministRoar @Frances_Coppola @lnmackenzie1 Standard practice on processing after arrest (in my experience) is fingerprinting, photos &amp; cheek swabs. The cheek swabs are processed for DNA which is then entered into the the national DNA database to check for links to previous crimes.

Guess what DNA can tell us?","After watching CSI, did you ever ask yourself how they identify a person by DNA? Or what they are talking about on television when they talk about the “genetic fingerprint”? We wrote up some information about the genetic fingerprint and the scientific basis for it. The blog wants https://t.co/PTHjyvqAmu",,"What’s going on! How is a genetic fingerprint more important than lives, jobs and the economy?? I personally do not want the Covid manipulating my DNA",@WehliyeMohamed Traditional science (DNA) identification by sniffing.,"“here we performed multiomics single-cell profiling—integrating DNA methylation, transcriptome and genotype within the same cells—of diffuse gliomas, tumors characterized by defined transcriptional cell state diversity.” https://t.co/CyZ67d34DV",Wives Like Jane Mena Is The Reason All Nigerian Men Should Do DNA Test’ – Doctor Writes https://t.co/dlu7UJQXmW,,"And here's something to think about med school students and interns. If the infant's genetic profile is altered (think bug in computer program), how could HGC negatively effect any development in the head of infant?
Dr. Ezzard C Burdette JR JD MD PhD MBA",New article: Genetic Profiling of Cell-Free DNA From Pleural Effusion in Advanced Lung Cancer as a Surrogate for Tumor Tissue and Revealed Additional Clinical Actionable Targets https://t.co/o8trCAUCiS #lungcancer #oncology https://t.co/BoCIwELkpi
yes right you can see how that can be abused genetic blood dna fingerprinting https://t.co/CEHyLEBbLQ,@stevelawsreport But do they fingerprint them and take their DNA when the are escorted in by their boats and the RNLI. They apparently have no papers so how do they keep track of them?,,"@quay_dr @WSJopinion Hiltzik wrote:

"they tried to validate the lab-leak theory by examining the virus’ genetic fingerprint. They pointed to genetic sequences that they suggested were highly unlikely to be found naturally. As it happens, those sequences do occur naturally." https://t.co/Ozp0tRaG3Y",@gavinmit I fear there were and for this reason everyone should be required to submit a DNA sample to Twitter for identification purposes.,@clarencehilljr Cause you can’t both compare your symptoms from the virus being vaccinated and unvaccinated… demographic data is statistical analysis (which is racist -profiling-) and doesn’t/can’t account for DNA susceptibility,This could be a way of getting everyone’s DNA Profile without obtaining consent ? 🤔 @UsforThemUK https://t.co/k4SduGJtDg,,"Hear from one of our breast radiation oncologists, Dr. Nathan Kim, on the benefits of genetic counseling. #BreastCancerAwarenessMonth

Read Dr. Kim's profile: https://t.co/y4xZsBDsED https://t.co/mrI55IzyzY",Genetic Profiling of Cell-Free DNA From Pleural Effusion in Advanced Lung Cancer as a Surrogate for Tumor Tissue and Revealed Additional Clinical Actionable Targets https://t.co/eudBmZlubP https://t.co/mlB3W1eFaG
"@CaitlinAllenPhD @PPHFutureLeader @lspees221 @LaurenPassero @mclarkeroberts @UNCPharmacy @UNCpublichealth Use: "Have you ever had any of the following type(s) of genetic tests?" HINTS options include: (i) paternity testing, (ii) ancestry testing, (iii) DNA fingerprinting, (iv) cystic fibrosis carrier testing, (v) BRCA1/2 testing, (vi) Lynch syndrome testing, and (vii) other","@YouNetflix @PennBadgley Joe:LOVE 
@JohnStamos #DocNicky:u&amp;7billion other people on thisPlanet.If we understood love,I´d be out of a job.I have to say,It´s sort of uniqueTo everybody,like a fingerprint or..a strand of DNA orThe song u lost ur virginity to."HUNGRY LIKE THE WOLF"
@YouNetflix https://t.co/JFFwfXxnH5",,"“ethnicity is a huge component in determining what you carry in your mouth…our food and oral hygiene habits determine what bacteria can survive and thrive in our mouths…Can your genetic makeup play a similar role? The answer seems to be yes, it can.” https://t.co/IfyOgL1ZQo",🆕🗞️🌱Automatic identification and annotation of MYB gene family members in plants (Oct 2021)

https://t.co/MbZmjObqpN

This pipeline is freely available on github:
https://t.co/d4NAUrmCRX

#plant #genomics #phylogenetics #genes #preprint #github @boas_pucker @biorxivpreprint https://t.co/pFmBuQPq6D,@FraiseAdam @janemerrick23 I would not have expected better from a gov that has done exactly this multiple times. It will be a company linked to “ friends “ of the gov. With DNA profiling as well - the gov get the “ benefits “ it’s called Tory policy. #indynow,"@is_OwenLewis I've reveled in my inner Neanderthal, too, but the supposed psychological profile of people who have a high degree of DNA overlap with Neanderthals isn't exactly positive — not that I give much credence to  what is written in this pop psy article:
https://t.co/t2i44k2nv6",,"You feel the electric crackle on the back of your neck as it registers your irises and genetic profile, and from the rigid looks on your other team members' faces, they feel it too. 🧬 2/4",Genetic profiling for beluga whales: what's new. https://t.co/txjtgLWR9d https://t.co/LsXJCWFhCa
"@FischerKing64 @sneaknsneak Even a say, 30% lower crime than the 1980s is still worse for social trust. In 1980, we had worse medical tech (less homicide victims survive), less fingerprinting, less DNA testing, less rape kits, etc…criminals get caught faster, but make up a higher % of the population.",@anomlptr @goodreads but is murder still easy with DNA and fingerprint and all that? asking for a friend.,,,@anujdhar @chandrachurg #Netaji has to be separated from political interests. Bose’s mysterious disappearance &amp; non-revealing documents are real national issues. DNA test of the ashes kept at Renkoji Temple and identification of #GumnaamiBaba have to prioritised. Bose is the reason why British left.,@sc_wadsy @PaxPlebiscite @Aonghas1903 @Tricky9993 1973 Stephen Downing
1975 Stefan Kiszko
1983 DNA profiling

DNA profiling has revolutionized forensic science and is improving all the time. If you want to continue living in the 70's that's up to you.,"GIVEAWAY $1000 ~ (4 WINNERS x $250) PART 3

- retweet &amp; complete task below

1) change your profile picture to the photo below until the giveaway is over
2) go to https://t.co/uK1i44pcmf
3) comment “List $ELON Please”
on most recent tweet + post proof !

end 7 days, goodluck. https://t.co/WlZdrlRVno",,"The multidisciplinary team at #ClevelandClinicAbuDhabi is conducting three studies that are set to provide insights into the awareness, genetic profile, and demographics of Emirati women with breast cancer.

Read more at: https://t.co/YQcaXV4aO7 https://t.co/1VTWFo5v6F","With #XiJinping in power, people don't have cont over own bodies. Genetic engineering, mental profiling, rt to abort, social engineering are common. Is it Xi style of Sharia law? @asthana_shashi  @india_narrative @InsightGL @samirsinh189 @ThePreityEffect @shals77 @shreyadhoundial https://t.co/Yzgu9AMv1V"
"@mattyglesias It's good to have more surveillance and higher closure rates. 'More police' is just one pathway to more secure communities. One that is as flawed as human discretion/judgment allow it to be. We could do CCTV, robot dogs, + compulsory fingerprinting &amp; DNA collection instead.","@markwbudde Our core mission is to use #blockchain to protect people’s #DNA datasets against misuse.  Once “tokenized” (96 SNP fingerprint) individuals can grant “tokenized” permissions to authorized parties only.  These tokens (#BioNFT), can be revoked by owner only. https://t.co/7TJKlbwWS2",,,"The advent of post-mortem DNA ethnicity identification, Ballynahatty Passage Tomb, &amp; the indication of the presence of Near Eastern peoples in Belfast during the Neolithic Era therein shows the strength of pre-colonial cultural bonds between oriental and occidental civilizations.",@guardian There is nothing ethical about this at all. What next DNA profiling... They are not criminals.,@NancyJC5 @MishikaMom Agreed.... if the DNA profile comes out with no other contributors... his goose is cooked..Feds win 85% of cases that went to trial in 2019...,,@sigourneybeaver Yeah I took HRT for years during menopause (as my profile doesn't include a familial genetic history of hormone sensitive cancer) though I used to use a clear gel. It dried like it had been absorbed and but I found I could scrape it off in the bath... Helpful.,@BBCWorld @BBCNews Sir Alec Jeffreys developed the techniques for genetic fingerprinting and DNA profiling which revolutionised forensic science worldwide. 
He is still overdue a Nobel prize to this day.
@amra_sks DNA fingerprinting 
Extremely interesting and you'd be able to do stuffs with it 

Respiratory if u wanna go for something easier,@K24Tv Was Dna or fingerprint done to confirm the person. It could be mistaken identity.,,,Every year I contact local police through a Japanese consulate in New York City and acquaintances.
About 10 years ago police said that they would use weapons for DNA identification.
But then I heard that the police lost the weapon.
My Brother name is Atushi Funaki.,Thinking about million+ possible outcomes under the interactions of host genetics (very complex) x gut microbiome (constantly changing) x environmental factors (extremely dynamic)... 🤔 that's why I am still hesitant to try out DNA and microbiome profiling (maybe one day I will!) https://t.co/JAvYnPnuzy,"@MattMarmoset @christatum4949 @trdhorseracing @Stan_VoWales You should maybe do your dna profile, you’d be surprised. People haven’t stayed in the same place for long over human history, that’s how we have populated the earth.",,"@559Chemist @IUTruthtellers 2. This as well. Your genetic profile is golden. This can be used for good, but this can also be used for evil. Example- I have your genetic profile, I will know every susceptibility that you have. I could create a drug, perhaps a "vaccine" that will target those specific","In all, scGET-seq joins the crowded world of sc-approaches, allows genetic profiling of thousands of cells by DLP based on tnH and helps studying the epigenome in dynamic way 16/"
@bangtanancheese @amra_sks Yea it is. I was so into Sherlock Holmes and stuff those days so I even gave a bit of examples where police used dna fingerprinting to find the culprit. I even wrote a whole case for it 😭💀,"Remember when Eddie Murphy's Axel Foley used superglue to find a fingerprint in Beverly Hills Cop II? That's an actual technique for preserving DNA evidence, as Lowndes Co. Sheriff's deputies learned this week. 

Watch Full Story: https://t.co/lkKE2tQMat https://t.co/8TlEYMiitu",,,"@SaraWolfeBAH @NickBuckleyMBE Well for a start i would include in that a database of all Male DNA, DNA identification of all fathers of children born, criminalisation of misogyny, raising of the age of consent, classification of all under age sex as rape, an public information database of all male sex crime","Family DNA Profiling: The Gift That Keeps On Giving
This process requires the use of complex and sophisticated DNA testing and profiling, known as familial DNA profiling or family DNA profiling. 👉👉 Call us on 1800217217 https://t.co/osXV9wDCFT

#DNAProfiling #DNAFingerprinting https://t.co/j0WDg4oh0Q",@MrTomMcDermott I debate the mess situation 

Chelsea were not in a mess and neither are Inter 

He just loses the plot if not backed but we DO actually back managers

Plus we wouldn't give Any manager Carte blanche so keeping dna and player profile in tact 

2-3 years 
Job done,,"@yuzipunk My little lemon drops~ 💕
It's me, your sweet Rosie!! ☺️

I'm an amnesiac genetic experiment living on Earth and spending my free time playing games. My goal is to sample Earth's sweets! 
Socials on profile! 

https://t.co/2AK60yRcEl",
@amra_sks DNA fingerprinting. I've done a thesis on that before. Its soo interesting yk-,"Lowndes Co. Sheriff’s Department gets CSI training on preserving fingerprints, other DNA evidence at crime scenes. https://t.co/ImZSXckQ9A",,,,Functional single cell proteomic profiling of cells with abnormal DNA damage response dynamics 

https://t.co/JJNoY3H1x4
 #biorxiv_bioE,@Christi18612352 @GovStitt "The probability of randomly selecting an unrelated individual with this DNA profile at 7 of 21
loci tested is approximately:
1 in 1.3 billion in the US Caucasian population
1 in 110 million in the US African American population
1 in 1 billion in the US Hispanic population ",,"@SolemVatem @candiiclover @rbest321 @TheRealNitin @atdanwhite normally people who insult other peoples profile pictures at least have one that isn’t the most genetic edge lord “no one understands me” shit in existence, do better https://t.co/XzCHrZtTMs",
@amra_sks Dna fingerprinting is interesting 😗,Still listen to just Dilla beats. He was that guy. His fingerprint. His DNA. Is all over Hip-Hop. Music in general. https://t.co/17DklpAtST,,,,"⬇️ Informative ⬇️  Caris’ cNAS molecular profiling assesses all 22,000 genes across DNA/RNA from blood, which are unique to an individual’s cancer, revealing a molecular blueprint in order to guide more precise and individualized treatment decisions #WTD @OncLive 🎯 See It All 🧬 https://t.co/IcztpWag21",@NFoster66 Lie detectors are bullshit pseudoscience. If Bailey passed or failed it would demonstrate nothing. What we do have is a DNA profile found on Sophie's boot. Why is no-one calling for this to be checked? Shouldn't this be "top priority"? https://t.co/26ahDq4ben,,Another indication that there is a genetic risk factor that is in play. The question is whether they are targeting a genetic profile (intentionally genociding them) or if they just don’t really care. 🤷‍♂️ https://t.co/UnxsSDL6Yc,
"Join us live tomorrow to learn more about DNA Fingerprinting and its Medico-Legal Applications! 

🗓 October 6, 3:30 PM IST
🔗 https://t.co/z4M2WG5cgN

#DNA #DNAFingerprinting #Medicolegal #DNASequencing #DNATesting #DNATest #MolecularBiology #Genetics https://t.co/kGBGW1qLra","Every year, 800,000 children in America go missing. 

That's 1 child every 40 seconds. 

That's why I authored SB 2158, which helps locate missing children by promoting and providing voluntary, in-home fingerprint &amp; DNA identification kits to parents of children in K-6th grade. https://t.co/fPNENJBGiE",,,,Functional single cell proteomic profiling of cells with abnormal DNA damage response dynamics  https://t.co/pyl8jSxV4k #bioRxiv,"@docrussjackson More people should have their DNA tested as it’s an eye opener. My family history has been traced back about 1,000 years in the UK but, lo &amp; behold, my ethnic DNA profile is 53% England &amp; NW Europe, 20% Scottish, 13% Norwegian, 10% Sweden/Denmark &amp; 2% Irish
And I’m proud of that! https://t.co/CDOrPkLXhk",,New Research: Application of Cluster Analysis of Time Evolution for Magnetic Resonance Imaging -Derived Oxygen Extraction Fraction Mapping: A Promising Strategy for the Genetic Profile Prediction and Grading of Glioma: Background: The… https://t.co/iY2uEALXJE #Neuroscience,
"@yuhdunmessedup @OopsInvestor @LaytonGreene I Would Like To Find His Family &amp; Share The Information About Forensic Fingerprinting &amp; DNA Technology That Took Me 13 Years To Find. May THE ALMIGHTY Draw Near To This Family &amp; Touch Them With Healing &amp; Bless Them All With Comfort, Strength &amp; Peace. I Am So Sorry...🕊⚘#Georgia",Coming back after giving an invited talk about our work on fingerprint aging at https://t.co/8hdNPwzM0V. So impressed by a talk of a mom who lost her daughter by a rapist killer and devoted her life to change the law for DNA test of detainees against CODIS https://t.co/A9Y6a3p0xw,,,,@edwardpoole1975 @ScotRThomson I'm aware

Excluding pre-existing conditions
DNA profiling combined with lifestyle will supply masses of data to actuaries to price you and I in... or out - price ration

Then there's co-pay
&amp; Repoman if we misstate some detail 

We are talking control vs freedom

Best not lose https://t.co/rzfDAMqfFy,Continue the reach to get more patients exposure to the innovative therapeutics &amp; expanded offerings to come as we find even more targeted #BioMarkers…Profile.Profile.Profile #PrecisionMedicine #NGS #DNA #RNA 🎯 🧬 #WinTheDay https://t.co/qDsdrKTpVh,,@beedlebeetle @palettecals Milk products create inflammation. Look it up. It should be consumed according to your genetic profile.,
"All Humen beings with pure DNA tweeting here should do the following 
Use tor browser on System, use orbot on android. Iphone guys sorry you paid too much
Use browsers in Privacy more only - firefox - https://t.co/ME0QCzN1fg 
I am going to keep adding many things to this","@gotnobooks @earlmillenie Abandon by his subordinates, ZZS watches the sleeping suspect with his checklist

ZZS: Fingerprint check, DNA sample check, background-

WKX wakes up: A-A Xu... You're here!😱

ZZS looks WKX, turns back to his list: Needs to evaluate the possibility of insanity plea

WKX: A-Xu 😳",,,,"@edwardpoole1975 With AI, DNA profiling and lifestyle tracking via wrist band and saliva / blood tests the basic model can be revolutionized 

People can be predicted &amp; cured before major symptoms! 

That's either for wealthy &amp; people working for big companies, I.e. of use to capital

Or for all?",@559Chemist @IUTruthtellers 4. I honestly think this situation is multifaceted. As for the WEF and this DNA pass. There would have to be "something" to cross reference that you are the individual attached to the DNA profile on this pass. Graphene is quite a good possibility.,,"You want to use the genetic services don’t you.
That’s where it opens up the game , where you medicate everyone based on their genomic profile.

You fraud https://t.co/uGxYTga7Hv",
"Seems grimly ironic that Nick Hanscomb, a Bolton lad involved in development of DNA/genetic fingerprinting, was himself murdered (at 1991 Notting Hill Carnival) and his killer has never been caught. #RIP #CodeOfAKiller #ITV #JohnSimm #DavidThrelfall: https://t.co/AOFk0NbqHK","Abandon by his subordinates, ZZS watches the sleeping suspect with his checklist

ZZS: Fingerprint check, DNA sample check, background-

WKX wakes up: A-A Xu... You're here!😱

ZZS looks WKX, turns back to his list: Needs to evaluate the possibility of insanity plea

WKX: A-Xu😳",,,,New #LiquidBiopsy study in @Clin_Chem_AACC -  large pan-cancer cohort + retrospective analysis of corr btw DNA input and sequencing success. We need diverse technologies that address all sample types so every cancer patient can access molecular profiling.
https://t.co/QFnTWCTYQu https://t.co/ASgFeRPiLc,@DNA_Frequency Oh it was just a clip...sorry I read it with your profile theme words 'saying unstoppable'...👍,,"Robert Malone is NOT your messiah, he’s creating tailored vaccines for individual use.
That fits perfectly when in the future , where they will medicate people via their genetic profile 
You fcuking sheeeeeeep, wake up",
"Good to see @ITV is showing the drama "Code of a Killer" again tonight. If you're a crime drama or true crime fan, it tells the story of the scientist who discovered DNA fingerprinting &amp; the detective who pioneered its use. Worth a watch. John Simm heads the cast #Codeofakiller","@keithbelfast Sweet jesus...
A photo of you with soot on your face, in rags, with your hand outstretched standing beside a projection of your fingerprint and holding a a2 print out of your full dna sequence in 12pt helvetica 003300#",,,,DNA methylation-based profiling reveals distinct clusters with survival heterogeneity in high-grade serous ovarian cancer https://t.co/of0wUReKKj,"7) ➡️ The fact that an amino acid is able to modify the epigenetic profile of a cell, without modifying its DNA, is a surprising thing. 

🎯Proline is one of the twenty amino acids used in cells for the biosynthesis of proteins and like all amino acids it contains a",,"Byline Times - Companies House shows that Immensa has one officer and owner – Andrea Riposati – who is also the co-founder and CEO of an Italy-based firm, Dante Labs.
Dante offers multiple services, primarily the creation of a genetic profile by analysing “100% of your DNA”. https://t.co/hncEjIuSMk",
On ITV tonight. The story of Sir Alec Jeffreys’ discovery of DNA fingerprinting and the Colin Pitchfork murders…. Repeat of Code of a Killer (TV Mini Series 2015) - IMDb - https://t.co/wBkKB9m8sv,"US Inspectors, military from other countries use me as a genetic poison or not? They have money to rent the house so they can collect my DNA, fingerprint to produce scientific weapon or not? I doubt that white Muslim she use the head of all to set me up or African.",,,,On week 5 students carried out a paper based DNA profiling activity to match the genetic fingerprints of a DNA sample to a missing persons database. Our victim was confirmed as Miss Grey https://t.co/dbCHXr6wiL,"Additional to the count of rhinos, their DNA profile will also be prepared. Of a total of 48 rhinos, DNA profiles of 38 rhinos have already been prepared.",,"Fine. I'll do it.

The First Order issues diet cards for a reason. Those diet cards are specifically matched for your body type, genetic profile, job type, and physical health. Deviate from your diet card at your own risk.

Oooog...",
Just learned that DNA fingerprinting was discovered on my birthday in 1984. I take that as a compliment.,@eNCA @SAPoliceService on December 6 2019 we had a break in at home and a DNA and fingerprint sample was taken. Almost two years later I'm still waiting for the results. That was taken in Waterval SAPS in Limpopo #bhekicele,,,,Pubmed: DNA methylation-based profiling reveals distinct clusters with survival heterogeneity in high-grade serous ovarian cancer https://t.co/pWHE9gMKG3,Question I ask prospects is what is the DNA stored in your #LinkedIn profile?
How Distinctive are you?
Are you Noticeable? 
Does your profile Attract the right people?
If no to two or more then call me.
If yes to all 3 let’s connect 😀
#LinkedInUnlocker https://t.co/plqdwkNZdA,,"@RonJCarson1 @jvasil @EricTopol @CDCgov @cyrusshahpar46 @HHSGov @WHCOS Genetics - we are complex beings, each of us has a unique genetic profile that along with other factors (age, access/quality healthcare, nutrition &amp; clean water, exposure to pollution etc) determines our susceptibility. G x E = response to covid infection",
@BBCWorld @BBCNews Sir Alec Jeffreys developed the techniques for genetic fingerprinting and DNA profiling which revolutionised forensic science worldwide. 
He is still overdue a Nobel prize to this day.,"#Lastchance to register for Saturday sessions of Junior Scientists: Forensic Fun. From DNA extraction to fingerprint identification to handwriting analysis, this workshop will have you honing your sleuthing skills. Booking closes tomorrow 👉https://t.co/hyMOnxEAiD https://t.co/g9I6vMSZ5P",,,,"🌐 #IB News #BSBNexus
Excellent presentation by Lucie Y12 #IBDP on DNA profiling. As passionate about criminology, she wanted to raise awareness on DNA profiling as one of the best discoveries for the criminal field. 
A great exhibition of #LearningHabits https://t.co/HHDna37APu",@RandyscrandyL @alpha_utd Says the man with a conte profile photo. No dna no party,,"Since the start of the pandemic, criminals across America have exploited Marketplace to commit armed robberies and at least 13 homicides.

One alleged killer’s profile remained online with active listings until we contacted Facebook.

https://t.co/MFL6j8ByMj",
Code of a Killer (2015–2015)
#IMDb 

It’s a repeat but definitely worth a watch; it’s a drama documentary about how DNA fingerprinting was developed and lead to the arrest of Colin Pitchfork. #DNA #CodeofaKiller ⁦@ITV⁩ tonight at 9pm.  https://t.co/AZs2TuMJqM,"@seanofiachra @courtsnewsIRL So evidence has to be adduced that shows you in a particular place or in contact with a particular item. This could be CCTV, your DNA / fingerprint at a crime scene etc. If you fail to account for that, the judge/jury can take that into account when deciding.",,,,"@Ed_d_ie @LakotaMan1 Hi, something to consider. Ancestry and 23ME are not reliable sources. They do not enough quantitative samples from Native Americans, their databases have significantly more European and African  genetic profiles. It will improve with more Native dna profiling, need more time.",Look how nicely new profile pic lines up w/ background. Almost completes as one cloud to sea striking image.
A sign that time for big changes is at hand as the electrical circuit is now complete.... https://t.co/4PCJ55MnQS,,"@flummoxings @thisthingshard It is hard for me to recommend as you could take medication, have a very different lifestyle, genetic profile or diet than typical. However, due to years of calcium centric culture + high stress I cannot see how anyone could fill in their Mg deficiencies without supplementation.",
Based on: Sir Alec Jeffreys' discovery of DNA fingerprinting https://t.co/aifFgBBtJE,"What’s going on! How is a genetic fingerprint more important than lives, jobs and the economy?? I personally do not want the Covid manipulating my DNA",,,,DNA methylation-based profiling reveals distinct clusters with survival heterogeneity in high-grade serous ovarian cancer https://t.co/8iTS0je0QZ,"@CalltoActivism @algore Every baby should leave the hospitals with a birth certificate, a dna profile, a pocket constitution and register to vote upon turning 18.",,@MichaelAlbertMD Same thing with DNA/gene-based nutrition companies touting to provide recommendations based on your genetic profile. That science is anything but robust atm.,
Don't miss @AnnaMadeley1 &amp; PAUL COPLEY in 'Code of a Killer'... The story of Sir Alec Jeffreys' discovery of DNA fingerprinting and its first use by DCS David Baker in catching a double murderer😱 
Part 1 on tonight at 9 on @ITV,Your DNA fingerprint is all over that Covid or that Covid is all over your DNA? https://t.co/T0I6sV6kzo,,,,PubMed_ Genetic Profiling of Cell-Free DNA From Pleural Effusion in Advanced Lung Cancer as a Surrogate for Tumor Tissue and Revealed Additional Clinical Actionable Targets https://t.co/2p4UkPThXj,"🐕 TERRY went #missing at Matara wedding venue #Kingscote #Tetbury #GL8 26/9
SUBSTANTIAL REWARD FOR SAFE &amp; FAST RETURN
He has VERY IDENTIFYING MARKINGS,
🔴LONG LEGS
🔴DISTINCTIVE KINK IN TAIL
🔴WHITE CHIN
🔴WHITE SPOT TO CHEST
🔴DNA PROFILE HELD FOR TERRY 
https://t.co/p87s5mps4t https://t.co/9CFhgbQ6uU",,@IUTruthtellers remember when I brought up the issue of everyone's DNA being collected. Your genetic profile is golden. You can easily be eliminated by targeting "undesirable" traits. https://t.co/Y1oIJdHRj4,
"Qatar Biobank, part of QF-RDI, has a full robotic approach for samples traceability together with a unique functional quality control check for DNA fingerprinting that played a vital role in designing, developing https://t.co/GmHcjeC7Do",@glevonian Are you now or have you ever been a member of the communist party? Please answer the question in the form of a fingerprint and DNA sample.,,,,New article: Genetic Profiling of Cell-Free DNA From Pleural Effusion in Advanced Lung Cancer as a Surrogate for Tumor Tissue and Revealed Additional Clinical Actionable Targets https://t.co/o8trCAUCiS #lungcancer #oncology https://t.co/BoCIwELkpi,Somebody needs to check Stetson Bennett IV’s ancestry dna profile. I have a feeling Stetson Bennett I had a questionable profession.,,"@ChariVin1 @OhShutUpNigga @Moe_APHG @xoesethamystro @tariqnasheed The fact that ancient and modern Egyptians are over 60% Levant_PPNB or Mesolithic Levantine ancestry really says something on when did the ancestors of Egyptians came from and etc, and they have a different genetic profile from Maghrebis(except for the Bedouins of Douz). https://t.co/NEWFoH08c8",
Typing of Aeromonas isolates from children with diarrhoea and water samples by randomly amplified polymorphic DNA polymerase chain reaction and whole cell protein fingerprinting https://t.co/5mgBhj7zUS,@SammiSosa216 I said the same thing! But I guess they’ve been able to clear him through DNA and fingerprint evidence and this guy has boatloads of shit connecting him. Crazy story!!,,,,Genetic Profiling of Cell-Free DNA From Pleural Effusion in Advanced Lung Cancer as a Surrogate for Tumor Tissue and Revealed Additional Clinical Actionable Targets https://t.co/eudBmZlubP https://t.co/mlB3W1eFaG,"In the official profile all the clones, K', Krizalid, and Nameless are his 'relatives' so basically Kyo could do a paternity DNA test and claim to be their father 😂😂

#Kyokusanagi #Nameless #Krizalid #K #Kyo1 #Kyo2 https://t.co/n6TFqinTo4",,"My 15 year old Goddaughter had her genetic profile done.
She is European, Asian, and African.
She attends both Greek Orthodox and Roman Catholic Churches.
She is the joyful and hopeful fulfilment of the official motto of the USA (1791):
"E Pluribus Unum."="Out of Many, One."",
,@ActionSocietySA @IanCameron23 @CyrilRamaphosa @RediTlhabi @DNAforAfrica @Abramjee Resist this nonsense demand.  We must not allow them to keep our DNA on record like a fingerprint.  This is a slippery slope no matter how noble it looks.  Think people!!,,,,DNA methylation-based profiling reveals distinct clusters with survival heterogeneity in high-grade serous ovarian cancer https://t.co/z5j8yFWMrZ https://t.co/rdB7VPCIv7,"@ReverendLenell @TheMarcitect Back where this thread started. Enslavement &amp; exploitation of humanity. Depopulation. Eugenics. I have an article I wrote pinned to my profile which answers some questions. I have a patent I will post later. Re: DNA, knowledge you have about remnants may be relevant too. 😇🔩",,How many of those patients were 31 like my brother? How many were black? How many had the same genetic profile? I haven’t taken the time to look these things up yet. I’m not sure that I’m ready.  I’ve conveniently stayed away from cancer research since then 5/,
,"Our Fingerprint Africa DNA tee-Link to
purchase is in our bio, with many more color options to
choose from!

A portion of proceeds from each purchase will be given
to support a community org/initiative each month. https://t.co/aErCmvqhOn",,,,DNA Profiling and Analysis Interpretation https://t.co/pknfl1Vf3H,his side profile is immaculate and he knows it. https://t.co/13GLQRYHSJ,,"@OctaviusDelmont @susanschally @KellyCNBC Some people adapted to processing dairy, it took about 15,000 years. If you want to talk about foods we're "supposed" to be eating you can go ahead and leave out the ones that require a particular genetic profile",
,"Genome Wide MeDIP-Seq Profiling of Wild and Cultivated Olives Trees Suggests DNA Methylation Fingerprint on the Sensory Quality of Olive Oil, a recent paper at #IRMC
https://t.co/X20PQU7KDu",,,,Such a clever adaptation of CUT&amp;TAG to profile several DNA binding proteins simultaneously with adaptation to single cell profiling from Thomas Fazio and Sneha Gopalan. Happy that my group was able to help a bit. https://t.co/bW1SFzWCKf,@majinatejeff The most basic anthropological fact is that there are different species of humans. Y’all with this “we’re all the same” shit never run to the police department to tell the the forensic scientist to NOT put out a racial profile of the killer based on the DNA left behind.,,"@SundanceConstr1 @bushcrafter79 To clarify- 
I've called both COVID &amp; the VAXX a genetic lottery. 

It's clear by the victim profile that to die OF covid under the age of 70 is rare. You don't get to choose that one.

However, I can prevent any negative consequence of the "vaccine" by CHOOSING not to take it.",
,"In about a hundred individuals, each different antibodies, as unique as someone's DNA, or perhaps even more so  https://t.co/SbQFCWlCSH https://t.co/mAaGX4w8N8",,,,"Coming up on this week's show! Election predictions with @ErinKelly_AI, @RBC's She's the Boss is profiling @my_suppli, @annebrodie and entertainment,  Marya Zarif shares deets on her award winning series Dounia on @cbcgem and DNA and your health with Monika Schnarre https://t.co/kJHFfRguWW","@CountessBouvier @dna_flynn @ChaserDavey @karldudester20 @JHolzer2021 @OKKIMMY @Bernade88965032 @TheDuke212FU @CraigMcFadden13 @urlofcork @ColumboIrish @CrimeGuyUK @ColumboCork @developM2Ls @Limecrim @NFoster66 Bailey has always appropriated Irish culture and language, he has no sense of his own identity,if he had any public profile,he 'd be cancelled,he does'nt,trades on notoriety and journalists are interested cos he is train wreck,they laugh at the great pretender",,"finally read this excellent profile of @kph3k, highly recommended for anyone with even a passing interest in untangling genetic/environmental influences on behaviour, and critically (for me) why a role for genes is compatible with a progressive outlook https://t.co/E7xODIolr8",
,"@Abramjee @GovernmentZA @RediTlhabi @DNAforAfrica @PresidencyZA @CyrilRamaphosa You are worried about DNA, but does the country even have a fingerprint database?
Previously arrested individuals are still committing crimes because they know @GovernmentZA  doesn't give a shit anyway. Only high profile cases get follow ups.",,,,"Are you interested in Criminal Profiling, Fingerprints and DNA? 

Well we offer Forensic Science and Profiling Course Level 3 for only £29!

Please click the link below for more information- 
https://t.co/59bgbPP0RT","@Deoliver47 @NBCNews My Mami, like many, grew up being told she was white. Though her beautiful dark skin, black hair &amp; dark eyes were a contrast to many in her family. Her DNA profile a few years back changed so much and now we're researching our family's true roots. So much erasure and lies told...",,@ehforgetit One tried to do that to me and I explained how bacterial genetic profile is a far more dominating factor.,
,"@verycomfyghost @AgentGingie @ChristianTurle6 @j4nnabanana @PoorlyAgedStuff Yeah but you don't know how big that is. Even before the widespread internet there were fingerprint databases. Whole DNA databases. Face and well, ID systems You really think we aren't tracked our entire lives? 
I suggest you get used to it, It's not going to end anytime soon",,,,"@harryrag @jam_J_M @Francis60905029 @Maddiesvoice1 @Antlad30 @artsmarse @BourgeoisViews @marvinskyelo @Irissykes14 @MikeJakey1947 @PamGurney70 @poppypippa2 @ScamHunter487 @craig_c83 @Patriot_4_MAGA @Lostinthecity7 @chickienob @emily23800584 @MayklWalker @5haronl @Esjabe1 @D_Owanlen @MistyDa83907643 @MaverickLite @Andreamariapre2 @SidShite @AnnaEsse @MikeJakeman5 @JBLittlemore @lindale22381726 @forevershallon @PhilipTann1961 @D_Dobrovetsky @milesbetter73 @Shatnerella @Shirley60483124 @njbennett @ElizabethKeesey @LostCuriously @MMTRUTHORLIE @debgee9 @Neil81417504 @McCannCaseTweet @kathypriestley5 @bka @I_Love_Cats2014 @fiorifan @Babs108164110 @CarmenRose610 @Caesar2207 "What questions will we never be able to answer with LCN DNA profiling

What body fluid(s) does the DIVA originate from

These, along with all other results, will be formalised in a final report". 

Mark Perlin says that result will be definitely be in that final report.","37 YEAR OLD MAN FROM MILWAUKEE RAPES 15 YEAR OLD BOY AT GUNPOINT. 
THE MAN ALSO OWNED A GROUP HOME FOR BOYS. 

#Wisconsin #State #Crime #Lab. A lab test concluded that #semen on the boy's body and #underwear #matched Dantzler's DNA profile, according to the #criminal complaint.",,@DrDebraSoh @sapinker Ask him if he sympathizes with people like me whose genetic profile renders us cognitively incapable of understanding why “the enlightenment” was so great. Especially for the enslaved.,
,@JonRussett @Ricky_K67 It dawned on me that the U.K. fingerprint migrants but what they don’t do is take DNA

Every arrested person gets DNA taken for cold case reviews etc

This lot don’t . We are importing thousands upon thousands and no one in government has thought to take DNA,,,,I strongly urge everyone to watch Code of a Killer on TV which started this week telling the story of the development and discovery of DNA profiling. It also emphasises that murderers such as Colin Pitchfork such never see the light of day again let alone be released after a,New Research: Genome-Wide DNA Methylation Profile in Jejunum Reveals the Potential Genes Associated With Paratuberculosis in Dairy Cattle: Paratuberculosis in cattle causes substantial economic losses to the dairy industry. Exploring functional… https://t.co/CC80QeYH8O #Genetics,,"📑This #study investigated genetic alterations in ocular and extraocular sebaceous #carcinoma, by applying targeted #NGS, the authors demonstrated a distinct mutational profile in ocular and extraocular sebaceous #carcinoma 💡
Congrats to all the authors👏
https://t.co/j6yqahb2gX https://t.co/SKuNwo7OFM",
,,,,,"@BBlues50 Dna profiling can be programmed into kill command, survey, etc
certain blood types, race, gender, pregnant people, etc animals😨 if your 2 sweaty😆
 The drones now already hunt cell phone signals, wifi signals, and kamikaze towards them","@DNA_EFC I know, the profile pic is kinda tasteless - can't change how some people think unfortunately",,Judy Berman has redefined Antifungal drug interactions explaining how “drug tolerance” enables some cells  to grow at high drug concentrations above MIC without alteration of their genetic resistance profile. #timm2021 @eurconfmedmycol @bsmm @ISHAM_Mycology @judithberman11 https://t.co/7rftUPKWRI,
,,,,,"Nice to see that our efforts more than 10 years ago are still remembered.

We hoped that our campaigns more than 10 years ago in regards of DNA profiling would have had a better outcome by now. But inqaba biotec is still here, if there is need.

#DNAbacklog https://t.co/OdkpZbfW5V","Byline Times - Companies House shows that Immensa has one officer and owner – Andrea Riposati – who is also the co-founder and CEO of an Italy-based firm, Dante Labs.
Dante offers multiple services, primarily the creation of a genetic profile by analysing “100% of your DNA”. https://t.co/hncEjIuSMk",,I didn't like my side profile until I realized it was my ancestors' legacy. 

Value your genetic European heritage.  ❤️ https://t.co/tlcMHhKTva,
,,,,,"Of all the shite that’s shown on TV, I didn’t see one advert promoting the re-showing of ‘Code of a Killer’ on @ITV last night. I mean, we’re only talking about the breakthrough in DNA profiling here… and why not show it over consecutive nights.
#CodeofaKiller #DNA",@SriRudyBABA @love_a_man @MyNation_net @MensDayOutIndia @rashtrapatibhvn @narendramodi @RahulGandhi @RajThakre09 @ThakreUddhav @ArvindKejriwal @BJP4India @INCIndia @theShivsena @RSS4India @AITCofficial @HMOIndia @ndtv @News24 @aajtak @ABPNewsTV @dna @republic @mid_day @mumbaimirror @Ani_News @BBC @nytimesworld @Independent @SkyNews @smritiirani @sharmarekha @SwatiJaiHind @fayedsouza @poojabeditweets @BDUTT @Nidhi @sagarikaghose @AnjaliB_ @MinistryWCD @NCWIndia @SmritiIraniOffc @unwomenindia @SheThePeople @sonal_mansingh @DrKiranmayee1 @kapoors_s @SayftyCom #CrimeByBharatkiLaxmi - 1202

#FakeCases_498A_DV_125_307_354_376_377 
#HelpMeMyNation 
#GenderBiasedLaws
#BreakingNews

#HR: Yogesh Batra High Profile Murder Case: District Court sentenced 4 people including wife Priyanka aka #AblaNari to life imprisonment
https://t.co/R4mdkWla2o,,@geostylegeo I tried sending my dog to 23andMe.   The only info they gave back was - Your genetic profile shows a high chance of being hairy and that are you prone to bad breath....,
,,,,,"Genome Wide MeDIP-Seq Profiling of Wild and Cultivated Olives Trees Suggests DNA Methylation Fingerprint on the Sensory Quality of Olive Oil, a recent paper at #IRMC
https://t.co/X20PQU7KDu",They are trying to build a DNA profile of every living person. ( Blood sample).
That gives them immeasurable pharmaceutical &amp; financial control over everyone.
Then the restrictions &amp; "carbon credit" reward system ( &amp; TAXATION) kicks in. 
Lock down do or non compliance.
SLAVERY https://t.co/76Dhpjq2wb,,@PsychPLockwood There are certain historians who make this claim because he would also fit the genetic profile and was accused of such behavior during his lifetime. Reed's book discusses and undermines this theory. Some members of Jefferson's descendants have been promoting this claim.,
,,,,,#FreeDownloads! Read #FREE “Biological Sources of DNA: The Target Materials for Forensic DNA Typing” https://t.co/lELKVC56Kg from our #OnlineFirst #Handbook of #DNA #Profiling https://t.co/Ie5kiO0K1U #LivingReference #FreeAccess  #ForensicsScience #MicrobialForensics https://t.co/yLkjn2CeVa,@DolioJ They are trying to build a DNA profile of every living person. ( Blood sample).
That gives them unmeasurable pharmaceutical &amp; financial control over everyone.
Then the restrictions &amp; "carbon credit" reward system ( &amp; TAXATION) kicks on. 
Lock down do or non compliance.
SLAVERY,,Clarifying the molecular mechanism of tomentosin-induced antiproliferative and proapoptotic effects in human multiple myeloma via gene expression profile and genetic interaction network analysis https://t.co/1pQpDtYvh7,
,,,,,@BBCWorld @BBCNews Sir Alec Jeffreys developed the techniques for genetic fingerprinting and DNA profiling which revolutionised forensic science worldwide. 
He is still overdue a Nobel prize to this day.,"@chicha_black @DarlaTheDarling @chrissaccoccia1 Sane, smart people of the world, have fun blocking &amp; reporting dumb misinformation spreading troll bots like Chicha Black. I'm sure "Chicha" blames everyone else because they're a waste of DNA. (something went wrong with that mixture🤔)
https://t.co/SH60gQ3IQL https://t.co/3tdQjgTIW6",,@2manythoughts4 @nana4MANY @MichaelASlawso1 What’s killing me is his profile picture.  That boy has color all up in his genetic code.,
,,,,,#codeofakiller Extraordinary that DNA profiling was unknown in 1984. Wow.,"@iheartmesnil Imagine the ability to create a DNA profile of you, predict your ailments, and then sell that info to everyone from Pharma to insurance companies, or at worst, target a dNA profile group with specific CBRN weapons that effect people born in a certain region.",,"“The key to my success was early detection” Winston was diagnosed with #prostatecancer in 2011, but has been living well since 2012. This #blackincancer week, we look at the PROFILE study, which researches genetic risks to some men, including black men - https://t.co/sXIr34GxLv https://t.co/LxHCQ6p9TV",
,,,,,We 💚love💚 these photos of some very impressive students learning gel electrophoresis and DNA profiling ... in first year! 🤯
Thank you for sharing the photos @GoreyEtss. We're looking forward to seeing what these scientists do next! 
#BiotechExperience @ABEProgOffice https://t.co/idow3wAkSd,"@bo_yeeta How to deactivate/delete a Facebook account step by step

Go to “Menu”, this is the place where you see your profile photo
Scroll to &amp; click on settings &amp; privacy
Select personal and account information 
Select account ownership and control
You’ll see deactivation and deletion",,New article: Clarifying the molecular mechanism of tomentosin-induced antiproliferative and proapoptotic effects in human multiple myeloma via gene expression profile and genetic interaction network analysis https://t.co/TQuWd1gdWi #MMSM #MultipleMyeloma #hematology https://t.co/Zp7d2VxkAR,
,,,,,[ASAP] Profiling DNA Damage Induced by the Irradiation of DNA with Gold Nanoparticles https://t.co/FoLdNTLGbj #chemicalphysics https://t.co/XsUV8EqiCd,G-Men fans know the drill. Think that Odell was happy in the land of the Dog Pound? Think again. Being unhappy and moving on is front and center in ODB’s DNA profile. NEXT!!! #OdellBeckhamJr #ClevelandBrowns  https://t.co/KasHDDTmk9,,Clarifying the molecular mechanism of tomentosin‑induced antiproliferative and proapoptotic effects in human multiple myeloma via gene expression profile and genetic interaction network analysis https://t.co/yByOewW4cO,
,,,,,,@MichaelAlbertMD Same thing with DNA/gene-based nutrition companies touting to provide recommendations based on your genetic profile. That science is anything but robust atm.,,,
,,,,,,My Ancestry DNA profile thing keeps updating (they say new data sharpens their estimates) but remains looking like this https://t.co/3DHnMJ5QrC,,,
,,,,,,@IUTruthtellers remember when I brought up the issue of everyone's DNA being collected. Your genetic profile is golden. You can easily be eliminated by targeting "undesirable" traits. https://t.co/Y1oIJdHRj4,,,
,,,,,,@fesshole They should run DNA on it and put the profile in a database,,,
,,,,,,Genome-wide DNA methylation profile changes associated with shell colouration in the Yesso scallop (Patinopecten yessoensis) as measured by whole-genome bisulfite sequencing https://t.co/rhmT8tTupP,,,