dna fingerprinting,dna fingerprint,genetic fingerprinting,genetic fingerprint,dna identification,dna profiling,dna profile,dna typing
"Join us live tomorrow to learn more about DNA Fingerprinting and its Medico-Legal Applications! 

🗓 October 6, 3:30 PM IST
🔗 https://t.co/z4M2WG5cgN

#DNA #DNAFingerprinting #Medicolegal #DNASequencing #DNATesting #DNATest #MolecularBiology #Genetics https://t.co/kGBGW1qLra","#Lastchance to register for Saturday sessions of Junior Scientists: Forensic Fun. From DNA extraction to fingerprint identification to handwriting analysis, this workshop will have you honing your sleuthing skills. Booking closes tomorrow 👉https://t.co/hyMOnxEAiD https://t.co/g9I6vMSZ5P","@mikecarr000 @SarahSJNB @canada_his @Bret_Sears My understanding of Polymerase Chain Reaction (PCR) tests is they detect and amplify genetic material. We use PCR tests to detect not just COVID-19 and Chagas, but TB, HIV, whooping cough, and a host of other diseases. It's also used in forensics (see: genetic fingerprinting).","@quay_dr @WSJopinion Hiltzik wrote:

"they tried to validate the lab-leak theory by examining the virus’ genetic fingerprint. They pointed to genetic sequences that they suggested were highly unlikely to be found naturally. As it happens, those sequences do occur naturally." https://t.co/Ozp0tRaG3Y",Identification of Oligo-DNA that promotes skeletal muscle differentiation https://t.co/ruehJgeWT8,I strongly urge everyone to watch Code of a Killer on TV which started this week telling the story of the development and discovery of DNA profiling. It also emphasises that murderers such as Colin Pitchfork such never see the light of day again let alone be released after a,"@robholley Sex is Biological. People who identify as homosexual are same-sex attracted. At the end of the day, no matter how you dress it up, a Transgender woman  will always have the biological DNA profile of a male. The same is true for Trans men.","@jamesenglish0 A mixture James, it’s in dna its down to boredom it’s down to drugs it’s down so many things and I’m just glad it’s spoken about more in a public capacity instead of a feeling of shame. Trust me I’ve tried to “snap out of it”....it’s a “snap” that’s the reason I’m typing this..."
"@yuhdunmessedup @OopsInvestor @LaytonGreene I Would Like To Find His Family &amp; Share The Information About Forensic Fingerprinting &amp; DNA Technology That Took Me 13 Years To Find. May THE ALMIGHTY Draw Near To This Family &amp; Touch Them With Healing &amp; Bless Them All With Comfort, Strength &amp; Peace. I Am So Sorry...🕊⚘#Georgia",@SammiSosa216 I said the same thing! But I guess they’ve been able to clear him through DNA and fingerprint evidence and this guy has boatloads of shit connecting him. Crazy story!!,"Seems grimly ironic that Nick Hanscomb, a Bolton lad involved in development of DNA/genetic fingerprinting, was himself murdered (at 1991 Notting Hill Carnival) and his killer has never been caught. #RIP #CodeOfAKiller #ITV #JohnSimm #DavidThrelfall: https://t.co/AOFk0NbqHK","“ethnicity is a huge component in determining what you carry in your mouth…our food and oral hygiene habits determine what bacteria can survive and thrive in our mouths…Can your genetic makeup play a similar role? The answer seems to be yes, it can.” https://t.co/IfyOgL1ZQo",OMG have you ever tried to change the phone number you have saved for dual identification purposes on twitter?

Good Lord.  I just want to update my phone number.  I think I'm going to have to submit DNA.,"@BBlues50 Dna profiling can be programmed into kill command, survey, etc
certain blood types, race, gender, pregnant people, etc animals😨 if your 2 sweaty😆
 The drones now already hunt cell phone signals, wifi signals, and kamikaze towards them",@Justice4Gabs @Nerdy_Addict I think to match DNA profile found on GP body. And TY for your kind words.,#FreeDownloads! Read #FREE “Biological Sources of DNA: The Target Materials for Forensic DNA Typing” https://t.co/lELKVC56Kg from our #OnlineFirst #Handbook of #DNA #Profiling https://t.co/Ie5kiO0K1U #LivingReference #FreeAccess  #ForensicsScience #MicrobialForensics https://t.co/yLkjn2CeVa
"Seems grimly ironic that Nick Hanscomb, a Bolton lad involved in development of DNA/genetic fingerprinting, was himself murdered (at 1991 Notting Hill Carnival) and his killer has never been caught. #RIP #CodeOfAKiller #ITV #JohnSimm #DavidThrelfall: https://t.co/AOFk0NbqHK",@ActionSocietySA @IanCameron23 @CyrilRamaphosa @RediTlhabi @DNAforAfrica @Abramjee Resist this nonsense demand.  We must not allow them to keep our DNA on record like a fingerprint.  This is a slippery slope no matter how noble it looks.  Think people!!,@BBCWorld @BBCNews Sir Alec Jeffreys developed the techniques for genetic fingerprinting and DNA profiling which revolutionised forensic science worldwide. 
He is still overdue a Nobel prize to this day.,,"#Lastchance to register for Saturday sessions of Junior Scientists: Forensic Fun. From DNA extraction to fingerprint identification to handwriting analysis, this workshop will have you honing your sleuthing skills. Booking closes tomorrow 👉https://t.co/hyMOnxEAiD https://t.co/g9I6vMSZ5P","Nice to see that our efforts more than 10 years ago are still remembered.

We hoped that our campaigns more than 10 years ago in regards of DNA profiling would have had a better outcome by now. But inqaba biotec is still here, if there is need.

#DNAbacklog https://t.co/OdkpZbfW5V","@FishFootLish @ashh_bashttv Generally, but depending on the kit the delays are usually procedural, not the test itself, for example, DNA takes usually 24-72 hours. So I’m sure the profile of the case sped it up a lot. And if I remember right, a lot of initial reports were just circumstantial.",Typing of Aeromonas isolates from children with diarrhoea and water samples by randomly amplified polymorphic DNA polymerase chain reaction and whole cell protein fingerprinting https://t.co/5mgBhj7zUS
"Good to see @ITV is showing the drama "Code of a Killer" again tonight. If you're a crime drama or true crime fan, it tells the story of the scientist who discovered DNA fingerprinting &amp; the detective who pioneered its use. Worth a watch. John Simm heads the cast #Codeofakiller","Our Fingerprint Africa DNA tee-Link to
purchase is in our bio, with many more color options to
choose from!

A portion of proceeds from each purchase will be given
to support a community org/initiative each month. https://t.co/aErCmvqhOn",,,Now we have determined that VCP mediates the extraction of these factors. Proteomic analysis led to the identification of FAF1 as the cofactor that works with VCP during DNA replication and we show that VCP-FAF1 cooperates with USP7 in the control of DNA replication.,Such a clever adaptation of CUT&amp;TAG to profile several DNA binding proteins simultaneously with adaptation to single cell profiling from Thomas Fazio and Sneha Gopalan. Happy that my group was able to help a bit. https://t.co/bW1SFzWCKf,@Allllright I know they apparently got a DNA profile of him now.  I personally don’t know much aside from an episode of Unsolved Mysteries.  I just love the story about it ☺️,@moniza_hossain It’s like a list… having to do with blood typing and to some extent DNA but the genetic component is less important now that they have good anti rejection drugs.
On ITV tonight. The story of Sir Alec Jeffreys’ discovery of DNA fingerprinting and the Colin Pitchfork murders…. Repeat of Code of a Killer (TV Mini Series 2015) - IMDb - https://t.co/wBkKB9m8sv,"Genome Wide MeDIP-Seq Profiling of Wild and Cultivated Olives Trees Suggests DNA Methylation Fingerprint on the Sensory Quality of Olive Oil, a recent paper at #IRMC
https://t.co/X20PQU7KDu",,,"Weird thought, but do you think anyone in the pokemon world would develop pokeballs that register a pokemon and their trainer's dna for identification?

Like, you can't steal someone's pokemon by catching them because you need a ball registered for that particular mon?","Of all the shite that’s shown on TV, I didn’t see one advert promoting the re-showing of ‘Code of a Killer’ on @ITV last night. I mean, we’re only talking about the breakthrough in DNA profiling here… and why not show it over consecutive nights.
#CodeofaKiller #DNA","@MsGCele @spijorito According to my high school biology, they can’t have the same dna unless they came from the same egg. The moms are identical twins so their genetic profile is that of biological siblings, not cousins. It’s impossible for them to have identical DNA even though they look similar",
Just learned that DNA fingerprinting was discovered on my birthday in 1984. I take that as a compliment.,"In about a hundred individuals, each different antibodies, as unique as someone's DNA, or perhaps even more so  https://t.co/SbQFCWlCSH https://t.co/mAaGX4w8N8",,,".@DKAmbNL visited #ICMP HQ &amp; its DNA lab today. ICMP DG @KatBomberger presented ICMP’s programs &amp; the global effort to address the issue of #missingpersons in line with #ruleoflaw. Denmark is a longtime supporter of ICMP, particularly its Disaster Victim Identification Platform. https://t.co/yOEHYXXBL7","Genome Wide MeDIP-Seq Profiling of Wild and Cultivated Olives Trees Suggests DNA Methylation Fingerprint on the Sensory Quality of Olive Oil, a recent paper at #IRMC
https://t.co/X20PQU7KDu",@jessicaalvesuk @MailOnline Just show a DNA profile.,
@BBCWorld @BBCNews Sir Alec Jeffreys developed the techniques for genetic fingerprinting and DNA profiling which revolutionised forensic science worldwide. 
He is still overdue a Nobel prize to this day.,"@Abramjee @GovernmentZA @RediTlhabi @DNAforAfrica @PresidencyZA @CyrilRamaphosa You are worried about DNA, but does the country even have a fingerprint database?
Previously arrested individuals are still committing crimes because they know @GovernmentZA  doesn't give a shit anyway. Only high profile cases get follow ups.",,,"@jennfahnh @Pennypug3 @sammy_0907 @JksKathryn @BrianEntin Remains = body. Remains doesn't exclusively mean bare bones.

I don't think DNA identification is uncommon on a body.  

Also remember a body that she was missing for a long time, some decomposition will have taken place that might not make her very recognisable.",#FreeDownloads! Read #FREE “Biological Sources of DNA: The Target Materials for Forensic DNA Typing” https://t.co/lELKVC56Kg from our #OnlineFirst #Handbook of #DNA #Profiling https://t.co/Ie5kiO0K1U #LivingReference #FreeAccess  #ForensicsScience #MicrobialForensics https://t.co/yLkjn2CeVa,"#HEYJB #HEYWALT 

Did any reporter ask if a rape kit was performed?  

If a third DNA profile is found, that is consistent with rape/murder.",
Code of a Killer (2015–2015)
#IMDb 

It’s a repeat but definitely worth a watch; it’s a drama documentary about how DNA fingerprinting was developed and lead to the arrest of Colin Pitchfork. #DNA #CodeofaKiller ⁦@ITV⁩ tonight at 9pm.  https://t.co/AZs2TuMJqM,"@verycomfyghost @AgentGingie @ChristianTurle6 @j4nnabanana @PoorlyAgedStuff Yeah but you don't know how big that is. Even before the widespread internet there were fingerprint databases. Whole DNA databases. Face and well, ID systems You really think we aren't tracked our entire lives? 
I suggest you get used to it, It's not going to end anytime soon",,,"The LaSalle County Coroner has identified the male body found earlier this month as 25-year-old Jelani Day of Bloomington, Illinois through forensic dental identification and DNA testing and comparison. He was reported missing back on August 25th. #JelaniDay https://t.co/sV2jUkg8KD",@BBCWorld @BBCNews Sir Alec Jeffreys developed the techniques for genetic fingerprinting and DNA profiling which revolutionised forensic science worldwide. 
He is still overdue a Nobel prize to this day.,@dna Why low profile to take sympathy... She was shooting romantic song after 10 or 15 days in September... Making funny reels... And her PR team was telling that she is not eating and sleeping @ishehnaaz_gill,
Based on: Sir Alec Jeffreys' discovery of DNA fingerprinting https://t.co/aifFgBBtJE,@JonRussett @Ricky_K67 It dawned on me that the U.K. fingerprint migrants but what they don’t do is take DNA

Every arrested person gets DNA taken for cold case reviews etc

This lot don’t . We are importing thousands upon thousands and no one in government has thought to take DNA,,,IDENTIFICATION solution for your most valuable assets. MICRODOTS give vehicles and other assets DNA to make it easier to identify and link them to their rightful owner.

Visit our website for more information.
https://t.co/TahXdcbyAl  
info@datadot.co.za 
0861 1000 10 https://t.co/G3ceX0bKcM,#codeofakiller Extraordinary that DNA profiling was unknown in 1984. Wow.,"@AriseChevelle @M0NICA_GROVE @MiStakesWilBmad @NatillyWelshie @Br0naghx0x @GaoledDaisy @scrlovelife @JulietteAsselin @InsomniacDI @Tate_TheCat @TechOutonYT @RealZiggyFlo @LaVieTM @Colin85133853 @LauraAliaga2 @pittflip0 @CharmingTom3 @jefrosty @DeDe007777 @icono_clastic @DizWARE @Luv_Rhyen @MasonBluHundred @truecrimetime20 @godesselecktr @Natasja_NL @DarrylFitzgera6 @MaDaMBu06332773 @EtMattson @SSproul @TCMoulton @BrujaTerven @gardenlilac2 @BubleLaRocca @XrpLady @EarthAngelGreen @Miz_Kellie @Timmytwoface @TrishaMD73 @marylu_sanchez7 @AlexPierson0 @Moosh0611 @RoyalzX_ @1plus1equals22 @GrownRoom @CultureFixer @RobDadamo @pholkphan @_Lesleiigh @NorthPortPolice If it’s his DNA that doesn’t really help the case.  If there is a 3rd dna profile on her neck, that indicates someone else was involved.

Also, did any reporter bother to ask if a rape kit was performed?",
Don't miss @AnnaMadeley1 &amp; PAUL COPLEY in 'Code of a Killer'... The story of Sir Alec Jeffreys' discovery of DNA fingerprinting and its first use by DCS David Baker in catching a double murderer😱 
Part 1 on tonight at 9 on @ITV,Pyracy to technology &amp; human tracking. Fingerprint &amp; DNA unlawfully used or extraction of data- installing of Data- manipulation of forensics- to  &amp; for defamation &amp; destruction. 25 year to life. 
Prime Minister of 9 Central America &amp; #TheCoatofArms. @RoyalFamily @LibnOfCongress https://t.co/cJuSH1jHgN,,,"Join us tomorrow for our latest webinar! Recently, interest has grown the #molecular #biological targets for cannabis including #DNA for strain verification, sex identification and the isolation of DNA and #RNA for microbial contaminants. 

https://t.co/MxEDn3UUyn https://t.co/PjtBZQwnlf",We 💚love💚 these photos of some very impressive students learning gel electrophoresis and DNA profiling ... in first year! 🤯
Thank you for sharing the photos @GoreyEtss. We're looking forward to seeing what these scientists do next! 
#BiotechExperience @ABEProgOffice https://t.co/idow3wAkSd,This dude got a dna test as his profile pic !!?????,
"Qatar Biobank, part of QF-RDI, has a full robotic approach for samples traceability together with a unique functional quality control check for DNA fingerprinting that played a vital role in designing, developing https://t.co/GmHcjeC7Do","I have a better idea. Let’s put a phone tracker on all men, have all men give compulsory DNA and fingerprint samples and laugh at them overreacting when they say “but it’s an invasion of privacy”. Women are not the ones that need watched. https://t.co/lFK2u1PrMT",,,"@ChaserDavey @tiobraidarann @Bernade88965032 @NFoster66 (2)...and indeed, with the prevalence of mistaken identification and false testimony, inferential proof is oftentimes thought to be even more reliable than direct proof. There's compelling circumstantial evidence in this case.  Fact.  Not my narrative.",[ASAP] Profiling DNA Damage Induced by the Irradiation of DNA with Gold Nanoparticles https://t.co/FoLdNTLGbj #chemicalphysics https://t.co/XsUV8EqiCd,"@glowballist @shartcritic @EMosburg @ebruenig Well, that varies a lot from place to place. Sardinian DNA has changed little since Neolithic times, for example. And if we're talking about other parts of the world, Japan only acquired its current genetic profile well after the beginning of CE.",
Typing of Aeromonas isolates from children with diarrhoea and water samples by randomly amplified polymorphic DNA polymerase chain reaction and whole cell protein fingerprinting https://t.co/5mgBhj7zUS,"@Texasiswhereil1 @Trump_Detester @WashSquareGirl Yeah…but that’s not the kind of “proof” you could use to prove that someone living today was born 150 years ago. I mean, no DNA or fingerprint data. If an old dude claimed to be 850 years old could you disprove it?",,,"MURPHY THE TERRORIST IS RUNNING THE COUNTRY AND HAS SPENT 40 YEARS OF IMMIGRATING SANTANIC WORSHIPPERS TO AUSTRALIA,,TO KILL OF NON CRIMINAL DNA FAMILIES,,AND STEAL THEIR IDENTIFICATION AND ESTATES,,SO IF YOUR A GOOD PERSON IN AUSTRALIA YOU GET TREATED AS A CRIMINAL","@strandedatsea Leicester. Richard III. Lady Jane Grey. Roman Ruins. The birthplace of DNA profiling. Daniel Lambert. Gary Lineker, Kasabian, Englebert. Plus amazing food and drink",The solution to improve the effectiveness and efficiency of #DNA in @GovernmentZA is through the use of modern technology like #RapidDNA

Sample in ➡️ DNA Profile out 🧬 in 90 minutes⏳

⚖️ Justice in days not years!

@RediTlhabi @DNAforAfrica @ActionSocietySA @MandyWiener https://t.co/yVzvdey1PL,
@RoodGridance Over 16 years ago the US started fingerprinting and taking pictures of anyone entering the country. DNA is taken whenever someone is arrested in the UK since the same time.,@dcag39 @WeCassandra @DMiddketon @AngelaRayner Doesn't your passport require you to have a fingerprint DNA sample...,,,Save Money and Protect Your Dog With This Highly Rated Dog DNA Breed Identification Kit https://t.co/cVzi3Oy7kT
#adaptiveleadership,Term: Low HR: DNA methylation profiling identifies two distinct subgroups in breast cancers with low hormone... - https://t.co/ovioizL0F4 #ScholarAlerts,"@BluRevolution8 @mtgreenee I would like a full DNA profile before stating “woman.”
Throw-back, maybe. Woman? Nah.",
"lf rush commissioner reflection essay 5 min video about DNA fingerprinting, deadline today 2pm (250-300 words) :&lt;&lt;","There is no DNA or fingerprint evidence that directly ties Gooch to the crime or the scene, but prosecutors said the circumstantial evidence they have is enough to convict Gooch.  https://t.co/jfJi6fS0Qt",,,"Get a 100% accurate Paternity Trio DNA Test for relationship identification at an affordable price. We use alleged parents' and child's DNA samples for Paternity Trio Test. 

Call: 7042446667, 9266615552

Visit:- https://t.co/Yix8lRcLjS

#PaternityTrio #paternitytriotest",Wonder how many unsolved crimes would be solved with DNA profiling if the Gov used all the Covid Testing Samples and matched DNA’s….,2/3  Weirder: they can tell if you are twin even if the other twin didn't make it. 

"We train an epigenetic predictor to .. predict with reasonable accuracy if an individual is an twin based on a blood or buccal DNA methylation profile.",
"Virtual workshop on DNA Fingerprinting with an opportunity to obtain hands on training with Genome Foundation, Hyderabad!

Bringing to you 3 days virtual workshop on DNA fingerprinting on Oct 25-27 from 10AM to 1 PM. 

Registration at : https://t.co/xkpFtCIf80 https://t.co/dxxU0c5Lib",Teaching another 60 kids to run electrophoresis gels through @miniPCR forensics dna fingerprint. @IAFultonSchools https://t.co/trr5cus2AY,,,Forensics: The 2018 California Wildfires: Integration of Rapid DNA to Dramatically Accelerate Victim Identification – Gin – 2020 – Journal of Forensic Sciences https://t.co/DJjpQvuQth,"#BiologyWeek comes to a close today... have you visited our extensive #biology collection?

From interviews with forensic scientists, to courses on DNA profiling, to breeding the rarest fish in our game, there's so much FREE #learning to explore.

https://t.co/d6zEXXNnpG https://t.co/ivW1a0b5SQ",@Interloper_X @TPostMillennial Side profile white boy thinks his 23 and me .08% black DNA makes him a brother.,
,,,,"If I’m not mistaken, when the coroner gets an unidentified body, the lower jar is removed for dental identification &amp; DNA purposes. I think you guys should learn about the post-mortem process before screaming “organ harvesting”.","“profiling evil” YT discussed absence of DNA being just as incriminating, so if Gabby’s van was scrubbed clean by #BrianLaundrie &amp; #LaundrieParents to the point of neither BL or GP’s DNA being present despite them living in van then this can #implicatethelaundries #guiltyasHELL",Such a clever adaptation of CUT&amp;TAG to profile several DNA binding proteins simultaneously with adaptation to single cell profiling from Thomas Fazio and Sneha Gopalan. Happy that my group was able to help a bit. https://t.co/bW1SFzWCKf,
,,,,"The #LaSalleCountyCoroner's office would not let his mother view his body for a month. She noted a 'lack of urgency’ to find her son, a graduate student, by police. And why did they need to send his tibia out for DNA identification? That's not normal.",DNA methylation profiling identifies prognostic #chordoma subtypes. Liquid biopsy methylation profiling may help to non-invasively diagnose and subtype chordomas.

https://t.co/uEAaAgRA7Y

#btsm @gelarehzadeh,"@eiamw @anne12262550 @simsy1977 There's serious info on Twitter regarding 💉d getting CV- some inundated with spike protein copies OF the vaccine, &amp; ⚰. Would guess that powers are acquiring people's DNA on the end of those swabs so as to profile you. Once👮🏼‍♂️have yr DNA on file you have a battle to delete it.",
,,,,"@9NewsAUS At this point all the citizens of the earth will wearing a microchip as a device for currency,identification card,dna,check vitals as bp,O2,glucose in blood,etc not later than 2026.",So watching the new Bond movie. They literally are throwing their depopulation agenda on our face using DNA profiling through Nanobots 🤦

Targeted killing is the plot of the movie. Wow.,@wurzel260654 @flyingdancer @zapotat_hoe @LasagnaLila @TheKhazarian @SamFan71049180 @HenMazzig @AlJazeera_World @amnesty Blooming Greeks. 
Everywhere! Only the Vikings and Romans came close. The days of “Empire”. 
Even Russia. The Russ Vikings. 

Makes me wonder if any of us are (entirely) who we think we are. My DNA profile resembles an endemic pandemic.,
,,,,State law enforcement officials told The Pantagraph on Sunday that DNA backlogs did not slow down confirmation of the body found in the Illinois River last month as Jelani Day. https://t.co/ZcEiTXrhRG,@ShanqiueB Alan Turing. Colossus computer. Microprogramming. The de Havilland Comet. Francis Crick (and Watson). The atomic clock. Carbon fibre. Peter Higgs. Touchscreens. IVF. DNA profiling. The World Wide Web. Iris recognition. SMS. Graphene...,"Hi @embarkvet. My name is Cleo &amp; I’m a 20lb rescue (top pic). I did your DNA test, but after hearing stories of wildly inaccurate results, my human thought it would be a good test to use a fake profile pic. So…are these results possible &amp; am I 25% #pitbull?? My vet says no way! https://t.co/rcULMimisS",
,,,,"#ICMP Head of the #DNA laboratory, Mayra Alexandra Mayr-Eduardoff took part in #Mexico’s #VCongresoCienciasForenses @LCF_UNAM to talk about important contribution of #DNA in identification of #missingpersons. @RedForenses (1/2) https://t.co/TJadYth02W",@billmckibben By then we'll have terminator robots to cull the progeny of those responsible based on instant DNA profiling done by tiny flying drones.,"Governor Ralph Northam announced last month that the Department of Forensic Science reached its 15,000th DNA Data Bank “hit.” This is a significant milestone in the history of the Data Bank, which was created in Virginia in 1989.

📖: https://t.co/D1N6LNBJye https://t.co/CxLkO8hxZs",
,,,,@DonaldMcBee @drewalanscott Non Bi pedal. Not humanoid. Humans are apes. Even the identification ‘humanoid’ is xenophobic as humans share 99% of their dna with Chimpanzees. They shouldn’t even get their own designation. 😜 (I didn’t say this just paraphrasing),,"Even though #ShehnaazGill has resumed work to promote her upcoming film '#HonslaRakh', she is still keeping a low profile.

https://t.co/gnWSDGAt8K",
,,,,"@LeMoustier @Qafzeh It’s nice to see everyone had visual identifiers, could this have for identification in slaving mating or all aspects of life? After all there was little else to go on other than dna. And even that travels. No?",,@Yakuza28287558 @SenWarren Sure 3 followers with 8 digits  after your profile name.  

She might have had some Confederates in her family given that DNA test. But politically she is certainly farther away from them now than her indigenous ancestry.,
,,,,It'll actually be used to brand wagies with DNA identification of their corporate owner in case they try to escape the plantation,,IT raids on Hotel Fairmont Jaipur. This Hotel is known for high profile destination weeding.  It's closely related to Deputy CM of Maharashtra @AjitPawarSpeaks.,
,,,,Doesn't the hesitancy to  identifing Australian aboriginal orthanticity thought DNA leave the aboriginal race venerable to fraudulent Aboriginal identification claims.,,"Please @FBI do a profile on men who dm "hello dear," bc I promise you they have DNA that matches what you're looking for https://t.co/kCXjqsHKwK",
,,,,@FahertyWSOC9 The public won't know if this body is Brian Laundrie or not for a while yet.

Next of kin have to be notified of the possibility and an identification has to take place.

Depending on the circumstances DNA &amp; dental records may be required for complete ID.

#BrianLaundrie,,@JBFalke sure thing. really dont expect anything too precise; see those companies updating their datasets &amp; therefore ppls 'changing' all the time. still an interesting enough bet after giving up any illusion my dna wont or hasnt already been turned to data/shadow profile lol.,
,,,,"@NBCSGiants @TomCruise if @TomCruise went up to a hottie and said “hi i’m tom cruise” the girl would immediately ask for a DNA sample , 2 forms of identification and confirmation from her 50 yo mother that he was who he says he is . maybe he’s filming vanillasky2 https://t.co/TnYSF44Xnm",,"@WIRED They should just have an Iris/ Retina/ DNA profile of everyone, and then you don't NEED to carry ID with you.",
,,,,"@Vinsmoke_Lopez I get what you mean and I do know my biology. But if I start going into the finer details of everything, no one would understand. I have to use terms that are easily understandable to establish the existence of biometric identification through DNA matching. That's it",,@NFoster66 Lie detectors are bullshit pseudoscience. If Bailey passed or failed it would demonstrate nothing. What we do have is a DNA profile found on Sophie's boot. Why is no-one calling for this to be checked? Shouldn't this be "top priority"? https://t.co/26ahDq4ben,
,,,,@anti_hasbara @FiliSapien @AliAbunimah Arabs are the settler colonialists as history (not your fantasies) testifies. There’s no specific DNA identification for ‘Palestinians’ because there’s no such ethnic group which is consistent with the historical record. https://t.co/XWbjtzAyAU,,@BerryOkumura @G4TV Us Phantom Thieves know how to style and profile! It's in our DNA! 😄,
,,,,See also

    Clearance rate
    FBI Victims Identification Project
    Forensic engineering
    Forensic photography
    Forensic science
    Genealogical DNA test,,"@bourbonstreetg1 @justice4julius You’re misinterpreting the actual statistic. The forensics experts said that the likelihood of there being another black person that could match his DNA profile as well as the profile on the murder weapon is 1 in 100,000,000",
,,,,@RIPGabbyPetito an autopsy is not done to identify a body. it's to determine cause + manor of death. Identification is done via fingerprints at the morgue if no ID or if decomposed dental records or DNA.,,"@Abramjee @GovernmentZA @RediTlhabi @DNAforAfrica @PresidencyZA @CyrilRamaphosa You are worried about DNA, but does the country even have a fingerprint database?
Previously arrested individuals are still committing crimes because they know @GovernmentZA  doesn't give a shit anyway. Only high profile cases get follow ups.",
,,,,"Today's guest bloggers share the story of Lydell Grant, who was proven innocent based on a review of the DNA evidence collected from the victim's fingernails.

https://t.co/vIiwVubltT",,@UK_Centrist The dna profile of Covid19 

https://t.co/OBW6uIuagx,
,,,,"DNA identification was never going to be done after PIA Aircrash!
Entire God damn Govt knew it &amp; is covering it up
@ImranKhanPTI explain the meaning of this.
@OfficialDGISPR @DGPR_PAF 
WTF?!
MEDIA BEEN QUIET ALL ALONG!
HAD I NOT STARTED THE DNA process, we wud never have known 🤬 https://t.co/pRzvlbOzsM https://t.co/AVjSUgcKZv",,"@BlackWorldLife @TheDailyShow @michaelkosta Science, my dear fellow. Science.

The Mongul DNA profile (Eurasian and Asian DNA strand) is shared across all "Native" American people. 

Mostly Siberian, so very closely related to white folk too.

The true 1st Nations, Native tribes were wiped out, less than 1% DNA remains.",
,,,,"@phillip05537346 @shi_huang5 No, I don't doubt Naledi as a candidate for the 19% archaic Hominid DNA admixture as identified by Durvasula and Sankararaman.  Not at all.  But I question the identification of Naledi as genus Homo.  Very possible Naledi is simply the last surviving Australopithecine.",,"On this cultural appropriation thing. If I go into a cafe, to order a Full English Breakfast; will I have to provide a positive genetic DNA test to prove an English ethnic profile, to be allowed to eat it, without being accused of "English Fishing"",
,,,,"“ In the days before DNA testing, nothing could rival a fresh cadaver for an accurate identification....”
https://t.co/SEtq87v4nG #ForensicScience #PostMortemID #HistoryofForensics",,"@tiobraidarann @Bernade88965032 @ChaserDavey @NFoster66 Cailín, wouldn't be surprised if a new suspect was to surface with the fllwng profile: deceased male, foreign national (Italian/Spanish/Dutch), reputed to have a violent temper, acquainted and/or obsessed with Sophie, confessed to the crime bf his death🤦🏻‍♂️🤦🏻‍♀️",
,,,,"@AlondraNelson46 @cherkies who stores data profiles on us and what guarantees ithe db won't get hacked?  Who do we hold accountable if biometric data is compromised?  What alternative for those who refuse to submit their faces, fingerprints, eyes, voice, and DNA data for collection and identification?",,I have that rare Western German / Frisian blood. Not many people are left in the world with that. They would never match the DNA profile. https://t.co/33GjEfSSlF,
,,,,,,when i asked my dad if hypothetically somebody was murdered where he lived and a year later the police had zero leads and they asked the 5000 people in the area at the time that matched the profile given by the dna at the scene to give their dna to narrow the pool of suspects-,
,,,,,,@SriRudyBABA @love_a_man @MyNation_net @MensDayOutIndia @rashtrapatibhvn @narendramodi @RahulGandhi @RajThakre09 @ThakreUddhav @ArvindKejriwal @BJP4India @INCIndia @theShivsena @RSS4India @AITCofficial @HMOIndia @ndtv @News24 @aajtak @ABPNewsTV @dna @republic @mid_day @mumbaimirror @Ani_News @BBC @nytimesworld @Independent @SkyNews @smritiirani @sharmarekha @SwatiJaiHind @fayedsouza @poojabeditweets @BDUTT @Nidhi @sagarikaghose @AnjaliB_ @MinistryWCD @NCWIndia @SmritiIraniOffc @unwomenindia @SheThePeople @sonal_mansingh @DrKiranmayee1 @kapoors_s @SayftyCom #CrimeByBharatkiLaxmi - 1202

#FakeCases_498A_DV_125_307_354_376_377 
#HelpMeMyNation 
#GenderBiasedLaws
#BreakingNews

#HR: Yogesh Batra High Profile Murder Case: District Court sentenced 4 people including wife Priyanka aka #AblaNari to life imprisonment
https://t.co/R4mdkWla2o,
,,,,,,@Olakisuke20 @wyre_147 @BeautyGina4 @Ibnbazo @iamoudah @SaharaReporters Okay. You don see am now you still dey ask for DNA profile.
Am sure you can do your own investigation at this point🙄,
,,,,,,"@kathrynheard99 My DNA profile says I’m 8% Viking! Makes sense, my Scots are highlanders. 😁 It  also  Explains  the  auto  sunburn  with  any  exposure  🤣😂🤣😳",
,,,,,,"The DNA methylation profile for e-cigarette use is distinct from that of cigarette smoking. Further, it does not replicate in independent samples and is unable to discriminate lung cancer from normal tissue, finds a study published in Clinical Epigenetics. https://t.co/PoAPJ6HPow",
,,,,,,"@BourgeoisViews @marvinskyelo @Irissykes14 @Maddiesvoice1 @MikeJakey1947 @PamGurney70 @poppypippa2 @harryrag @ScamHunter487 @jam_J_M @craig_c83 @Patriot_4_MAGA @Lostinthecity7 @chickienob @emily23800584 @MayklWalker @bob93265343 @5haronl @Esjabe1 @D_Owanlen @MistyDa83907643 @MaverickLite @Andreamariapre2 @SidShite @Francis60905029 @AnnaEsse @MikeJakeman5 @JBLittlemore @lindale22381726 @forevershallon @PhilipTann1961 @D_Dobrovetsky @milesbetter73 @Shatnerella @Shirley60483124 @njbennett @ElizabethKeesey @LostCuriously @MMTRUTHORLIE @debgee9 @Neil81417504 @McCannCaseTweet @kathypriestley5 @artsmarse @bka @I_Love_Cats2014 @fiorifan @Babs108164110 @CarmenRose610 @Caesar2207 2 Dogs :
10 cars, 1 alerted the dogs
5 apartments, 1 alerted the dogs.
Multiple clothing, 1 profile of clothing alerted the dogs.

McCanns property ONLY, full match DNA, then retracted.

No indication of an abduction.

Yet you pro's think it's CB, sh** for brains big time 🤦‍♂️",
,,,,,,"@BethFisherSport I have just received a letter from Police Scotland, detailing 3 rapes in my area dating back to 2012. They now have a DNA profile and have given a description of this person who is responsible for all 3.  They are asking for info and mentioning a reward. Am seriously unnerved.",
,,,,,,"@davenewworld_2 Testing neg for saliva does not mean no saliva - it's not a sensitive test. Also, doesn't need to be saliva just bc it's being worn as a mask

DNA mixes are hugely problematic, so depends on how clean the data was- how major his profile was.

Is there vid of the killer wearing it",
,,,,,,"@CharlesRixey @Ayjchan This guy, sitting next to Baric looked REALLY tense throughout his reply. Then visibly relaxed.

His profile: https://t.co/X6ZWEAq5Z3 https://t.co/SL8UWfVmKk",
,,,,,,@EuanRL Narcissistic Trans Activist Extremistm. Attention seeking much? People aren't "transphobic" just because they aren't attracted to you. 😑As a Transgender woman you must know that at the end of the day you STILL have the biological DNA profile of a male. BIOLOGY IS REAL.,
,,,,,,@campbellru24 I would need a DNA profile to fully confirm his guilt.,
,,,,,,@ProductSalesMa1 @zenithpks @archeohistories “Ancient genome from this area contains almost no sub-Saharan DNA that dominates the genetic profile of modern Egyptians”
Paintings. Lol.....
Genetic studies show that sub-Saharan DNA was non existent but Levantine DNA and much closer to Europe than now. That matches this photo,
,,,,,,"@thebasekeguy @Africa_Archives Sub-saharan is a foreigner term and middle east is not? Lol. Yet u choose an Egyptian profile pic u don't have a history of your own, historyless man? Islamic empire reached Spain or the spainiards are descendants of Arabs too? Lol. Ignorant. I'm glad DNA exists. Cry.",
,,,,,,"@philsageek @Kbela50 @myMiddleofme From a guy who goes on about family DNA in your profile - seriously, you should be ashamed at the way you treated us here.",
,,,,,,"Selling all UR &amp; company info to Facebook, google, etc, like all needs to stop or demand that companies like this stop profiting off personal info.  Even your DNA info is being sold if you use 21 and me Etc.  Ancestry 4 your heritage line WOW, what a profile they could have on U https://t.co/qohHjGe7Vn https://t.co/32TB5PFG1R",
,,,,,,"@Ducky68257909 Is this a normalised immune profile or something? Can't be universal, since, apparently, inflammatory response will be different according to ethnicity?",
,,,,,,"And ultimately prioritized adenine base editing because we found it be more potent and more precise, with a better safety profile

Specifically, 

base editing 
= no DNA double-stranded breaks 
= decreased risk of chromosomal translocations https://t.co/QKMi673BxT",
,,,,,,@Ed33714828 @BreezerGalway @RWMaloneMD @ukreal1 @SwaledaleMutton Ahhh well my profile says I'm the inventor of DNA and that's twice what RNA is so in yo face. https://t.co/8fHdIrG4pq,
,,,,,,Grandmaternal #smoking during #pregnancy effects #DNA #methylation profile of grandchildren – researchers from @uofmemphis and @unisouthampton  utlize data from the Isle of Wight study to uncover this #intergenerational #epigenetic effect
📚https://t.co/QLpWHNZcBP
#epigenomics https://t.co/fMqw85ImjS,
,,,,,,@jam_J_M @BourgeoisViews @Maddiesvoice1 @craig_c83 @Patriot_4_MAGA @Lostinthecity7 @chickienob @emily23800584 @MayklWalker @harryrag @bob93265343 @5haronl @Esjabe1 @D_Owanlen @ScamHunter487 @MistyDa83907643 @MaverickLite @marvinskyelo @Andreamariapre2 @SidShite @Francis60905029 @Antlad30 @AnnaEsse @MikeJakeman5 @JBLittlemore @lindale22381726 @forevershallon @PhilipTann1961 @D_Dobrovetsky @milesbetter73 @Shatnerella @Shirley60483124 @njbennett @ElizabethKeesey @LostCuriously @MMTRUTHORLIE @debgee9 @Neil81417504 @McCannCaseTweet @kathypriestley5 @artsmarse @bka @I_Love_Cats2014 @fiorifan @Babs108164110 @CarmenRose610 @Caesar2207 @Tassie666 @cybgen @PJudiciaria That is just you and your uber suspicious mind.  The PJ wanted the world to believe Kate &amp; Gerry #McCann were guilty and that is why they leaked lies but it backfired.  If Madeleine's complete DNA profile had been found....so what?,
,,,,,,"The Zodiac case takes another: there is no confirmed DNA from any of the Zodiac killings. Police managed to create a partial profile by testing saliva traces from a stamp on a letter sent by the Zodiac, but that can only rule suspects out. https://t.co/kTxFbsiC2A",
,,,,,,Anyone else want to see an online debate between @neiltyson  and @voiceatilityguy (Dr Mindbender) on the ethics of using high profile DNA to make super soldiers/leaders?,
,,,,,,"@BzhClair I discovered 2 years ago, that a grandmother of my mother (on her father’s side) was from a typical ‘low profile’ hidden jew family, doing home textile work.

Serious DNA test confirmed that I have significant genes from Middle East, within a sea of Celtic or Germanic ancestors.",
,,,,,,"@Barbara_Gare_ Make a new profile as their biggest fan (with a pic of their profile) and only follow them. Only post questions asking for "DNA removal tips" and yell at Ted Cruz articles. The last bit sounds random, but everyone hates Cruz so its fine.",
,,,,,,"@QuinnPBrown It's also not YOUR right to REDEFINE the word, Lesbian just to fit your own  narrative. Reality ✅: As a Transgender woman, at the end of each and every day, you still have THE BIOLOGICAL DNA PROFILE OF A MALE. Otherwise..Why call yourself "transgender" at all? Attention seeking?",
,,,,,,@MDemenchuk @nicenewsskirt @lilyandrewsmom @RWMaloneMD The johnson and johnson is a DNA vaccine. It is still the injection of nucleotides and it still has no long term safety studies. The technology still injects my cells with nucleotides for protein replication and it still has no long term safety profile.,
,,,,,,"@MDemenchuk @nicenewsskirt @lilyandrewsmom @RWMaloneMD Furthermore I want to be extremely clear.

I have no issue with vaccines.

I have an issue with mRNA and DNA vaccines, specifically because they have no long term safety profile.

There are dozens of COVID19 vaccines from around the world that do not rely on questionable tech",
,,,,,,"Although I have virtually no knowledge of my origins or the people I came from, I always rejected every suggestion to use an ancestry service out of paranoia that my DNA profile would be harvested for data mining, especially by China.  Guess I was right.

https://t.co/zKbimpGq9r",
,,,,,,"$CYBL you remember those tweets about #TestBeds … how about Multi Domain using #NVG  which is connected to the thread pinned on my profile about #FlightEyeDNA, #LiDar, #StrategicIP.

It’s ALL relevant.

@CyberluxC CORE DNA is a #Military #DoD #InfrastructureTechnology company.💎 https://t.co/b9rSltuTYa",