dna fingerprinting,dna fingerprint,genetic fingerprinting,genetic fingerprint,dna identification,dna profiling,dna profile,dna typing,genetic profile,genetic profiling
"#OnThisDay in 1984, Professor Sir Alec Jeffreys identified the world’s first ‘genetic fingerprint’ at 09.05am 👏 

👉 https://t.co/vzo1L1ukym  👈

#UoL100 | #CenturyOfChange https://t.co/1tdJ3F8wqf","#HUMINT #Tradecraft #OPSEC #Toebbe 
US Forever Stamps are self adhesive, so could perhaps be stuck on an envelope using gloves &amp; or tweezers, without leaving fingerprint or DNA #Forensic clues. As sold in sheets of 20, the other 16 may provide circumstantial evidence if found. https://t.co/RNAY9KzUOP","#OnThisDay in 1984, Professor Sir Alec Jeffreys identified the world’s first ‘genetic fingerprint’ at 09.05am 👏 

👉 https://t.co/vzo1L1ukym  👈

#UoL100 | #CenturyOfChange https://t.co/1tdJ3F8wqf","#OnThisDay in 1984, Professor Sir Alec Jeffreys identified the world’s first ‘genetic fingerprint’ at 09.05am 👏 

👉 https://t.co/vzo1L1ukym  👈

#UoL100 | #CenturyOfChange https://t.co/1tdJ3F8wqf",@AliceRosex93 @JulianaTheJaded @KimGlynn @BrianEntin So bone destruction shouldn’t be your problem. We could have a DNA identification by now.,"Calling for solidarity with #migrant workers subjected to racial profiling in massive DNA sweep at upcoming #HumanRights hearing starting on November 22nd, 2021 EST. PM for details for this historic hearing for 54 #migrants https://t.co/6Dco17FFXj","🐕 TERRY went #missing at Matara wedding venue #Kingscote #Tetbury #GL8 26/9
SUBSTANTIAL REWARD FOR SAFE &amp; FAST RETURN
He has VERY IDENTIFYING MARKINGS,
🔴LONG LEGS
🔴DISTINCTIVE KINK IN TAIL
🔴WHITE CHIN
🔴WHITE SPOT TO CHEST
🔴DNA PROFILE HELD FOR TERRY 
https://t.co/p87s5mps4t https://t.co/9CFhgbQ6uU","Tomasetti, Li, Vogelstein (2017) Science 2017 Mar 24;355(6331):1330-1334 https://t.co/cZsJCMgpAA

Repeat testimony -&gt; 95.6% of NHL can be attributed to normal (random replication error) in DNA (now using typing analogy)

I'll highlight.. https://t.co/Hug1wA4y3B",The Mutated Bacteria in The Blob Explained | Origins and Genetic Profile... https://t.co/Zo2aW6RQl4 via @YouTube,"critical race theory Systemic racism is a genetic and essentialist fallacy. Systemic (structural, institutional) racism involves the same sort of thinking that led to eugenics; and is now elevated to a notion of national racial profiling."
"Scientists from the @wyssinstitute, @harvardmed, and @BostonChildrens used DNA to create "DNA Nanoswitch Calipers" (DNC), technology that permits distance measurements on single #peptides with high precision. #medtech #research #DNA

Learn more here: https://t.co/ZImQpblD0K",@Smilan317 Walk is the same and in the 
Olden days it could mark you like a fingerprint or a DNA test can 
Now.
Who else makes a pipebomb 
That doesn't go off.,@Smooch10046744 @PhilM22524472 @MailOnline Interesting timing. Just after the rerun of Code of a Killer on ITV. A case famous for the first use of DNA screening &amp; genetic fingerprinting.,"This genetic condition is also known as "Immigration Delay Disease," because affected individuals experience difficulty in passing through security or checkpoints where fingerprint identification is required.

There are only 4 families on earth till date known with this condition https://t.co/Id5rjxaMqq",@SaraInStereo @TracyDAustralia @Bertica520 @BrianEntin Dr Joseph Scott Morgan stated the same.  Dental identification is 75%. (Without DNA)

https://t.co/YS2HoSMEpm,Before the 80s you could get away with murder since nobody knew about DNA profiling.,"FDA Advisory Committee voted today to approve Pfizer COVID-19 vaccines for children age 5-11 at one-third the adult dose. The side effect profile seems better than for adults. With vaccines against COVID, children will be protected against MIS-C, long COVID, and myocarditis.",I really have a smart mouth so i really b typing so much shit then erasing it,"I URGENTLY NEED TO SELL MY WORKS

MY SISTER DOESN'T HA E CANCER, BUT A COMPLEX GENETIC DISEASE: INFECTIOUS ARTHRITIS

this treated only in Moscow

if you want to help me, then check my profile

I will be grateful even for $1: 

https://t.co/ZD8odbYdxs

https://t.co/QruwSHnPkL",The Diagnostic Value of Genetic Mutation Analysis and Mutation Profiling of cfDNA in Intraocular Fluid for VRL  https://t.co/cP1eQepOi4 #medRxiv
DNA Nanoswitch Calipers Created as Possibly World’s Tiniest Ruler for Fingerprinting Proteins https://t.co/SEdYN57Tfw via @GENbio https://t.co/EcKqvveyBm,"#OnThisDay in 1984, Professor Sir Alec Jeffreys identified the world’s first ‘genetic fingerprint’ at 09.05am 👏 

👉 https://t.co/vzo1L1ukym  👈

#UoL100 | #CenturyOfChange https://t.co/1tdJ3F8wqf","ARS Ag Genetic Resources Preservation Research Lab uses genetic fingerprinting to compare DNA profiles of Apple trees from 1800 &amp; 1900s w/ those stored in USDA Nat'l Plant Germplasm Sys. Apple Collection, to ID cultivar names guiding conservation efforts➡️ https://t.co/XYKT72vXMH https://t.co/Kknr19DVHj",@ProudOfNickiana @NICKIMINAJ Pinkprint was a super personal cover. Think about the art of make up and your fingerprint which is part of your makeup (genetic). So clever and artistic and personal,@JosephMorrisYT @lakmustang_kerr DNA samples from skeleton remains can only come from bone marrow. @BrianEntin reports that no DNA analysis has been done yet on the skeletal remains. The identification of BL was made using dental records which is highly accurate.,"Y‐chromosome short tandem repeats in forensics—Sexing, profiling, and matching male DNA https://t.co/MMEBMNJZj1","@alishaharveyx I’m thinking due to the high profile of this case, they are doing DNA identification as well.","@SCS_Disputes @CollinSLKoh @graham_euan For certain, the Yellow Vests would’ve been grabbed before dawn and put safely into concentration camps in Algeria. They would get the most accurate DNA typing and wait for matching Customers.

Healthy food, lots of exercise working as laborers to make money for France &amp; Algeria","@ShadowJediRb @thebilldozertx @mmpadellan My bent of my studies profile I am a Polymath, I love genetic details, I bred things, as a gardener, fish keeper, Chef, writer of complex genetic mutations in a future lab on a generational Space Ship sci fi epic. I dig deeply into all the current genetic knowledge and expand out",U.S. Warns of Efforts by China to Collect Genetic Data https://t.co/EhiL6qaLzJ @julianbarnes @paulkrugman Julian profiling is age old process. data analytics &amp; AI in the field of medicine &amp; science done by any is a blessing.scaring us that in the hands of China/its govt’s hands👎
"Fingerprinting proteins with force: What if we could identify proteins as easily as we can sequence DNA and RNA? Perhaps soon we will, thanks to new DNA Nanoswitch Calipers. DNA Calipers create a unique 'fingerprint' for peptides (the building blocks of… https://t.co/jKLRfKUECA",@OldNormality @AbbeyTheatre Next will be fingerprint or DNA ...sure takes the .."let's go clubbing" to a whole new level...and sure more to come,"Ms. Gambaro-Gunn's genetic biotechnology walked to the Genetics and Biotechnology center  @UWMadison and met with 4 scientists about their work in DNA Fingerprinting, work toward growing organs using cells from pigs &amp; using DNA to locate soldiers missing in action during WWII. https://t.co/FfTsrW9A4L",@BWJones I guess the trick is to find the right balance. On the one hand they provide a nice unique identifier. On the other hand if handled poorly they form the basis for identity theft and other abuses (see for example problems with mass fingerprint or genetic databases).,"@teaplings @imsdac @_ReggieG_ @BrianEntin It’s not 100% accurate. Generally around 70% accurate, so they use DNA which can be around 95% effective. Dental identification, although generally reliable for quick identification, has had many cases turn up where the identification was wrong.",KBC has experts in DNA profiling - find out more. 
https://t.co/bAjzjI2dgT
#DNA #forensics #solicitors #criminallaw https://t.co/TiHqpCfot3,"#TalkNerdyToMe #Coralreefs #OSU
@AVompe  investigates coral resilience to local and global stressors in Mo'orea, French Polynesia. Alex uses 16S sequencing to better understand the effect of stressors on the microbial ecology of these Coral reefs.   follow-https://t.co/49gwVoS852 https://t.co/UZMZtFasBT",AAAAAAAJDJJDJDJNDJRJJENRRKTKF.... DNA. 😭😭😭😭 I'M NOT ALIVE ANYMORE.. IT'S MY GHOST TYPING... #PTD_ON_STAGE,"Huge thanks to @ICR_London Scientific Officer, Denzil James, for talking through the PROFILE study on @PackedLunchC4, which looks into genetic factors that influence men's risk of #prostatecancer. https://t.co/gMWtm1T0jW",A bill in India 🇮🇳 proposing to collect genetic data to tackle crime has been criticized by rights advocates.

Campaigners say the database can be misused for caste-based profiling and can damage people’s right to privacy: 

https://t.co/WoovL6DuEa 

#GoodID👍🆔
The Centre for DNA Fingerprinting and Diagnostics Invites Application for Computer Programmer Grade A Recruitment 2021 

 https://t.co/uK3i8yskj8,Covid pass...ID cert..tickets for indoor events..next will be fingerprint or DNA??,@revision_2003 @3DCableFrEE @epiCCodingNET @MerriamWebster gamete intrafallopian transfer | geeked | genetic fingerprinting | glass ceiling | glute | go-to | Hadean | hantavirus | heterocyclic amine | Hib | high-intensity interval training | homeobox | horndog | HTLV-III | kick to the curb | laptop | Mandelbrot set | moonwalk nanocrystal,The CDC is continuing testing to see if the genetic fingerprint of the bacteria in the bottle matches those of the bacteria identified in the four patients. https://t.co/3UjS9Dg2p6,@neevie48 @BrianEntin You might not care about cause of death but FBI certainly will if it enables them to further investigate a homicide case. DNA testing wasn’t done first as per my previous reply. They’re not going to state they have a positive identification based on a few teeth.,Check out the new blog by @GuerinLindsey from @Hodges_Lab on Joint-Profiling of DNA Methylation and Chromatin Accessibility 👇https://t.co/EDfTIs9pIL #method #protocol #BehindThePaper,"@scrlovelife @Izzie78500068 @WFLAJB @NorthPortPolice I believe the remain’s are Brian’s 🤦🏻‍♀️ I don’t understand what made you assume I thought otherwise. Like you said, this is a high profile case with many mess ups so it’s natural people would rather await DNA analysis to be completed to be sure it’s him","I am typing slowly for you so that you can keep up, just because you injected a lot of people very quickly and they didn't immediately drop dead is not  scientific evidence that the experimental synthetic mRNA and DNA technology shots are safe or effective. https://t.co/K73d20bHpE","The PROFILE study aims to understand the genetic factors that influence men's risk of #ProstateCancer. Denzil James, Scientific Officer at the ICR, explains more below. 

Video credits to @PackedLunchC4.

#BlackHistoryMonth @cancerBRC @royalmarsdenNHS @ProstateUK @realpaulparker2 https://t.co/d2dagTL6Et","@thu_hv @RALCW1 @baldcold @waaaatt76 share the most similar genetic profiling to modern Egyptians, Palestinians and etc than to Arabians who appear to be a mixture of Natufian and Mesolithic Levantines and high Iranian Neolithic farmer DNA as well. BedouinA are different from BedouinB as well. https://t.co/cclooqoQq8"
"📢Methods and Measurement Conference by @poverty_action &amp; @NorthwesternU

📅Oct 28, 3pm CET

SPIA Chair Karen Macours presents a review of studies that both collect self-reported data from farmers &amp; carry out DNA fingerprinting on samples from their plots

https://t.co/Wqmh06Y5DS",To read more about our Forensic Services @SPA_Forensics.  
✅500 highly-trained and skilled scientists and staff.
✅4 main laboratory sites across Scotland.
✅ Biology: DNA; Chemistry &amp; Document: Drugs and Toxicology:Fingerprint Comparison:Firearms:Scene Examination plus!,"@fesshole Easily done. I look back on my third class honours thirty years ago, and I still have no idea how I passed. In a second year exam on genetic fingerprinting I coloured my thumb in ink and pressed it on the paper with the words 'I've failed haven't I'.",The CDC is continuing testing to see if the genetic fingerprint of the bacteria in the bottle matches those of the bacteria identified in the four patients. https://t.co/e6GPsZJos3,"They faked the dental identification, but they'd never fake the DNA results! https://t.co/Fuamdk9Gfy",Many fair skinned people are claiming to be Dravidian and trending  #BanNeet. This is scam. Use DNA profiling to determine who is Dravidian.,"@TrueCrimeCTime @Izzie78500068 @WFLAJB @NorthPortPolice well DNA wasn’t available at the time the remains were found &amp; this case is high profile so they did the next best thing which was dental records. &amp; you know what, once the dna comes back as Brian’s you people will still find some reason to not believe it","@prickly_gator @LynnBCO @TreinaLouise @theJaredPilon I am typing slowly for you so that you can keep up, just because you injected a lot of people very quickly and they didn't immediately drop dead is not  scientific evidence that the experimental synthetic mRNA and DNA technology shots are safe or effective.",@__justplaying My dad has taken much more than that. I have a very thorough genetic profile.,"Genetic discrimination is illegal, but in practice genotype profiling is used to identify valids to qualify for professional employment while in-valids are relegated to menial jobs."
DNA Nanoswitch Calipers Created as Possibly World’s Tiniest Ruler for Fingerprinting Proteins https://t.co/7QeS0JCBIb #dna,"When we talk about DNA &amp; consider the DNA of our organisation, how can we go deeper &amp; understand the unique values that represent us? or our staff? our players? What does your fingerprint look like? How can you use this for player development? #SparkYourCuriousity #FingerPrint https://t.co/J5hFxge1BS","@seanjward It’s the same mechanism as genetic fingerprinting - you take a sample of genetic material, apply enzymes and indicators, then compare the resulting segments for a recognisable  and unique pattern",The CDC is continuing testing to see if the genetic fingerprint of the bacteria in the bottle matches those of the bacteria identified in the four patients. https://t.co/mgbewvTkj2,"@Em_meh That would mean it was done properly. However, the identification was only confirmed through comparison. No dna confirmation. https://t.co/dxxVkIBPWK",Reservations should be based on DNA profiling to ensure no aaariyan steals seats. https://t.co/QQmygw2K5h,"@Antlad30 @BourgeoisViews @TomOBrien0401 @gkylilghost @marvinskyelo @AnnaEsse @5haronl @Francis60905029 @PamGurney70 @poppypippa2 @bob93265343 @MikeJakey1947 @Babs108164110 @forevershallon @MayklWalker @SidShite @Madamdefa @Shannon_McCann @vera_broughton @PhilipTann1961 @jam_J_M @Maddiesvoice1 @MistyDa83907643 @debgee9 @Shirley60483124 @MaverickLite @MikeJakeman5 @artsmarse @Irissykes14 @ScamHunter487 @craig_c83 @Patriot_4_MAGA @Lostinthecity7 @chickienob @emily23800584 @Esjabe1 @D_Owanlen @Andreamariapre2 @JBLittlemore @lindale22381726 @D_Dobrovetsky @milesbetter73 @Shatnerella @njbennett @ElizabethKeesey @LostCuriously @MMTRUTHORLIE @Neil81417504 @McCannCaseTweet @kathypriestley5 You've repeatedly claimed the FSS changed the results of the DNA tests, but you've never substantiated this claim. 

Have you seen any reports from the FSS that claim Madeleine's full DNA profile was found in the boot of the hire car? I'll even give you a clue: you haven't.","@2AMthou52768608 @julialachowiczz @WFLAJosh @NBCNews @PeteWilliamsNBC The feds will do DNA typing, regardless. The will evaluate whether a finger was neatly  sliced off or otherwise separated from the body.","They wanted me to consent to the use of my genetic profile for a long-term study, and so I said sure, as long it wasn’t used for any criminal investigation. 

So they asked if I had ever committed a serious crime and I said no, but we don’t know what I’m capable of yet. Test me.",But many people believe that the genetic profiling companies we send our saliva to have some reasonable answers to where we came from.
"@Based_FIN OK, so register them AS illegal migrants complete with fingerprinting and DNA sampling.
Then investigate every one of them and, should there be the slightest doubt about their claimed background, deport immediately.","Fingerprinting proteins with force: What if we could identify proteins as easily as we can sequence DNA and RNA? Perhaps soon we will, thanks to new DNA Nanoswitch Calipers. DNA Calipers create a unique 'fingerprint' for peptides (the building blocks of… https://t.co/jKLRfKUECA",,"Yikes!

"@CDCgov is continuing testing to see if the genetic fingerprint of the bacteria in the [#aromatherapy] bottle matches those of the bacteria identified in the four patients – one each in Georgia, Kansas, Texas, and Minnesota. Two of the four patients died." https://t.co/z7pCuTLrUU","@BrianEntin Dental records are extremely accurate for identification purposes. Nuclear DNA is difficult to get from skeletal remains so mDNA would have to be used which is maternally inherited, meaning everyone in a maternal line have the same mDNA","There is only one solution, as eminent thinkers opined - DNA profiling to decide Mulnivasi status and level of mulnivasiness. Add it to AADHAAR as an additional attribute. https://t.co/2GD4BlkAO4","Association of a body fluid with a DNA profile by targeted RNA/DNA deep sequencing - ScienceDirect" https://t.co/BHxYBVgT0I,@NeilCouling @mrfrankzola @rightsnet @publiclawcentre @SWLLawCentres @SouthwarkLawCen @CPAGUK @crisis_uk @camdenlc @WORCrights @turn2us_org @HF_LawCentre @MerseyLawCentre @gmlawcentre @DWP @APPG_UC @The_SSAC So when your saying when you can't yet do FAR worse...DNA typing? Bone scans?,@lil_doc_b No.  But there are some medical things to consider.  Mage genetic profile.  Find a great doc for advice.,"GENETIC PROFILING 
Although there's big teams of scientists working on it, we still don't know everything there is to know about genetic and certainly ancestral DNA inheritance."
"DNA Nanoswitch Calipers Created as Possibly World’s Tiniest Ruler for Fingerprinting Proteins

Researchers suggest DNC technology could be applied to fields spanning proteomics and nanotechnology, structural biology, and drug discovery. Learn more: https://t.co/kdjrRTlDPF https://t.co/iVzDHzh1SV",@PplsCityCouncil @digitalurn @LAPDHQ Our cops not only refuse to tell you who they are or if they're even cops but won't even tell you what they're arresting you for

I didn't know it was a felony until the fingerprint lady took my DNA

https://t.co/rF9z7e7eIs,,"CDC is awaiting test to see if the genetic fingerprint of the bacteria in the aromatherapy matches those of the patients – one each in GA, MN, KS and TX. That includes Lylah Baker, the little girl I wrote about recently: 
https://t.co/WJvKieutOh and
https://t.co/yC9Tx4muXM",@BrianEntin Is this normal?
I mean: is DNA testing that complicated? Isn't it the most reliable form of identification? Shouldn't it be the first thing to do?

What am I missing here?,"#FreeDownloads! Read #FREE chapter “Challenges in the #DNA Analysis of Compromised Samples” https://t.co/dDIVEBDQDe from our #OnlineFirst #Handbook of DNA Profiling (eds. H.R. Dash, P. Shrivastava, J.A. Lorente) https://t.co/Ie5kiO0K1U #FreeAccess #Forensics #MicrobialForensics https://t.co/8T6ixnj2qr",Oxidized Cell-Free DNA Rapidly Skews the Transcriptional Profile of Brain Cells toward Boosting Neurogenesis and Neuroplasticity https://t.co/sRg0t7wXbq https://t.co/BWRwdNm3lP,As of now while I'm typing this tweet 37 verified deaths have been confirmed by the Uttarakhand police.. heavy floods there.. Nainital floating.. tourists sufferings without food and water.. why no DNA by Tihaadi yet?,@_Carroh How can you change what is in your genetic profile ?!?,"What genetic profiling is doing for us. But still, it can be fun to find out this kiwi part Maori is of Icelander stock. Or am I?

An essay and linked thread. https://t.co/wcBL0HQztv"
@takesthecake2 @RErbium @krisgracehely @RageSheen @slsandpet @NjbBari3 @YouAreLobbyLud @sidherian @AlamYoosuff @RACGP @brookmanknight @JHRural @RealOzSAGE @imaanjoshi @drbecs @CdrHBiscuitIII @drajm @drgregkelly @emmaandollie @AndrewHewat @Randall87454048 @AlanBixter @xuchuanmei @CountryBee2 @RichardfromSyd1 @matt_barrie It's a bit like trying to use DNA fingerprinting in a world where everyone was a clone of everyone else and incest was the rule not the exception.,"Lowndes Co. Sheriff's Department gets CSI training on preserving fingerprints, other DNA evidence at crime scenes https://t.co/6kSHKKdE4z #forensicscience #Udemy #CSI #forensicscienceacademy #crimescene #evidence #fingerprint https://t.co/K2EJepHMa8",,"@j1mmyeth To be clear, since 288 characters is limiting, I also use Windows, MacOS, own an iPad which has my face, Android with fingerprint, etc.

You can't functionally opt out 100%. And in a worst case scenario, I have genetic/wealth privilege to fallback on.

I still dont support it tho","@alishaharveyx I’m thinking due to the high profile of this case, they are doing DNA identification as well.","How to human ‘rho0’ cells devoid of #mitochondrial DNA survive?
Complexome profiling by Susanne Arnold, Ulrich Brandt et al @RIMLSInstitute reveals widespread remodeling of mitochondrial protein complexes underlying adaptation
https://t.co/SsTiiQo28o https://t.co/IasX8IiNEJ",Great Job @sudhirchaudhary Sir!

Thanks for taking the lead and busting a very high profile #FakeNews of this week #ShamiKiFarziTrolling 

Keep up the good work! 
@ZeeNews @dna https://t.co/3wSvUpFkHv,Typing DNA Command Line Authenticator - https://t.co/QkqBXwL9oS

 #angular #development #programming #python #swift https://t.co/TcOgbSUpB9,Expression Profile and Prognostic Value of Wnt Signaling Pathway Molecules in Colorectal Cancer: Colorectal cancer (CRC) is a heterogeneous disease with changes in the genetic and epigenetic levels of various genes. The molecular assessment of CRC is… https://t.co/gjNMusKaxA,Profiling of Nascent Lariat Intermediates Reveals Key Genetic Determinants of the Timing of Human Co-transcriptional Splicing  https://t.co/ac7WQndcez #bioRxiv
#UQ researchers are DNA fingerprinting Taro to identify salinity tolerance traits which may boost food security in the Pacific region. 🍠 https://t.co/iowZ8olGYk

@UQ_News @UQscience @DAFQld @millicent_smith @Godwin_UQ https://t.co/v0gErcoYTO,"@ashleyyhickmann I wonder if they actually extracted DNA from the tooth root pulp or if they did a radiological comparison. I'm not sure if the second is as accurate as fingerprint or dna. I do know that with bite mark analysis, they tend to not be accurate and people have been wrongly convicted",,@LightBu51377903 @RubinReport There may be. Our immune systems are very complex. Each individual’s is like a fingerprint and depends on genetic and environmental exposures. So much we don’t know about the virus and our response to it. Vaccine will mitigate these unknowns substantially.,"@neevie48 @BrianEntin Dental records are a commonly used method of identification, cause of death has to be determined first before DNA analysis is undertaken as it may require some form of damage to the skeletal remains. Not complicated and not a conspiracy.","@KenKamau96 @gpdkaluma @UDAPartyKe @JunetMohamed UDAku DNA and mindset... full of anger, violence and vengeance

Marking, profiling and later kuwashughulikia...SEE, SEE bro

Anyways tumuachie mungu isorait 😂

https://t.co/W8otP1Bhbs",How DNA helped find two parents that allegedly left a baby in the trash 30 years ago. 

https://t.co/2UPbBHHRxG,"Mitosis, https://t.co/ZYIndK9NK6
Blood Typing, https://t.co/vgADXpcWky
RNA, https://t.co/iqHIBns8ml
Meiosis, https://t.co/LekfCe4uH3
What does DNA Look Like?, https://t.co/sSW13nm9XO
Good &amp; Bad Bacteria, https://t.co/py4MutzPAv
General Genetics, https://t.co/FCHPMbUN26","Great to see Denzil James discussing the BRC- supported @ICR_London @royalmarsdenNHS PROFILE study on @PackedLunchC4 , investigating the genetic factors that influence men's risk of #prostatecancer 👇

#FutureofCancer #WhyWeDoResearch https://t.co/OAKhinOfmP",Steroid profiling and genetic variants in Chinese women with gestational diabetes mellitus #JSBMB #MassSpec  https://t.co/zfeSwQohCx
DNA fingerprinting the 'food of the gods' #DNA #fingerprinting #foodofthegods #research #newspaper

Read more about this here: https://t.co/Oev3d661wy

Subscribe for free to ResearchNews Newsletter: https://t.co/Kn45WMffGU https://t.co/70njQWltKL,@ReverendAliks @MetvphorRaps There was no national fingerprint database at that time and dna testing was non-existent,,"#imaginary being #biometric authentication #fictional character #fingerprint #mathematical notation :) As a genetic fingerprint technique, this method of visualization is used in forensic science to establish identity and family relationships. https://t.co/NTcDrmA9K4",@BrianEntin But why hasn't that been done yet? Isn't DNA the most accurate form of identification of remains? I know dental is also accurate but DNA is better.  Especially in a case like this with so many mistakes.  Gabbys was done fast.,Oh. I don't get antibiotics either apparently they're DNA profiling unconvicted protestors,@DeL2000 Im really hoping they checked his DNA already. They cant count on only an alibi for something like this. He fits the profile totally. Mind you there seems to be more and more nut cases these days.,"Automate your HLA typing🤩
#HLAtyping is an important, commonly used genetic test in diagnostic labs. Learn how to automate it with the ASSIST PLUS pipetting robot, which frees up staff time while increasing accuracy and reproducibility.
Learn more: https://t.co/aWbHzbUaoc","@Europa144 @siIver_wind @Mythioto @TheRightCant Whilst I can only agree we should care for genetic health just as we mandate masks and vaccines to stop pathogens, I disagree with the 20th century prejudice aspect.  Given your profile, you don't look like the scientific kind.",Genetic profiling and biomarkers in peripheral T-cell lymphomas: current role in the diagnostic work-up https://t.co/Gk9kpY36mW
@Smooch10046744 @PhilM22524472 @MailOnline Interesting timing. Just after the rerun of Code of a Killer on ITV. A case famous for the first use of DNA screening &amp; genetic fingerprinting.,"@Velislava777 @amazon @Google Genetics should not be used as a form of “personalized” learning. Just like your fingerprint or iris scan, DNA can’t be changed. This type of #biometric student data collection should be prohibited as the risk of misuse, breach outweighs any #edtech promise.#privacy #surveillance",,"2. WGS acts like a fingerprint of the virus. We aren't all being infected by the same thing. Thousands of versions with tiny differences are circulating. These tiny differences can link cases, like a fingerprint. That means we could link cases based on these genetic traces....",@BrianEntin Can y'all believe they id'd that body off a partial skull and dental records when DNA is gold standard for identification?  It's unreal how backwards this investigation is.,"@jkllehari_naka @hloni_jurist @JasonKhumalo2 @zulu_fly @Abramjee Too much movies and invastigatives journals will make us believe that even SAPS  is competent. In South Africa we don't have DNA profiling, SAPS data bases are not linked with Home Affairs and we will never have a database for sex offenders.",⭐ NEW RESEARCH! Konigsberg et al. profile DNA methylation in blood samples from SARS-CoV-2 cases &amp; controls. The authors use machine learning to classify infected vs. non-infected individuals &amp; predict clinical outcomes related to disease severity. 

https://t.co/hvn9zP5KWT,,Genetic Profile of Endotoxemia Reveals an Association With Thromboembolism and Stroke

https://t.co/4Th97Q0AMK,Genetic profiling and biomarkers in peripheral T-cell lymphomas: current role in the diagnostic work-up https://t.co/iZfaNfV5qM
"@huggies7th @Traxxtra Should be fingerprinting, photographing and taking a dna profile from every one of them",Yargi fans do you guys remember did they do dna test of the clothes inji was wearing when she died?  If yes then it must have engin's fingerprint on it???
#Yargi,,,@Dutch_oma @Hager_bomb___ @WFLAJB @NorthPortPolice But they’re not saying they couldn’t get DNA and don’t they usually back up the initial identification? WHY. HAVEN’T. THEY. DONE. THIS!? sorry not yelling at you. I’m just so frustrated!,"As a reminder, current seq-based protein profiling utilize DNA barcode conjugated antibodies. Large such panels are difficult to prepare, limiting us from profiling thousands of epitopes. To pave the way for that, we introduce genetically barcoded phage nanobody libraries. 2/n https://t.co/TEfsW42B5q","DNA Agency Owner Tip:

Setting up your Google My Business profile is critical! 

People aren’t searching for paternity testing services on Facebook, Instagram, or Twitter. They’re looking on Google. 

Get on Google Search and Maps! 

https://t.co/I9xQbrpVH4",,"#ArrestFauci has the same genetic profile as #TrumpRussia. Find dirt—any dirt—and blow it up.

America has become obsessed with engineering foes and publicly crucifying them. We need Awakenings, we get Rambo.","On profiling our Volunteers:

Pharm.Chizoba Chidiobi is my name. I am a Pharmacist, a Genetic Counsellor, a dedicated Sickle Cell Advocate, and a serial Entrepreneur (Pharmapreneur)

I’m a volunteer with Audrey Sickle Cell Foundation and I currently serve as the https://t.co/CUpFXx6ULA"
"Single-molecule mechanical fingerprinting with DNA nanoswitch calipers | Nature Nanotechnology" https://t.co/BWYb3gYWUP,"We are created with a unique DNA and unique fingerprint, that shows us God cares us as a unique and individually person. He is very serious about you, me and everyone. You are holy because you are life and life is holy, and everyone are expecting people to respect them(life).",,,@WFLAJB @NorthPortPolice I can't believe that he was identified solely on dental records from a partial skull to start with.  Nothing wrong with comparing but you can get DNA from bones and teeth.  DNA would have been first line in identification and then release for certain.  Botched investigation!,@ChrisRic1984 @mchevns @khtb677 @NBCNews 🤣🤣🤣🤣🤣🤣🤣🤣🤣🤣🤣🤣🤣🤣🤣🤣🤣🤣🤣🤣🤣🤣🤣🤣🤣🤣🤣🤣🤣🤣🤣🤣🤣🤣🤣🤣

Your own PM was racially profiling Africans..

Are you saying it wasn't in the UK that someone said that Meghan's DNA would taint the RF? Or her mother is a descendant of slaves who picked cotton?,"@Daliyaholender Where have you read their is no dna match?

Do you mean the results haven’t come back yet, or the results are in and they don’t match his dna profile?",,"no longer have to rely on DNA samples from bones or teeth to gather enough genetic material to recreate a profile of ancient DNA. Same technique has been used during the pandemic to test the sewage of human populations to detect, track and analyse Covid-19 https://t.co/kWQQv97zjF",
"DNA Nanoswitch Calipers Created as Possibly World’s Tiniest Ruler for Fingerprinting Proteins

Researchers suggest DNC technology could be applied to fields spanning proteomics and nanotechnology, structural biology, and drug discovery. Learn more: https://t.co/kdjrRTlDPF https://t.co/pdSNy12H8u","PART-IV REF 6880
WE MEAN CERTAINTY ABOUT A FINGERPRINT, WHEN THERE IS NO SUCH THING AS A 100 PERCENT MATCH? WHERE IS QUALITY CONTROL IN  LABORATORIES &amp; AT THE CRIME SCENES? SHOULD WE SO READILY ADOPT POWERFUL NEW TECHNOLOGIES LIKE FACIAL RECOGNITION SOFTWARE -RAPID DNA MACHINES?",,,@KendallRaeOnYT @FoxNews @NancyGrace This is one of the things that bothers me so much about the news. Dental match is all the identification you need and the DNA takes time.,@EmmanuelTalam UDAku DNA and mindset...bro Talam hata hamfichi

Anyways continue with the profiling if that is what will give Arap Mashamba the presidency

https://t.co/W8otP1Bhbs,@porleahhh @goldfishfund Like if he wanted a Black kid he would’ve fckd with a Black woman.  Dealing down his DNA is irrelevant. Mfs say niggas everyday and aren’t asking for their DNA profile 🤣,,"@Surgeon_General @HHS_ASH I think you are wrong. If we look at the genetic profile, it is clear that Levine has an XY-profile. That is defined as a man by all biological standards whether you like it or not. XY = male. Female = XX. So this is misleading information imo and should be taken down! #woke",
"DNA Nanoswitch Calipers Created as Possibly World’s Tiniest Ruler for Fingerprinting Proteins

Researchers suggest DNC technology could be applied to fields spanning proteomics and nanotechnology, structural biology, and drug discovery. Learn more: https://t.co/kdjrRTlDPF https://t.co/gsqWtenhf7","If variations in rate of squamous cell oesophageal cancer do not have a DNA mutational fingerprint, perhaps the high UK adenocarcinoma rate doesn't either? https://t.co/JLFc4hYnTS",,,DNA analysis from skeletal remains led to Francis Wayne Alexander’s identification after 45 years. https://t.co/YmZfSNTQPk,@gpdkaluma @ekisiangani @ahmednasirlaw @OmbetaC @KBonimtetezi @NduyaMuthama_ @MohaJichoPevu @HassanOmarH Mhesh the unfortunate but true reflection of UDAku DNA and mindset...

Prepare for profiling na kushughulikiwa sawa sawa by none other than @scherargei 

https://t.co/W8otP1Bhbs,Interested in the DNA methylation profile of e-cig use? Read our new paper here: https://t.co/1cSgwdCr60 with @BeckyRichmond90 @MarcusMunafo @soozaphone @csrejon et al.,,"@SintashtaRape Tagarians were Andronovo + a bit of (~20%) Siberian ancestry, no modern population resembles them, closest would be Uralics 
Caucasian Alans of that time had a modern Northwest Caucasian genetic profile
The Saka were like Pamiri Tajiks, but with additional Sintashta (65% vs 40%)",
@palesa07901048 WHY IS HOME AFFAIRS &amp; LAW ENFORCEMENT AGENCIES ALLOWING FOREIGN NATIONALS SYNDICATES TO TURN OUR COUNTRY INTO FREE FOR ALL CRIMINAL SYNDICATES BANANA REPUBLIC??
ALL FOREIGN NATIONALS IN OUR COUNTRY MUST HAVE SPECIAL DNA FINGERPRINTING DATABASE FILE FOR CRIMINAL RECORDS PURPOSES!!,@AnneLeb123 @LadyKethry @WFLAJB @NorthPortPolice Exactly.  And if it was planted.  At least bag it.  Fingerprint. Do a DNA Profile on it if can etc 
And charge the person that would do something like that..

Too just nope nothing ...
Weird,,,@WFLAJosh @WFLA I won't believe anything until the DNA identification,#NoMorePromises - instead create a fund for Care Experienced people  that guarantees a provisional driving licence and as many lessons and tests as it takes to pass.

Fund access to DNA profiling so people can understand their family background and chance of medical conditions.,@AymannJames The same red bandana found wrapped around the murder weapon that his defense said world exonerate him through DNA testing which came back with only one clear DNA profile...Julius Jones. He's guilty.,,"@aliatifsaeed @SmogNotFog @MaryamNSharif Yours right? Even at the time of Champions trophy, genetic unhappiness and hate took over. You're also the one with the same one-line shit posts consistently for almost 10 years on MN's profile. Hope the mental illness isnt genetic. https://t.co/7YtOeyuLZe",
"ARS Ag Genetic Resources Preservation Research Lab uses genetic fingerprinting to compare DNA profiles of Apple trees from 1800 &amp; 1900s w/ those stored in USDA Nat'l Plant Germplasm Sys. Apple Collection, to ID cultivar names guiding conservation efforts➡️ https://t.co/XYKT72vXMH https://t.co/Kknr19DVHj","4ARTechnologies is the first company to provide fingerprint and visual identifier encryption methods for digital artwork. The watermarks act like a digital DNA, only decryptable by the artist who created it 🔐

#4art #4artcoin #nft #nft+ #crypto https://t.co/uZXM220xyn",,,@swissmiss most shelters are mixed dogs but they usually have a good idea of what makes it up. you can also get a Dog Breed DNA kit because that will help you with diet and then what forums you read.

https://t.co/8yyFzsHghR,@ranikhet That is one of the dark directions DNA studies (profiling) is taking.,"In the high-profile #AryanKhan alleged drug case, former Attorney General of India, Mukul Rohatgi is appearing for his bail plea before the Bombay High Court 

#AryanKhanArrested #AryanKhanDrugsCase 

https://t.co/yRUFgxIT8x",,"@egavactip Yes, I’m sure some would advocate for a Brides adaption of the Grooms genetic profile as well. However, I suppose a culturally perceived Majority Share of any progeny’s genetic make-up, is an acceptable… Compromise.",
New content online: Single-molecule mechanical fingerprinting with DNA nanoswitch calipers https://t.co/ZXCqqq6bvL https://t.co/yWNpVUL1ED,imagine being like a murderer the day before like DNA or fingerprint analyzing was invented
just got away with everything cleanly and then get arrested and told "yeah you left a fingerprint so we got your home address" like they'd have no idea whats going on,,,"@revjohnmckay @Nerdy_Addict For reference, look at the case on wfla where they got dna from 30 year old bones of a dead infant. They couldnt even determine the sex of the baby because of 30 yrs of composition. But they got DNA. So, if they claim they cant after an identification from a partial skull....","Colin Pitchfork was the first person to be convicted for rape and murder using DNA profiling.  He was arrested on September 19, 1987, and sentenced to life imprisonment. He was granted release on licence in June 2021 and released on September 1.

https://t.co/sNOz0ABPFC",DNA profile. Only ninety three percent human. What's the other seven percent? Who is this guy?,,"@mistergoodgod My genetic profile says different. Since junior year in high school, there hasn't been a time when I couldn't throw up 300 on bench. Even with a decade of lethargy and sedation. Muscles in atrophy, tossed up 300 still to prove to my bro-in-law I wasn't lying.",
"Fingerprinting proteins with force: DNA nanoswitch calipers allow scientists to measure distances within single molecules using force, opening a new avenue for single-molecule proteomics. https://t.co/YwYVn52uud",@Opinion_Daddy Why are you even bothering to question this? If it belongs to Brian or Gabby there will probably be some kind of DNA or fingerprint somewhere on it. Let them look at it and make the determination rather than you just guessing and talking trash like a weenie.,,,@debra25579548 I didn’t say they had positive identification from DNA I said they might have been able to get identification from the pulp of the tooth which we knew they had for positive identification to run against other body parts,"The correct answer was DNA profiling. Technology caught up DeAngelo, like I keep saying it's a tough job being a serial killer nowadays, not like back in 70s.","The lab was able to examine DNA from the rib and conduct a genealogical profile. It led to a family in North Carolina, and two people are facing charges. https://t.co/HfxdjwkZUN",,"@ScheidsVI @joshrogin @KenanRahmani @EcoHealthNYC @emilyakopp If it's so debatable, then find me a genomicist who has examined the genetic profile of WIV-1 and SARS-CoV-2 and thinks it's possible the former could have evolved into the latter

Otherwise, I'm content to rely on the uncontradicted statements of the experts that it's impossible",
DNA Nanoswitch Calipers Created as Possibly World’s Tiniest Ruler for Fingerprinting Proteins https://t.co/odx12ykUSw 
@GENbio 
#nanobiotechnology #molecularbiology #biomolecules #Biotechnology #sciencetwitter #scicomm,To figure it out with fingerprint &amp; dna test? How many @davidhowell @MartinDempsey01 or @DavidPetraeus do you have 530 or more?,,,"@rondamc123 @AriseChevelle @meganweeber Thanks, I'm questioning loose/intact e.g jawbone BECAUSE we've been told dental records were used for identification

If/as there wasnt (viable?) DNA, suggests NO soft tissue including roots, &amp;IMO teeth would fall out before skull breaks!

I'll keep awaiting the verification, so!","@thu_hv @RALCW1 @baldcold @waaaatt76 share the most similar genetic profiling to modern Egyptians, Palestinians and etc than to Arabians who appear to be a mixture of Natufian and Mesolithic Levantines and high Iranian Neolithic farmer DNA as well. BedouinA are different from BedouinB as well. https://t.co/cclooqoQq8","@jkass99 I just learned that a great grandmother I never met was alive until I was 22.  My DNA profile shows Ashkenazi, bu zero connections to living Eastern Europeans.  So these people think the vaccine mandate will do that to their family?",,"@SarahOC_MECFS @carolbinks a classic case of how ME is indeed caused by an infectious agent that causes disease in those with a certain genetic profile.

3 generations in one family ! gosh !

of course, bastard shrinks will say its mass hysteria  but those not into 19th Cen' pseudo science know otherwise !",
"Scientists working @wyssinstitute @Harvard, @harvardmed, and @BostonChildrens have used DNA to create a #DNA #nanoswitch #caliper, possibly the world’s tiniest ruler for measuring #proteins. https://t.co/MEXaGErRCn (Work funded by @NIH and @DeptofDefense)","@Carti_Mandua It needs a DNA/Fingerprint database of all ‘immigrants’ shared with all European countries. All ‘immigrants’ are checked against the database, and that of all Police Forces to root out the chancers and criminals. Any with no verifiable docs are rejected immediately and deported.",,,@TheRyanCole Do you understand that its the initial identification and that dna will also be extracted from the teeth for secondary confirmation once they are done attempting to determine cause of death. They will not remove teeth until that's done in case it might hinder that ID.,"@AdamCornett81 ada, thanks again 🤗 my profiling abilities are on point 🤣",@FangirlTwo11 Im creeped out. That creep fits the profile and looks very very creepy and WAS in the area.   That shed he slept in needs to be torn apart for DNA from those 2 women. And he had a shotgun!’ And a motorbike for transportation. And a tent!,,@GrowingCures @heknowsgrows He must have added auto trim to the genetic profile https://t.co/jzlJRTp0va,
DNA fingerprinting the ‘food of gods’.

Taro is under threat from rising sea levels but wild Australian plants being cultivated by #UQ may help boost food security in the Pacific region. @millicent_smith @Godwin_UQ
@QAAFI

https://t.co/o1VqWMjwG8 https://t.co/egSDQwWwnk,"@telegraaf @mariannezw People want to take Control ,from something that's already Out of Control? To late?
The Internet ,Facebook ,Instagram ,Tik Tok,Twitter, Cameras WhatsApp,  Eyes&amp;fingerprint ,DNA ,Apps,shopping ,Paying,The Farmaceutic🧩Industrie,our Smartphone&amp;productOkay?Rich&amp;our Data/a numbre😷🩺",,,"@thedailymuse2 The autopsy was inconclusive regarding time and manner of death. They used dental records for identification, not DNA. The remains have been sent to a forensic anthropologist to ascertain cause of death. Will likely also confirm ID and time of death.","Project Elephant Division and Elephant Cell convened a meeting under the Chairmanship of Shri Ramesh Kumar Pandey,  IGF (PE) to discuss modalities for conducting DNA profiling of captive elephants in the country. https://t.co/zJ2It3J7D4","@TManitowoc @drrichardselden @FBIDenver Funny how fast they identified Bin Laden, however they can’t use rapid DNA testing on Brian considering this is a huge, worldwide, high profile case? Why not? They have spent millions trying to find Brian? DNA is considered “gold standard” for identification of human remains.",,"@cia Leslie Ann Shedd fits the profile of a Eugenics program related birth tied Queen Ann and Queen Annes Seatle, and German intelligence working with OSS CIA MI5. Her name is a flag of possible genetic connection to the program, and her death may have silence her on the porgram.",
"Scientists from @wyssinstitute, @harvardmed, and @BostonChildrens have utilized #DNA to create what might be the world’s tiniest ruler for measuring #proteins.

Read more @GENbio:  
https://t.co/xDNayGgiLN",@sethforprivacy Social security coin. Seed phrase coin. Home address coin. Fingerprint coin. DNA coin. Endless possibilities if you think about it.,,,Among Industrial Vending Systems.
Which are GESMATIK ´s advantages for PPE Vendors?
Industrial DNA
All types of Items
Largest Capacity
User Identification options
100% engineered &amp; manufactured in Europe
Plug&amp;Play Solution
Technology Partners
#AplusA 3F84 #industrialvending https://t.co/oaW4jZ6EsW,The development of forensic DNA profiling helped identify when we got it wrong  — @KeithAFindley,"If @ManUtd are worried about Conte fitting their Club DNA/profile, Im surprised Steve Holland isn't a candidate. He's a 2-time @premierleague winner with @ChelseaFC &amp; works as @England #2. I hope #CFC will if we ever split with TT which I hope never happens.",,"The ancient horses bred in the lower Volga-Don region ofRussia were'nt the 1st to b domesticated by humans –there're older examples of horse riding in CentralAsia Iberia&amp;Anatolia– but the particular genetic profile of these creatures seems to have been the most useful to humans" https://t.co/rk7RkewVan,
DNA fingerprinting taro: The 'food of gods' https://t.co/vOIUSrnBV0,@topsbycop @kennedyBrooks26 @GovStitt @Jeremiah_Hall27 Unfortunately you should reread the same transcripts. You have retold &amp; misrepresented the facts horribly. No DNA evidence is given by the State from inside Howell`s Suburban. A fingerprint of Julius' on a receipt in Jordan's Cutlass must be the DNA you are confused about.,,,"@Timccopeland You forget DNA blood sample, two finger nails, and lets not forget a deep PCR test is needed to complete human identification.","@BrianEntin Generally, the best profiling results are obtained using demineralization protocols that aim to fully dissolve the bone matrix to release the DNA.",@RK800_63 &lt; strokes. He knows that he'd have a DNA profile on him now and he didn't care. His fingers stroke the back of Xanders's neck. The dancer pauses a moment watching the pair with a smile before they get up and then lean in the corner of the room &gt;,,Application of Cluster Analysis of Time Evolution for Magnetic Resonance Imaging -Derived Oxygen Extraction Fraction Mapping: A Promising Strategy for the Genetic Profile Prediction and Grading of Glioma https://t.co/ZAmnDLOEQH,
"A new tool for identifying #proteins “integrates molecular biophysics with cutting-edge DNA #nanotechnology to allow us to interact with and analyze biological molecules in a truly novel way,” says our @DonIngber @wyssinstitute. https://t.co/m2XSSGE0qf","@CALMwildflowe No. I know it sounds crazy and like I've been watching too many true crime dramas, but I need DNA evidence at this point. The dental records aren't enough. And yes, I know they are "as unique as a fingerprint"",,,"@oloojl Why can't we use dental formula for identification or dna data base, if ever, they ever existed?",An Epigenetic 2-for-1 Deal: Joint-Profiling of DNA Methylation and Chromatin Accessibility https://t.co/dThpebQxZ1 #method #protocol,The police spokesperson being interviewed didn't show any sense of urgency. They r still waiting for DNA results. This is a rural area which is sparsely populated. It wud b easy to profile the alleged perpetrator/s and narrow it down to a small no of suspects.,,"This could also backfire. For one, #China is lusting after the genetic profile of the world. If they can infiltrate our corrupt governments, so will they our DNA banks to help them engineer the most deadly virus. Just saying https://t.co/0MA5xEwtpL",
"Ms. Gambaro-Gunn's genetic biotechnology walked to the Genetics and Biotechnology center  @UWMadison and met with 4 scientists about their work in DNA Fingerprinting, work toward growing organs using cells from pigs &amp; using DNA to locate soldiers missing in action during WWII. https://t.co/FfTsrW9A4L","A retinal hash would appear to be a plausibly effective way to do this. They probably have good reasons not to use a fingerprint hash. Other alternatives are what, a fictional “instant DNA hash”? (Immediacy is also important.)",,,"@TManitowoc @drrichardselden @FBIDenver Funny how fast they identified Bin Laden, however they can’t use rapid DNA testing on Brian considering this is a huge, worldwide, high profile case? Why not? They have spent millions trying to find Brian? DNA is considered “gold standard” for identification of human remains.","How long does it take to get DNA from skeletal remains?
Generally, the best profiling results are obtained using demineralization protocols that aim to fully dissolve the bone matrix to release the DNA. These protocols often take 12 h or more. #brianlaundrie #justiceforgabby","The lab was able to examine DNA from the rib and conduct a genealogical profile. It led to a family in North Carolina, and two people are facing charges.
https://t.co/5XRZWG1ZPU",,"As long as these corrupt people know our entire genetic profile, they will be able to interfere with it.  And not only the genetic, our profile of behavior, character, etc. https://t.co/93guEIJclo",
Single-molecule mechanical fingerprinting with DNA nanoswitch calipers
https://t.co/n8gOKcKDjS,"@Ginger_Devil19 The thing is that no one's dental records are the same, and if it wasn't clearly him they would've ruled inconclusive. The way your teeth pivot, sit, any fillings, chips, etc...it can be as unique as a fingerprint. They ofc will likely get the DNA from it &amp; test as well.",,,"@drrichardselden 

Just curious but have you reached out to the @FBIDenver to use your ANDE rapid DNA identification technology to help with testing of #brianlaundrie's body?

I mean, you have a track record..

https://t.co/kRYy0XtLl1

https://t.co/jjhKHzStsq",PubMed_ High-throughput and affordable genome-wide methylation profiling of circulating cell-free DNA by methylated DNA sequencing (MeD-seq) of LpnPI digested fragments https://t.co/vnZbfaReE1,"Anyone use one of those Everlywell test kits? I’m looking to find out if they “own your dna for all of eternity” like the ancestry dna kits do. I want to do the food sensitivity test, but not at the expense of selling my dna profile.",,"@MisterRan @Amosberg As long as these corrupt people know our entire genetic profile, they will be able to interfere with it.  And not only the genetic, our profile of behavior, character, etc.",
"Single-molecule mechanical fingerprinting with DNA nanoswitch calipers

Nature Nanotechnology, Published online: 21 October 2021; doi:10.1038/s41565-021-00979-0

DNA nanoswitch calipers can measure distances within single molecules with atomic resolution… https://t.co/CKaGNK7GO1","Some of the most common types of reasons why expert witnesses are called upon include:

Forensic science, Accident reconstruction, DNA analysis, Fingerprint analysis, Cases involving breathalyzers, Mental health assessments, Handwriting analysis.

#Oklahomapersonalinjurylawyer https://t.co/SCxNzCPBJL",,,"@pam_bernard4 What’s the bet LE won’t do DNA testing &amp; DNA is considered the “gold standard” in identification? So many mistakes have been made in this case, why not be 💯 percent sure? I don’t care what anyone says, I don’t believe in coincidence or wild conspiracy theories either. Only Truth",New article: High-throughput and affordable genome-wide methylation profiling of circulating cell-free DNA by methylated DNA sequencing (MeD-seq) of LpnPI digested fragments https://t.co/abWfP891MI #colorectalcancer #oncology https://t.co/niVF94C9RX,"Highlighted my #genealogy and family history activities for the past week - CVGS, MwM, biography, deed transcription, DNA matches, record hints, data entry, source citations, profile matching, birthday celebration and family trip, and real life in https://t.co/FRqCR3QBVb",,Aromatherapy spray linked to US deaths faces recall | US and World News | https://t.co/epYV8aa1Dm: The spray found in the Georgia patient's home was made in India. The genetic profile of the ... US kills senior al Qaeda leader in Syria… https://t.co/X25oVOfJ7L #isis #aqis,
"Brain fingerprinting is to me more attractive than DNA fingerprinting, because it is dynamic. I just cannot wrap my head around (literally) putting magnets everywhere for, say, shopping. Great to see advances: https://t.co/F5sYzvbXrK",Of Police System .... Prone To https://t.co/8rxHOfOGPL A Mickey Finn of Odd Behaviour ? detected in DNA Fingerprints Test as ATM DNA Fingerprints Card Scan as Mobile Phone DNA Fingerprint Screen Scan as Bank Note Counter Scan so on ?,,,@WFLAJB 
#HeyJB are they running DNA analysis on #BrianLaundrie bones to go with the dental identification?,"GENETIC PROFILING 
Although there's big teams of scientists working on it, we still don't know everything there is to know about genetic and certainly ancestral DNA inheritance.",@HPolymenis @BioNTech_Group Have you sequenced your non-tumour DNA? Are you looking for a gene expression profile as well? I personally don’t think it’s crazy but it would be good to have a reference to compare it to. A gene expression profile (transcriptome analysis) would be more informative I think.,,"@VladPapi To my understanding each sperm carries half the dna necessary for a functioning human.

Each will have a unique genetic profile, which is why in vitro works, you select the best combo.

So yeah each one would contribute to a different phenotype, inherited from the parents’.",
Fingerprinting proteins with force: DNA Nanoswitch Calipers allow scientists to measure distances within single molecules https://t.co/lJzJz3KI0I,"“biometric identifiers are extremely dangerous, they can’t be revoked, they can’t be reissued.” You’re pretty much stuck with your iris, fingerprint, and DNA forever—this isn’t a password that can be changed whenever it’s compromised."

https://t.co/biPBU9b4IX",,,@WFLAJosh 
#HeyJosh are they running DNA analysis on #BrianLaundrie bones to go with the dental identification?,"Published today! Methods for dual profiling of DNA CNV and RNA in single cells. These improve (a) scRNA-seq normalization (b) CNV detection from RNA, enabling study of CNV effects on transcription at single cell level. https://t.co/cDaASnQx0b @PMResearch_UHN @SingleCellMedia","@FnkyColdModerna @ScooterCasterNY PS ~ Don’t take a DNA test, your pure blooded profile proclamation will be shattered.",,CONGRESS|#COSTEM21| Robin Foa discussed that the patient with a favorable genetic profile at diagnosis with no ABL mutations on MRD+ cells and sustained CMR can use allo-SCT #leusm https://t.co/vU9nXCvGEQ,
Single-molecule mechanical fingerprinting with DNA nanoswitch calipers https://t.co/IRpqaJHRZt nanotechnology https://t.co/IX1VpQeyKI,"@MsEvaLordes @olguith @FOX13News That's traditionally not how dental records work. They don't pull DNA, they match the teeth. It's kinda like your fingerprint, it's unique to you.",,,Records which I also believe they might have been able to extract some #DNA from the pulp of #BrianLaundrie tooth/teeth aswell which we know they have bc they were able to match #dentalrecords to him bc they released a positive identification to the public.,The authors of this study sought to evaluate the concordance between tumor DNA (tDNA) profiling and utDNA or ctDNA assays using a UBC patient cohort from the intended-use population https://t.co/kuVZIjSPSH https://t.co/aXUNSxRMQ6,Ancient DNA points to origins of modern domestic horses - horses with the modern domestic DNA profile lived in the Western Eurasian steppes https://t.co/H6hebwS8Aq via @Nature #Archaeology #genomics #science #SciChat,,Scientists have now developed a new approach called Repair-seq that pairs #CRISPR based genetic screens with DNA-site-specific deep sequencing to profile the range of mutations produced at targeted DNA sites by different #genomeediting tools. Learn more: https://t.co/5yUaOXcFVG https://t.co/Bok2PeVIKC,
"@RneLrk @thehill Dental records, like fingerprinting, are the classic method of forensics, predating DNA. DNA forensics have only really been a thing for about 30 and can take days while the other two have existed for over a century and thus can be completed much quicker and cheaper","@MarcMixy @digitalcooki3 Let's get sciencey here, white gloves reflect light but black gloves absorb it, light normally makes you hot, typically if you wear white gloves it is much less likely for your sweat to cause your fingerprint or DNA to be left on what you touch, hence why when you see people 1/2",,,"Distant relatives may be criminals or victims. These criminals or victims may not have sent DNA information ever in their lives, but with distant relatives' DNA, coupled with field research, the probability of identification improves.","2/n

AIT was propounded at the time when most of the technologies were not available (e.g. Astronomical S/w, DNA Profiling, Paleontologist studies). AIT states that Aryan were Europeans who came on horses with 'Ayas' and settled during ~2000 BC.",The #methylation profile and signatures of cerebrospinal fluid #cfDNA revealed for the first time in early-onset #ParkinsonsDisease
📚https://t.co/yHmnW366xQ
#EOPD #PD #DNA #biomarkers #diagnosis https://t.co/6HOzRngMY4,,"@vodkaoatmilk Finding the right dose and right med combo is difficult, there is a blood test now that matches you with the right drug for your genetic profile. Changed from Vyvanse to adderall after the test about 2 yrs ago &amp; dropped my dose to 20xr and I feel even better.",
"FYI dental records are not 100% accurate like DNA fingerprinting. In fact, it’s least accurate forensic procedure. 
I smell a huge cover up by fbi here.. to save their face maybe?? 

#BrianLaundrie https://t.co/Wjufp6ohx3","Really cool new paper out from Wesley Wong's lab (my postdoc lab and longtime collaborator @wyssinstitute). A real tour de force (literally!), using DNA nanoswitches and single molecule techniques to mechanically fingerprint molecules. https://t.co/CaOOYYIxqC",,,"@jcatapane @BrianEntin ...there was some decomposed tissue found among the body remains. DNA would have been the obvious method for identification, yet not much has been reported about the DNA testing/IDing, and dental records were reported to be used and conclusive surprisingly quicker than usual.",Dont accept partial results! Only comprehensive genomic profiling of DNA and RNA will reveal all potential biomarkers a patient may respond too. Check out our:
Solid Tumor Profile Plus: https://t.co/baWGGAyioP
Hematology Profile Plus: https://t.co/4njGljIwuc

#GTC #DNA #RNA #TAT https://t.co/WBNOpV8wmN,@BabyLyssaC Hey I seen a post on Facebook saying his skull didn’t match the dna profile with mean the parents trying to end this I believe he still alive on the border of nc an tc .,,"@zippy2strange @jordanbpeterson 1/2 It's not a cycle, it's a problem of genetic background. They are people with a more pragmatic/self responsibility profile and people with a social conformity / collective responsibility profile.",
"Single-molecule mechanical fingerprinting with DNA nanoswitch calipers
Prakash Shrestha, Darren Yang, Wesley P. Wong 
@Nature Nanotechnology (2021) https://t.co/xJEfsjStCJ @NatureNano",@Sherri761 @jwcarlson1984 @Nerdy_Addict You know dental records are like the most accurate form of dna right? Just as much as a fingerprint.,,,"@britzkrieg_AF @marcy_sheridan @jon_eric_ @R_I_C_H_E_S They found bones &amp; teeth not a body, there was no DNA match the only identification was dental records! He could of killed someone else scattered their bones and pulled out his teeth and faked his death!!!!",@demarionunn Roddy's law - the mandatory registration and DNA profiling of dogs. Any dog shit not bagged up and disposed of properly will be DNA tested and posted through the letterbox of the registered owner. Or smeared over their windows.,"@photomikeyhere According to my DNA profile, somewhere along my Mother’s line I have Tuareg genes.

Does that mean I am free to break the law and use the “It’s OK, I’m a Sand-Nigger defence” ?",,"Rather than asking yourself what's the best morning routine, ask yourself the following:

- What are you trying to accomplish?
- What's the nature of your work?
- What's preventing you from growing?

We all have a different psychological profile &amp; genetic blueprint.",
"@Cryptoscreen_en @DeCredit001 I realized that Decredit uses a off-chain data storage plus on-chain DNA fingerprinting, so can you tell us why did you chose use this mechanism instead a typical on-chain model?","@WFLAJB Although it's not DNA confirmation, dental records and each person's single tooth is as unique as a fingerprint, no 2 people are identical. A Forensic Dentist can confirm with just a few teeth and his dental x-rays that it's him.",,,@cjrmurphy1 @tired_ohio_man I assume they had enough to make a positive identification. Maybe they are doing a DNA test. That takes longer.,The authors of this study sought to evaluate the concordance between tumor DNA (tDNA) profiling and utDNA or ctDNA assays using a UBC patient cohort from the intended-use population. https://t.co/wrkI3Oc5W6 https://t.co/sitZ4KVzgC,@HarishNarayan08 @RamboFYI “Profile” 😭 stop this nonsense. United’s profile is WINNING. You saw what happened with a manager obsessed with “Pashun &amp; DNA”. The United way is winning. He’ll win. End of.,,Forewarned is forearmed! It's fantastic that the field of genetic testing has advanced to the point where we have knowledge about risk factors specific to your genetic profile. Contact us for more info. https://t.co/QmUQX98NeS,
DNA fingerprinting taro: The 'food of gods' https://t.co/rFIn5Mrjln,I see no press release announcing DNA or fingerprint match to marks around #GabbyPetito's throat here: https://t.co/0MdqqVtGN3,,,"@laurenblock024 @SSproul @NicoleL30108346 @BrianEntin Because they didn't do a dna test, they didn't need to. The dental records matched. Everyones teeth are unique, a portion of the jaw/teeth is more than enough to make an identification.",,@LawDawe @nathcatalano @p_ry3 @michaelryan756 @westaustralian Yeah I just scrolled through your twitter profile and I’m not surprised that you would think his claims that the vaccine alters our DNA is a valid point. You are literally one internet search away from finding loads of reputable information that would refute this.,,"@ChrisStringer65 @FossilHistory Ah, did a genetic profile happen?",
DNA fingerprinting taro: The 'food of gods' https://t.co/kIRNgx57Qg https://t.co/PPokGXtbMR,"@WFLAJB Apparently, DNA can be extracted from the teeth and roots, also any amalgams, and bite pattern.  Also, interesting is that teeth have an enamel rod print that is similar to a person's fingerprint - unique to an individual.",,,@SullyBusiness On 2 new multifamily projects we were involved in the developer required all dog owners to submit a "sample".  The samples were tested and the DNA was logged (no pun intended) to allow for identification and fines for sloppy pet owners in the future.,,"@stottle_harry @KimJohnsonMP @UKLabour My kettle is Rose Gold. Takes about 1 minute to boil. I also believe Dan Carden is Mike Carden's boy. You should ask for DNA results or a better idea, stop trolling with an anonymous account. Stop hiding behind a profile, what a sad life.",,Hear Joanne Hackett speak at #BioData #GenomicsLive about how #clinicaltrial success may depend on matching treatment to #genetic profile of patients: https://t.co/3uaY37fcwN #realworlddata #genomicmedicine #genetic #genomics https://t.co/23qf8aVKWj,
"#folding money #jigsaw puzzle #folding money #tea leaf #fingerprint &gt;&gt;&gt; These technologies have given us the Human Genome Project, medical genetics, biobanks, DNA fingerprinting, etc. https://t.co/g1sbtyssm2","DNA them, photograph them, fingerprint them, and send them on their way. Pedos are constantly looking for new victims. Let Rep. Veronica Escobar be an advocate for them, in Mexico. Every nationality; Somali, Sudan, Syrian, etc come through the border. There are Pedos mixed in.",,,@katelyn_schempp I heard GP’s fam was challenging the autopsy and identification of BL’s remains – They’re petitioning the court to run all identification and DNA at a federal lab with unbiased opinions. Haven’t seen it confirmed by a credible source yet though 👀,,"no longer have to rely on DNA samples from bones or teeth to gather enough genetic material to recreate a profile of ancient DNA. Same technique has been used during the pandemic to test the sewage of human populations to detect, track and analyse Covid-19 https://t.co/kWQQv97zjF",,"@Crimson_Sentry Y Haplogroup is solely dictated by the father. Mitochondrial DNA by the mother. Therefore, since no contamination of genetic materials from the female partner, unless there are mutations, the profile will remain the same down the generations. But mutations do happen eventually.",
"What if we could identify proteins as easily as we can sequence DNA? Soon we will, w/ DNA Nanoswitch Calipers, created by scientists at the Wyss, @BostonChildrens &amp; @harvardmed. These tools make a unique "fingerprint" for peptides using force measurements. https://t.co/NTscAy9zMR","@Alex_A_Simons @Yubico @IBM So, where is Yubikey fitting in between. In my view you are supporting a product which is old. We are in the era of Face ID and Device (phone) detection. Next level is DNA based authentications for highly secure computers. USB with fingerprint is a gone case. Here is my Yubikey. https://t.co/lhUp2DPOwh",,,Our work "Enzymeless #DNA Base Identification by Chemical Stepping in a #Nanopore" led by @YQing_ing is out on @J_A_C_S .

@OxfordChemistry @OxChemRF @OxWiChem @magdalenoxford @mplsoxford @nanopore 

https://t.co/IWsOZbtwbB,,Next manager at ‘Disneyland for adults’:
1) Available. Don’t want to be paying any compo.
2) Famous. Can’t make headlines by choosing someone without existing profile.
3a) Club legend. Understands ‘United DNA’. Gets it.
or
3b) Highly successful. It doesn’t matter how long ago.,,"@afreaknamedali @sethamayfield @thatdaneshguy And I’m a geneticist who refuses to opine on strangers’ ancestry unless I’ve seen their genetic profile. I’m also a fallible human being who gives people the benefit of doubt, one who refuses to deprive people of their livelihood without hearing them out!",
"Single-molecule mechanical fingerprinting with DNA nanoswitch calipers: Nature Nanotechnology, Published online: 21 October 2021; doi:10.1038/s41565-021-00979-0DNA nanoswitch calipers can measure distances within single molecules with… https://t.co/GnL3maUaIN | @NaturePortfolio https://t.co/tMNt2FBmJZ","@Si_G871 @BigBaldDr @drphiliplee1 Actually it doesn't differentiate it is only triggered by heat. Same as a PCR  which ONLY detects SARS-CoV-2. It tests for a tiny fragment of DNA specific to SARS-CoV-2 and not found in other SARS viruses, eg a fingerprint.",,,Another victim of serial killer John Wayne Gacy identified https://t.co/jV8fHRaCne #Gacy #DNA #identification,,@bronwynwilliams Is that a DNA helix made to look like an infinity symbol on his profile page? He’s definitely going for the Bond villain vibe.,,,
Single-molecule mechanical fingerprinting with DNA nanoswitch calipers https://t.co/0MOUICJBWm https://t.co/ZKZw2420vd,"#folding money #jigsaw puzzle #folding money #tea leaf #fingerprint &gt;&gt;&gt; These technologies have given us the Human Genome Project, medical genetics, biobanks, DNA fingerprinting, etc. https://t.co/g1sbtyssm2",,,"@allysha_lazar The forensic anthropologist has the remains now, including the skull. S/he will test the DNA for a 100% positive identification, then determine COD and possibly TOD",,@schmmuck @ANI Mangalorean aunties have been put on the job. We will get everything including his DNA profile in no time.,,,
DNA fingerprinting #taro: The 'food of gods' @uq_news https://t.co/TWSKhpH2vV,"@Rosemar97681868 @WFLAJB @WFLA Usually they want to do fingerprint analysis, dental analysis and DNA analysis. x-rays can also be useful, to identify known fractions, or skeletal features.. one can also look at tattoos, piercings,..",,,First identification of telomeric DNA sequences in Trichomonas vaginalis https://t.co/tTHYk2jSIr https://t.co/DCORsXdYb0,,@BucFansMatter @MyDogsArePissed Right. I wish they would be more specific than what they’re putting on the screen. “No DNA match” so did they run the DNA and it didn’t match or are they not even bothering bc the dental records matched? I’m guessing the latter but why wouldn’t they in such a high profile case?,,,
@3DCableFrEE @epiCCodingNET @MerriamWebster clot-buster | crate train | cremini | cria | date-rape | d-bag | death metal | delta virus | desktop publishing | detectorist | dialog box | digital subscriber line | DNA fingerprinting | drop-down | earbud | EGOT | emailer | FedEx | fluoroquinolone | free solo | French pedicure,"What if we could identify proteins as easily as we can sequence DNA? Soon we will, w/ DNA Nanoswitch Calipers, created by scientists at the Wyss, @BostonChildrens &amp; @harvardmed. These tools make a unique "fingerprint" for peptides using force measurements. https://t.co/NTscAy9zMR",,,Licorice Germplasm Resources Identification Using DNA Barcodes Inner-Variants https://t.co/hnpKaLsqD7,,Tonight's episode of Ireland's Unidentified Bodies shows the urgent need for a central repository where unidentified remains can be kept until a DNA profile is obtained and the person is identified. #irelandsunidentified #unidentifiedremains #unidentified  https://t.co/kF0vbiYQYJ,,,
,"Take science learning to a new level this fall with Junior Scientists: Forensic Fun 🔎 Spend your Sunday mornings with us during this four part, 90-minute broadcast where you’ll learn all about DNA extraction, fingerprint identification &amp; more 👉https://t.co/hyMOnxEAiD https://t.co/orXMCSh4y9",,,"genealogist, Cairenn Binder, that identification has been possible. Binder used DNA extracted from Alexander’s molar’s to build a family tree and was able to make contact with several members of Alexander’s family. 

Once this contact was made, investigators cross-checked",,"@Loca_Steller @docmartin2mc @Bucktonbirder @ScratchTrev @penguin_tereza It has obviously taken on elements of colour from those pens scattered around it, I think you'll find that, like the Green Warblers DNA profile, it's a perfect match 😁",,,
,@ExoAcademian @TOEwithCurt context here was that DNA (hypothetically) would be something of a "fingerprint" which is capable of standing the test of time in a way that leaving an obelisk or other material object would not.

this had overtones of being factual rather than speculative 🤷,,,"@domluca57 @Brasilmagic How? The remains were identified using DNA. Genetic material has been recovered from paleo/archaeological samples thousands of years old, so I don't think this identification could be faked.",,@AnneLeb123 @LadyKethry @WFLAJB @NorthPortPolice Exactly.  And if it was planted.  At least bag it.  Fingerprint. Do a DNA Profile on it if can etc 
And charge the person that would do something like that..

Too just nope nothing ...
Weird,,,
,The way we experience love is unique to everyone. Like a fingerprint or strand of DNA.,,,"KMFRI scientists are leading in innovative, modern and scientific interventions to conserve Kenyan marine ecosystems through research in among others DNA sequencing/barcoding or Huduma Number Identification for the aquatic organisms. 
https://t.co/VZ3EdYwggm

@ntvkenya",,"@TanyaChampagne1 @FrancesKalender @BrianEntin @josephpetito @Nikischmidt927 no, it doesn’t take longer. it’s an x ray. it takes minutes. they moved identification up to the front of the line because it’s such a high profile case. dna would’ve taken longer",,,
,@Carrie32794279 @summerlinauthor @BrianEntin New or old if it's dipped  water it counts as old. It should have his fingerprint or DNA in them notebook.,,,"It’s the year 2421, after 400 years since Brian’s conclusive confirmed identification through DNA matching, dental records/ many identification methods, people are saying that he had injected some of his marrow into the bones of someone and is a cyborg alive today #BrianLaundrie https://t.co/GMaJ3CcNeX",,"Study of DNA repair boosts prospects for gene editing technology: Researchers have developed a new method to profile the activity of cellular genes involved in correcting DNA damage, and applied this method to pave the way for dramatic improvements to… https://t.co/Pfl9oI1z0L",,,
,"@CarryBr63438066 @pendulumatrest @FoxNews They can't say definitively if they belong to him until a DNA test or fingerprint analysis is completed. This is probably due to decomposition. As for the term "Partial Remains", it means that one or more parts of the body were unable to be recovered.",,,Pure Culture and DNA Sequence-Based Identification of Fusarium from Symptomatic Plants and Diverse Substrates https://t.co/jyZPl4pGkk https://t.co/6ah8iBU0Ry,,"@cbouzy I think you’ve just listed why this woman would hate Meghan and Harry so much. She fits the profile of most of them who hate Meghan and Harry. Hags, Gargoyles and witches with White supremacist mentalities embedded into their DNA.",,,
,"Our DNA, eye iris and fingerprint confirm that despite being part of the collective human race, we have found personal individuality. Our unique form of meditation brings you from individuality to universality Face-2-Face or online courses - @ https://t.co/zdQrNtYekw https://t.co/sDXMLB1PnC",,,"@CoffindafferFBI identification happened through dental records: it would be possible to confirm it through DNA extracted from the teeth pulp, wouldn't it? Or am I wrong?",,Check out new work on my @Behance profile: "Bacterial DNA gyrase" https://t.co/oT6zLYOmYt,,,
,"@dickius @Oneironautilus @DrilllKnight @impliedChoppy Fingerprint &amp; DNA evidence isn't perfect but it is very reliable, unlike what this tweet says (fingerprints ARE unique due to randomness,dna unreliability can be easily mitigated). Eyewitness however is not reliable at all, assuming you're not being sarcastic.",,,Somethings fishy about Brian laundrie’s death.  I’m not sure I believe it was him.  I hope the coroner did dna on the bones and not just a “dental identification”.  🤨🤔 https://t.co/KqfPCBFORo,,"🆘💕🆘 Fb 4 Stolen Welsh Terriers 💕💕

** £2000 reward for any information leading to the safe return of these dogs **

 4 Welsh terriers stolen over night in rural Lincolnshire over 6 weeks ago - all microchipped, individually DNA tested and DNA profile parentage tested https://t.co/SzQMTLcNx6",,,
,#PoliticsLive -Sir David Ames RIP mortally wounded - scene contained cordoned off log commenced- a suspect was immediately arrested contained providing no threat -emergency services contaminating original scene as a priority preserving life-Priest log DNA Clothing Fingerprint,,,"@ALemiszko There's no DNA match, because to the best of my knowledge, there was no DNA testing. The identification was per dental...",,"@huggies7th @Traxxtra Should be fingerprinting, photographing and taking a dna profile from every one of them",,,
,"@PresentsJam literally no one has any evidence of anything at the moment. A fingerprint, no, DNA, no or even some trace evidence, no. But Freddie looks dodgy boom boom boom.",,,COVID-19 DIAGNOSTICS

Research shows the burden of COVID-19 in Africa has created the need for reliable diagnostics to ensure early case identification and recovery. 

Read more: https://t.co/6LwzxPorgD https://t.co/a61nsPOqTj,,"Parabon Nanolabs provided a DNA profile offering significant data including ancestry, eye, skin and hair color, face morphology and a composite profile used.

After 50 years, remains of missing #Idaho teen identified on Oregon Coast https://t.co/aZlVVokXU4",,,
,"@IanMCalvert @AkwyZ @dcallahan2 @dez_blanchfield @imoyse @NigelTozer @nigelwalsh @NevilleGaunt @robmay70 @sarbjeetjohal The complaint is valid
When your #password is compromised you can reset it. When your #biometric identifiers (#DNA, #fingerprint, face) are compromised you cannot. So if schools and firms don't protect it effectively, you could be open to ID theft for the rest of your life
BEWARE",,,"@TizzyMeliss Sorry but I agree to disagree, as dental records are usually only used when other options don’t exist. Teeth have also been known to fall out after a few weeks, making identification harder. DNA is considered the gold standard for identification of human remains.",,"Cover,Profile,Attach, 26,82&amp;41&amp;Posts. https://t.co/J5fADgXbMW &amp; https://t.co/0U0kJ6emwQ. 1 https://t.co/Ex5nBiRoie. 2 https://t.co/uZkAqzSaEM. 3 https://t.co/Pk5deB9ORb P. 1JesusOwnsMe. JesusGift. Covid19VacsOwned ByMe. 
SpiritHighPriest To DNA&amp;RNA ChangedAltered Covid19VacsRams. https://t.co/eFb2FmyXAR",,,
,"@CHRISTINAMCLAR1 @yona1959 @Grouse_Beater Schools retaining fingerprint identities of innocent children, only criminals have their fingerprints, DNA swabbed and mugshots taken. Did the teachers have their fingerprints taken, DNA swabbed and stored in a publicly accessible database?",,,"The cause and manner of dead came back inconclusive, not the identification. Let’s be clear on that. DNA 🧬 still in process. #BrianLaundrie https://t.co/kBAvGu2a9x",,"Oops, misread Monty's profile. While he has rated more than 8 books (over 200), all of mine were rated on Sept 19, 2019. This could STILL be a coincidence, but unlike with other readers who have a variation in their ratings (Chris has rated me from a 2 to a 5)...",,,
,"@unit2plus4 I thought the manager was ruthless and showed players the if they didn't fit his plans or the UTD DNA, Culture, fingerprint etc 🤷",,,"@Laurenk83 @GoinsSgoins56 @NancyGrace @FoxNews Work done by the US Armed Forces DNA Identification Lab revealed that dense, cortical regions of weight-bearing long bones such as the femur or tibia tend to retain DNA better than bones with a larger percentage of trabecular tissue such as the skull, ribs &amp; vertebrae.",,"On to the next, Illuminus Corp

A company supposedly created for the purpose of a documentary exposing our lack of privacy online, by showing how much a company can learn about you through your online profile 

The claims made on the site go as far as eternal life/DNA backup🤔 https://t.co/fLTSKuIyP2",,,
,,,,"IJERPH, Vol. 18, Pages 11182: Toothbrushes as a Source of DNA for Gender and Human Identification—A Systematic Review https://t.co/wRbPAtXOv0",,@WFLA waiting for DNA in a case with partial skeletal remains is the usual protocol. Why the hurry?Was it a forensic odontologist who made the ID? This is a high profile case and questions should be asked and answers expected.,,,
,,,,"@chronicsara Why was dental records used when they are ONLY used as a last resort, as DNA is considered the gold standard for identification? Whether dental records was a quicker process or not, why would you not use the gold standard considering it should only take a few more days at most?",,"Lawyer for Brian Laundrie's family addresses speculation about how easily his dad found his belongings, saying the public 'doesn't understand simplicity' https://t.co/Ygl147MSHC via @YahooNews How about a DNA profile w/samples collected by Police Dept. or FBI? (Dental by Family)",,,
,,,,"@2for1Chumgum @kjscv @Cali_Reign They used the quickest available means to identify the bodies. DNA is used for confirmation, but that takes 48-72 hours. If you have concrete evidence of a body’s ID via tattoos or dental records, it’s fairly safe to announce a likely identification.",,"Victim Of Serial Killer Robert Hansen Identified 37 Years After She Was Discovered

In August 2021, a new DNA profile for the victim was generated and uploaded into a public access genealogy database.
 - https://t.co/AuzLJTVnJk https://t.co/8xEuBF7waQ",,,
,,,,@justme4one @ms_paulamarie @HeresToUsFreaks @NancyGrace @POTUS The FBI making a positive identification of Brian using his dental records is considered evidence. DNA will be next but it takes longer. Not sure what everyone expects other than that. That’s how identification works with skeletal remains.,,@20six_hundred @SenTedCruz Like I said read the word of god the Bible; but study it do not take anyone’s word; check it out yourself; 2000 yrs this book has survived; still best seller! The proof is in the Bible ; Jesus had 4 brothers and more than one sister; check your DNA profile?,,,
,,,,"@Chloeolivia2021 @prodxena @Kryreth Wouldnt even pass before a Judge...if GP cant be matched to it, by DNA, fingerprints, family identification i  confirmed photo.",,"Completely stomped the competition last night, no loss in terms of match or rounds! Everything was a 2-0, Dino DNA BABY

Also picked up one shiny Scraptor, if I go to the other store tonight I would like to pick up a second one and do the deck profile!",,,
,,,,@JeannePaysse OMG so sorry. Neighbors must have seen something! Any cameras to find car they came &amp; left in. Could it be an inside job? Did police think they could be identified? Did they dust for finger prints? Try to find hair for DNA identification. God that is so sad.,,"This could also backfire. For one, #China is lusting after the genetic profile of the world. If they can infiltrate our corrupt governments, so will they our DNA banks to help them engineer the most deadly virus. Just saying https://t.co/0MA5xEwtpL",,,
,,,,"Destroy all teeth, massacre the face, and burn all fingertips/remove fingers to prevent identification except from DNA.

⁠At the crime scene, wipe down all surfaces, and take your victims hands and run them along things. Pick up cups, touch tabletops or counters. A room with +",,"@CountessBouvier @dna_flynn @RabbitGerry @JHolzer2021 @CraigMcFadden13 @karldudester20 @Bernade88965032 @TheReal1455 @IanKennethBail1 @ColumboIrish @Limecrim @developM2Ls @OKKIMMY @TheDuke212FU @urlofcork @CrimeGuyUK @ColumboCork @NFoster66 Exactly,with the best will in the world,it is just a game to Frank,he cares not a jot imo..can't help but think that he is all about self promotion and his profile..his involvement with Bailey is free advertising,that is all..",,,
,,,,"@TanyaChampagne1 @FrancesKalender @BrianEntin @josephpetito @Nikischmidt927 no, it doesn’t take longer. it’s an x ray. it takes minutes. they moved identification up to the front of the line because it’s such a high profile case. dna would’ve taken longer",,@scrlovelife @Leah7247 @DontPayIdiotTax DNA especially in this case is best not dental also because it's so high profile.,,,
,,,,"The chances of identification seemed very poor, until thorough historical research followed by DNA led to the identification of a young soldier from Newfoundland, Private John Lambert. Read his full story here:
https://t.co/Hi8ZXjvbVs https://t.co/7gtBpNnien",,@radghost_ ...second set of genes from a deceased twin.  There's a woman in the USA who nearly lost custody of her kids because she didn't seem to be their biological mother.  But they discovered she had chimerism and the kids' DNA fitted with her second DNA profile.,,,
,,,,@BJStoner2 Oh NO! These are very rare native earthworms. One has never been described in scientific literature yet and does not even have a name yet. I have sent specimens for DNA research and identification. It just hasn't been formally written up as of now.,,"@Leah7247 @DontPayIdiotTax DNA would’ve taken longer. dental records don’t take long - in a high profile case like this, identification will jump to the front of the line.",,,
,,,,"@cupsinparadisio This is what I’m waiting on, lol… need more information regarding partial jaw with teeth intact vs badly decomposed piece of skull and dental record identification. What exactly was found. Why no DNA follow up yet? Unless I missed it?",,"@snj_1970 @grodaeu Only thing I can't find when I log into my PA account is how to get a face-to-face appointment, my DNA ancestry profile, and how to find out what my spirit animal is. Presume the latter 2 will be available soon.",,,
,,,,New Research: Cryptococcus neoformans and Other Opportunistic Cryptococcus Species in Pigeon Dropping in Saudi Arabia: Identification and Characterization by DNA Sequencing https://t.co/2QQL2rg8AZ #microbiology,,@Kgabo48649279 @SAfmnews dna database you store DNA profile but dna bank you store dna samples. you will be able to do DNA profile comparison from DNA database but you cannot be able to do that from DNA bank.,,,
,,,,@H81M86 @RosannaWright I’ll only trust DNA identification - it’s very odd that a forensic anthropologist now need to assist. With only partial scull &amp; few bones how would an anthropologist or anybody else determine cause of death?

Why have we not yet had DNA confirmation if it only takes 24-72 hrs?,,"@robsw123 The DNA profile goes to any number of places depending on the contract with the lab. In Qld it apparently get sent to China.
Why, identification, susceptibility risk, bioweapon development - nothing of value to you!",,,
,,,,@RosannaWright I’ll only trust DNA identification - it’s very odd that a forensic anthropologist now need to assist. With only partial scull &amp; few bones how would an anthropologist or anybody else determine cause of death?

Why have we not yet had DNA confirmation if it only takes 24-72 hrs?,,@TheGribby @bryannamariie_ @BrianEntin @FBI Ppl like to have fun speculating. My point is that this wouldn’t be the first time law enforcement lied to the public on a high profile case inn order to close it. I’m not challenging the efficacy of modern technology for DNA matching. But thanks for the lesson 🤠,,,
,,,,Enzymeless DNA Base Identification by Chemical Stepping in a Nanopore @UniofOxford @OxfordChemistry #DNA #nanopore #Nano  https://t.co/gqbiLPNRjx,,"@VladPapi To my understanding each sperm carries half the dna necessary for a functioning human.

Each will have a unique genetic profile, which is why in vitro works, you select the best combo.

So yeah each one would contribute to a different phenotype, inherited from the parents’.",,,
,,,,An interesting infographic from our colleagues at @dodpaa on how family DNA is used in the identification of the missing @UWMadScience #DNA https://t.co/rTVvj65XMe,,You better make sure you have all of your ancestry shit 100% legit because if some cartel doppelgangers come around to kill you and steal your fucking identity they won't match the DNA profile even if they get plastic surgery. https://t.co/f37lSjI0iS,,,
,,,,@shop4evermore I’ll only trust DNA identification - it’s very odd that a forensic anthropologist now need to assist. With only partial scull &amp; few bones how would an anthropologist or anybody else determine cause of death?

Why have we not yet had DNA confirmation if it only takes 24-72 hrs?,,"A Florida police official said rumors the Brian Laundrie's parents planted evidence are 'completely untrue' https://t.co/WDjNOqsORl via @Yahoo let me guess- parents will not do a DNA profile?  maybe want old bones, and a bag with clothes that parents said were his, to be enough?",,,
,,,,"@PdWagtail @NoXYinXXprisons @pritipatel Everyone who is charged has a DNA swab and fingerprints taken for identification, especially as many give false names at first. DNA shows sex of person charged, so not a challenge. This is how this will be used in future to prove biological sex.",,"Another DNA profile was found, but there wasn't enough to make an identification.",,,
,,,,"Governments just enforce a world wide population identification and location prob, the covid swob applies even a DNA sample to this information. 
Big brother now has everything there ever could have drempt of, singling out those that didn't submit aswell",,"Three of the four swabs tested positive for blood, so he took a sample of each to create a DNA profile, which he then compared to known DNA profiles for matching. The DNA sample matched Marissa Andrews' DNA. Andrews was one of the surviving shooting victims.",,,
,,,,"Has covid been no more then quantifying pharmaceutical global ownership not to mention a masive global public identification conspiracy. Governments just enforce a world wide population identification and location prob, the covid swob applies even a DNA sample.",,Scientists have now developed a new approach called Repair-seq that pairs #CRISPR based genetic screens with DNA-site-specific deep sequencing to profile the range of mutations produced at targeted DNA sites by different #genomeediting tools. Learn more: https://t.co/5yUaOXcFVG https://t.co/Bok2PeVIKC,,,
,,,,"Also weird that identification was done through dental &amp; not DNA &amp; was done quickly. Like, couldn't someone hiding punch out some teeth and put them with an unrelated body and be identified as deceased, &amp; now be free to live under the radar w/out LEO search pressure. (4/5)",,"@MahsaWho As grim as this sounds, were teeth attached to the skull that was found? And are they obtaining dna profile of skeletal remains in addition to dental records for the utmost accuracy? ☠️💜",,,
,,,,@BattleCOMtv My DNA / biometrics no longer match my government identification so I cannot login to Facebook. Is there some other way to follow show updates?,,@Maddiesvoice1 @PamGurney70 @MistyDa83907643 @TomOBrien0401 @gkylilghost @MikeJakey1947 @poppypippa2 @PhilipTann1961 @Francis60905029 @jam_J_M @harryrag @Antlad30 @bob93265343 @SidShite @debgee9 @Shirley60483124 @NotFakeyNatalie @MaverickLite @MayklWalker @BourgeoisViews @MikeJakeman5 @5haronl @artsmarse @marvinskyelo @Irissykes14 @ScamHunter487 @craig_c83 @Patriot_4_MAGA @Lostinthecity7 @chickienob @emily23800584 @Esjabe1 @D_Owanlen @Andreamariapre2 @JBLittlemore @lindale22381726 @forevershallon @D_Dobrovetsky @milesbetter73 @Shatnerella @njbennett @ElizabethKeesey @LostCuriously @MMTRUTHORLIE @Neil81417504 @McCannCaseTweet @kathypriestley5 @bka @I_Love_Cats2014 FSS. Cases between 2000 &amp; 2005 "This led the Association of Chief Police Officers (ACPO) to advise all police forces in England and Wales to review cases where samples had failed to give a DNA profile."https://t.co/foGMIwxKMI,,,
,,,,"@Coursdanslherbe @CuckooClawsons It literally says there a many disadvantages of dental identification, also, I said all I would like to see if DNA confirmation. But they haven’t put that out",,,,,
,,,,"@CuckooClawsons I need to see that the bones were a DNA match, not just a dental records match. Usually dental records are used as a second form of identification. Did they have the entire lower half of his skull? ALL of his teeth? Bc they said portions.",,,,,
,,,,Identification of Arginine Finger as the Starter of the Biomimetic Motor in Driving Double-Stranded DNA
@acsnano 
https://t.co/8QQBrSG4Z4,,,,,
,,,,#Oncology #Genetics #Boinformatics: scientists propose a novel method for classifying the mutagenic mechanisms involved in tumorigenesis. The method could facilitate the identification of mutational signatures associated with DNA repair deficiency - https://t.co/4chOzw4a2E https://t.co/GelpDapl7C,,,,,
,,,,"@colonialcountr3 @mdnij34 if I wanted to pretend I was dead, I’d throw some of my belongings in an area known for hiding dead bodies. to sell it, I might put some of my dna on a clothing item. include easily readable identification on your items, like your personalized backpack and journal!",,,,,
,,,,"@AnotherTamara @Alex_Neverm1nd @mwoodrowt @joesabin @RClinto57113970 @DearAuntCrabby suuuure... aside from the whole convenience of having a body that can only be identified with dental records...

A little 2nd guessing in the context of avaision crimes committed before, isn't all that bad. 

Partial dental identification isn't DNA.",,,,,