dna fingerprinting,dna fingerprint,genetic fingerprinting,genetic fingerprint,dna identification,dna profiling,dna profile,dna typing,genetic profile,genetic profiling
New content online: Single-molecule mechanical fingerprinting with DNA nanoswitch calipers https://t.co/ZXCqqq6bvL https://t.co/yWNpVUL1ED,@sethforprivacy Social security coin. Seed phrase coin. Home address coin. Fingerprint coin. DNA coin. Endless possibilities if you think about it.,"ARS Ag Genetic Resources Preservation Research Lab uses genetic fingerprinting to compare DNA profiles of Apple trees from 1800 &amp; 1900s w/ those stored in USDA Nat'l Plant Germplasm Sys. Apple Collection, to ID cultivar names guiding conservation efforts➡️ https://t.co/XYKT72vXMH https://t.co/Kknr19DVHj","Yikes!

"@CDCgov is continuing testing to see if the genetic fingerprint of the bacteria in the [#aromatherapy] bottle matches those of the bacteria identified in the four patients – one each in Georgia, Kansas, Texas, and Minnesota. Two of the four patients died." https://t.co/z7pCuTLrUU","@Ruruando @SinfullySkylar @Real_IanScott @Kryreth @Nerdy_Addict @RudyRender @WFLAJB @WFLAJosh @WFLAWalt @allergic2banana @johnmarchetti @901Lulu @TrynnShelby @birdsx7 @thejanedoped That's why I question the validity of the identification of Brian. Personally, I like to analyze and look at raw data that can't be argued with. I'm waiting for DNA results. 

Depending on how long she was in the elements (Yucca Valley is 🔥 HOT 🔥)","@AdamCornett81 ada, thanks again 🤗 my profiling abilities are on point 🤣",You better make sure you have all of your ancestry shit 100% legit because if some cartel doppelgangers come around to kill you and steal your fucking identity they won't match the DNA profile even if they get plastic surgery. https://t.co/f37lSjI0iS,"@2AMthou52768608 @julialachowiczz @WFLAJosh @NBCNews @PeteWilliamsNBC The feds will do DNA typing, regardless. The will evaluate whether a finger was neatly  sliced off or otherwise separated from the body.",CONGRESS|#COSTEM21| Robin Foa discussed that the patient with a favorable genetic profile at diagnosis with no ABL mutations on MRD+ cells and sustained CMR can use allo-SCT #leusm https://t.co/vU9nXCvGEQ,"Genetic discrimination is illegal, but in practice genotype profiling is used to identify valids to qualify for professional employment while in-valids are relegated to menial jobs."
"Fingerprinting proteins with force: DNA nanoswitch calipers allow scientists to measure distances within single molecules using force, opening a new avenue for single-molecule proteomics. https://t.co/YwYVn52uud",@topsbycop @kennedyBrooks26 @GovStitt @Jeremiah_Hall27 Unfortunately you should reread the same transcripts. You have retold &amp; misrepresented the facts horribly. No DNA evidence is given by the State from inside Howell`s Suburban. A fingerprint of Julius' on a receipt in Jordan's Cutlass must be the DNA you are confused about.,"Ms. Gambaro-Gunn's genetic biotechnology walked to the Genetics and Biotechnology center  @UWMadison and met with 4 scientists about their work in DNA Fingerprinting, work toward growing organs using cells from pigs &amp; using DNA to locate soldiers missing in action during WWII. https://t.co/FfTsrW9A4L","CDC is awaiting test to see if the genetic fingerprint of the bacteria in the aromatherapy matches those of the patients – one each in GA, MN, KS and TX. That includes Lylah Baker, the little girl I wrote about recently: 
https://t.co/WJvKieutOh and
https://t.co/yC9Tx4muXM","@art_morehouse @chris_notcapn The way in which dental records identify someone is like, root canal, filling &amp; removal history plus placement of teeth in the jaw. Removed teeth are not sufficient for identification on their own. A DNA analysis would have had to be done- results for that take more than a day.","Project Elephant Division and Elephant Cell convened a meeting under the Chairmanship of Shri Ramesh Kumar Pandey,  IGF (PE) to discuss modalities for conducting DNA profiling of captive elephants in the country. https://t.co/zJ2It3J7D4","Victim Of Serial Killer Robert Hansen Identified 37 Years After She Was Discovered

In August 2021, a new DNA profile for the victim was generated and uploaded into a public access genealogy database.
 - https://t.co/AuzLJTVnJk https://t.co/8xEuBF7waQ",@NeilCouling @mrfrankzola @rightsnet @publiclawcentre @SWLLawCentres @SouthwarkLawCen @CPAGUK @crisis_uk @camdenlc @WORCrights @turn2us_org @HF_LawCentre @MerseyLawCentre @gmlawcentre @DWP @APPG_UC @The_SSAC So when your saying when you can't yet do FAR worse...DNA typing? Bone scans?,Scientists have now developed a new approach called Repair-seq that pairs #CRISPR based genetic screens with DNA-site-specific deep sequencing to profile the range of mutations produced at targeted DNA sites by different #genomeediting tools. Learn more: https://t.co/5yUaOXcFVG https://t.co/Bok2PeVIKC,A bill in India 🇮🇳 proposing to collect genetic data to tackle crime has been criticized by rights advocates.

Campaigners say the database can be misused for caste-based profiling and can damage people’s right to privacy: 

https://t.co/WoovL6DuEa 

#GoodID👍🆔
DNA Nanoswitch Calipers Created as Possibly World’s Tiniest Ruler for Fingerprinting Proteins https://t.co/odx12ykUSw 
@GENbio 
#nanobiotechnology #molecularbiology #biomolecules #Biotechnology #sciencetwitter #scicomm,"@CALMwildflowe No. I know it sounds crazy and like I've been watching too many true crime dramas, but I need DNA evidence at this point. The dental records aren't enough. And yes, I know they are "as unique as a fingerprint"",@revision_2003 @3DCableFrEE @epiCCodingNET @MerriamWebster gamete intrafallopian transfer | geeked | genetic fingerprinting | glass ceiling | glute | go-to | Hadean | hantavirus | heterocyclic amine | Hib | high-intensity interval training | homeobox | horndog | HTLV-III | kick to the curb | laptop | Mandelbrot set | moonwalk nanocrystal,"@j1mmyeth To be clear, since 288 characters is limiting, I also use Windows, MacOS, own an iPad which has my face, Android with fingerprint, etc.

You can't functionally opt out 100%. And in a worst case scenario, I have genetic/wealth privilege to fallback on.

I still dont support it tho","@mykeepitreal @iTakeitKarma @attorney_san @JoshuaL40555917 @TimyNerdG @Real_IanScott @Nerdy_Addict @BrianEntin @CoffindafferFBI @WFLAAllyson @WFLAJB What’s more likely?

A vast conspiracy involving the FBI, Medical Examiner, North Port PD, a member of the NYS Bar association all worked in concert to fake DNA results and forensic odontological identification, or; the public is so ignorant, they actually believe the conspiracy.",The development of forensic DNA profiling helped identify when we got it wrong  — @KeithAFindley,"A Florida police official said rumors the Brian Laundrie's parents planted evidence are 'completely untrue' https://t.co/WDjNOqsORl via @Yahoo let me guess- parents will not do a DNA profile?  maybe want old bones, and a bag with clothes that parents said were his, to be enough?",As of now while I'm typing this tweet 37 verified deaths have been confirmed by the Uttarakhand police.. heavy floods there.. Nainital floating.. tourists sufferings without food and water.. why no DNA by Tihaadi yet?,"@vodkaoatmilk Finding the right dose and right med combo is difficult, there is a blood test now that matches you with the right drug for your genetic profile. Changed from Vyvanse to adderall after the test about 2 yrs ago &amp; dropped my dose to 20xr and I feel even better.",But many people believe that the genetic profiling companies we send our saliva to have some reasonable answers to where we came from.
"Scientists working @wyssinstitute @Harvard, @harvardmed, and @BostonChildrens have used DNA to create a #DNA #nanoswitch #caliper, possibly the world’s tiniest ruler for measuring #proteins. https://t.co/MEXaGErRCn (Work funded by @NIH and @DeptofDefense)","A retinal hash would appear to be a plausibly effective way to do this. They probably have good reasons not to use a fingerprint hash. Other alternatives are what, a fictional “instant DNA hash”? (Immediacy is also important.)","@fesshole Easily done. I look back on my third class honours thirty years ago, and I still have no idea how I passed. In a second year exam on genetic fingerprinting I coloured my thumb in ink and pressed it on the paper with the words 'I've failed haven't I'.",@LightBu51377903 @RubinReport There may be. Our immune systems are very complex. Each individual’s is like a fingerprint and depends on genetic and environmental exposures. So much we don’t know about the virus and our response to it. Vaccine will mitigate these unknowns substantially.,@WFLAJB is the dental results enough identification? Is the FBI going to further get DNA test to get 100% of Brian???,"As a reminder, current seq-based protein profiling utilize DNA barcode conjugated antibodies. Large such panels are difficult to prepare, limiting us from profiling thousands of epitopes. To pave the way for that, we introduce genetically barcoded phage nanobody libraries. 2/n https://t.co/TEfsW42B5q","Another DNA profile was found, but there wasn't enough to make an identification.",Typing DNA Command Line Authenticator - https://t.co/QkqBXwL9oS

 #angular #development #programming #python #swift https://t.co/TcOgbSUpB9,"@zippy2strange @jordanbpeterson 1/2 It's not a cycle, it's a problem of genetic background. They are people with a more pragmatic/self responsibility profile and people with a social conformity / collective responsibility profile.","GENETIC PROFILING 
Although there's big teams of scientists working on it, we still don't know everything there is to know about genetic and certainly ancestral DNA inheritance."
DNA fingerprinting the ‘food of gods’.

Taro is under threat from rising sea levels but wild Australian plants being cultivated by #UQ may help boost food security in the Pacific region. @millicent_smith @Godwin_UQ
@QAAFI

https://t.co/o1VqWMjwG8 https://t.co/egSDQwWwnk,@mikehalltexas Do you know how Darlie Routier is doing? Being tried in Kerrville (land of Genene Jones) was a death sentence in itself. Massive issues w/court reporter. Sock w/boys DNA never dealt with. Un-ID'd fingerprint ignored. Defensive wound photos not shown to jury. I'm RN x 35 yrs- 1/2,"@seanjward It’s the same mechanism as genetic fingerprinting - you take a sample of genetic material, apply enzymes and indicators, then compare the resulting segments for a recognisable  and unique pattern","#imaginary being #biometric authentication #fictional character #fingerprint #mathematical notation :) As a genetic fingerprint technique, this method of visualization is used in forensic science to establish identity and family relationships. https://t.co/NTcDrmA9K4","@memphisbelle1 @beckyexpress @LadyJayPersists Exactly, full dna identification not just dental. I don’t trust the parents at all.","@BrianEntin Generally, the best profiling results are obtained using demineralization protocols that aim to fully dissolve the bone matrix to release the DNA.","Three of the four swabs tested positive for blood, so he took a sample of each to create a DNA profile, which he then compared to known DNA profiles for matching. The DNA sample matched Marissa Andrews' DNA. Andrews was one of the surviving shooting victims.","Mitosis, https://t.co/ZYIndK9NK6
Blood Typing, https://t.co/vgADXpcWky
RNA, https://t.co/iqHIBns8ml
Meiosis, https://t.co/LekfCe4uH3
What does DNA Look Like?, https://t.co/sSW13nm9XO
Good &amp; Bad Bacteria, https://t.co/py4MutzPAv
General Genetics, https://t.co/FCHPMbUN26","Rather than asking yourself what's the best morning routine, ask yourself the following:

- What are you trying to accomplish?
- What's the nature of your work?
- What's preventing you from growing?

We all have a different psychological profile &amp; genetic blueprint.","What genetic profiling is doing for us. But still, it can be fun to find out this kiwi part Maori is of Icelander stock. Or am I?

An essay and linked thread. https://t.co/wcBL0HQztv"
"DNA Nanoswitch Calipers Created as Possibly World’s Tiniest Ruler for Fingerprinting Proteins

Researchers suggest DNC technology could be applied to fields spanning proteomics and nanotechnology, structural biology, and drug discovery. Learn more: https://t.co/kdjrRTlDPF https://t.co/pdSNy12H8u","@Ginger_Devil19 The thing is that no one's dental records are the same, and if it wasn't clearly him they would've ruled inconclusive. The way your teeth pivot, sit, any fillings, chips, etc...it can be as unique as a fingerprint. They ofc will likely get the DNA from it &amp; test as well.",Very interesting drama on ITV tonight about the first time genetic fingerprinting caught a killer - would definitely recommend.,"2. WGS acts like a fingerprint of the virus. We aren't all being infected by the same thing. Thousands of versions with tiny differences are circulating. These tiny differences can link cases, like a fingerprint. That means we could link cases based on these genetic traces....","Another DNA profile was found, but there wasn't enough to make an identification.",An Epigenetic 2-for-1 Deal: Joint-Profiling of DNA Methylation and Chromatin Accessibility https://t.co/dThpebQxZ1 #method #protocol,Scientists have now developed a new approach called Repair-seq that pairs #CRISPR based genetic screens with DNA-site-specific deep sequencing to profile the range of mutations produced at targeted DNA sites by different #genomeediting tools. Learn more: https://t.co/5yUaOXcFVG https://t.co/Bok2PeVIKC,"Automate your HLA typing🤩
#HLAtyping is an important, commonly used genetic test in diagnostic labs. Learn how to automate it with the ASSIST PLUS pipetting robot, which frees up staff time while increasing accuracy and reproducibility.
Learn more: https://t.co/aWbHzbUaoc","I URGENTLY NEED TO SELL MY WORKS

MY SISTER DOESN'T HA E CANCER, BUT A COMPLEX GENETIC DISEASE: INFECTIOUS ARTHRITIS

this treated only in Moscow

if you want to help me, then check my profile

I will be grateful even for $1: 

https://t.co/ZD8odbYdxs

https://t.co/QruwSHnPkL",Profiling of Nascent Lariat Intermediates Reveals Key Genetic Determinants of the Timing of Human Co-transcriptional Splicing  https://t.co/ac7WQndcez #bioRxiv
"ARS Ag Genetic Resources Preservation Research Lab uses genetic fingerprinting to compare DNA profiles of Apple trees from 1800 &amp; 1900s w/ those stored in USDA Nat'l Plant Germplasm Sys. Apple Collection, to ID cultivar names guiding conservation efforts➡️ https://t.co/XYKT72vXMH https://t.co/Kknr19DVHj","Some of the most common types of reasons why expert witnesses are called upon include:

Forensic science, Accident reconstruction, DNA analysis, Fingerprint analysis, Cases involving breathalyzers, Mental health assessments, Handwriting analysis.

#Oklahomapersonalinjurylawyer https://t.co/SCxNzCPBJL",DNA is a genetic fingerprint. So it's the same as regular fingerprinting.,"genetic fingerprint of memories that were once fluid but have since crystallized out from the crucible of possibility, encouraged by the catalyst of the European colonial adventure.”I have often thought that you need a similar kind of layered map to understand Sudan’s civil war.-","@BrookieC81923 In any case, and you can look this up, dental identification is not used unless the ME has no other means of being able to make a positive identification. Will they still test DNA? Possibly. But all of the prototypical signs are pointing to that not being the case.","How long does it take to get DNA from skeletal remains?
Generally, the best profiling results are obtained using demineralization protocols that aim to fully dissolve the bone matrix to release the DNA. These protocols often take 12 h or more. #brianlaundrie #justiceforgabby","@MahsaWho As grim as this sounds, were teeth attached to the skull that was found? And are they obtaining dna profile of skeletal remains in addition to dental records for the utmost accuracy? ☠️💜",@IndiasGT2 @dna Even u are typing in english venna,Forewarned is forearmed! It's fantastic that the field of genetic testing has advanced to the point where we have knowledge about risk factors specific to your genetic profile. Contact us for more info. https://t.co/QmUQX98NeS,Steroid profiling and genetic variants in Chinese women with gestational diabetes mellitus #JSBMB #MassSpec  https://t.co/zfeSwQohCx
"Scientists from @wyssinstitute, @harvardmed, and @BostonChildrens have utilized #DNA to create what might be the world’s tiniest ruler for measuring #proteins.

Read more @GENbio:  
https://t.co/xDNayGgiLN",Of Police System .... Prone To https://t.co/8rxHOfOGPL A Mickey Finn of Odd Behaviour ? detected in DNA Fingerprints Test as ATM DNA Fingerprints Card Scan as Mobile Phone DNA Fingerprint Screen Scan as Bank Note Counter Scan so on ?,Anandia's rapid cannabis DNA Fingerprinting is highlighted at StratCann this week! 
https://t.co/1KjlvNMaI8,How is a genetic DNA blood fingerprint different than a fingerprint from your hand?

 If used for identification purposes only? 

#CriticalThinking 

#GeneticGenealogy,"BACTERIAL IDENTIFICATION VIRTUAL LAB (HHMI)
Learn about the science and techniques used to identify  bacteria using DNA sequences. An interactive "lab" with sample prep, DNA replication, sequencing and analyzing DNA. [from the Scout Report]
https://t.co/2B0tPAUuWW",PubMed_ High-throughput and affordable genome-wide methylation profiling of circulating cell-free DNA by methylated DNA sequencing (MeD-seq) of LpnPI digested fragments https://t.co/vnZbfaReE1,@Maddiesvoice1 @PamGurney70 @MistyDa83907643 @TomOBrien0401 @gkylilghost @MikeJakey1947 @poppypippa2 @PhilipTann1961 @Francis60905029 @jam_J_M @harryrag @Antlad30 @bob93265343 @SidShite @debgee9 @Shirley60483124 @NotFakeyNatalie @MaverickLite @MayklWalker @BourgeoisViews @MikeJakeman5 @5haronl @artsmarse @marvinskyelo @Irissykes14 @ScamHunter487 @craig_c83 @Patriot_4_MAGA @Lostinthecity7 @chickienob @emily23800584 @Esjabe1 @D_Owanlen @Andreamariapre2 @JBLittlemore @lindale22381726 @forevershallon @D_Dobrovetsky @milesbetter73 @Shatnerella @njbennett @ElizabethKeesey @LostCuriously @MMTRUTHORLIE @Neil81417504 @McCannCaseTweet @kathypriestley5 @bka @I_Love_Cats2014 FSS. Cases between 2000 &amp; 2005 "This led the Association of Chief Police Officers (ACPO) to advise all police forces in England and Wales to review cases where samples had failed to give a DNA profile."https://t.co/foGMIwxKMI,"@JennJonesGA @AriB2783 @SmallHotChilli @kushielx3_sarah @EliseRCook OMFG

It is not a gene

A copy of a gene is not a  gene.  It’s doesn’t reside in the DNA, it doesn’t act like genes act.  Genes make mRNA to encode for proteins

The mRNA in the vaccine doesn’t enter your nucleus

Please just stop typing. This is embarrassing","@ChrisStringer65 @FossilHistory Ah, did a genetic profile happen?",Genetic profiling and biomarkers in peripheral T-cell lymphomas: current role in the diagnostic work-up https://t.co/Gk9kpY36mW
DNA fingerprinting taro: The 'food of gods' https://t.co/vOIUSrnBV0,"“biometric identifiers are extremely dangerous, they can’t be revoked, they can’t be reissued.” You’re pretty much stuck with your iris, fingerprint, and DNA forever—this isn’t a password that can be changed whenever it’s compromised."

https://t.co/biPBU9b4IX",yes right you can see how that can be abused genetic blood dna fingerprinting https://t.co/CEHyLEBbLQ,DNA is a genetic fingerprint. So it's the same as regular fingerprinting.,"@johnmarchetti I think it’s just that the dental records were faster in this case, and the DNA may become secondary later.  But the expense of such DNA testing  is not required for identification confirmation now. So why would state pay for that.",New article: High-throughput and affordable genome-wide methylation profiling of circulating cell-free DNA by methylated DNA sequencing (MeD-seq) of LpnPI digested fragments https://t.co/abWfP891MI #colorectalcancer #oncology https://t.co/niVF94C9RX,"@MikeJakey1947 @gkylilghost @TomOBrien0401 @poppypippa2 @PhilipTann1961 @Francis60905029 @jam_J_M @Maddiesvoice1 @harryrag @AnnaEsse @Antlad30 @MistyDa83907643 @bob93265343 @SidShite @debgee9 @Shirley60483124 @NotFakeyNatalie @MaverickLite @MayklWalker @BourgeoisViews @MikeJakeman5 @5haronl @artsmarse @marvinskyelo @Irissykes14 @ScamHunter487 @craig_c83 @Patriot_4_MAGA @Lostinthecity7 @chickienob @emily23800584 @Esjabe1 @D_Owanlen @Andreamariapre2 @JBLittlemore @lindale22381726 @forevershallon @D_Dobrovetsky @milesbetter73 @Shatnerella @njbennett @ElizabethKeesey @LostCuriously @MMTRUTHORLIE @Neil81417504 @McCannCaseTweet @kathypriestley5 @bka @I_Love_Cats2014 They found human DNA certainly and out of 37 markers 15 matched MAdeleine but nit her UNIQUE PROFILE, so some matcheswere bound to be in 37....yours and mine too probably.","@Mio_fancies @PietersenJohny @tillytiny10 @MagdalenaMbute How do I open the space 🤦🏽‍♀️🤦🏽‍♀️cos typing long threads eish. Cos the thing is you go to groove, fuck in the parking lot, khante you slept with an ex murderer, an ex abuser, an ex nton nton. An ex ANYTHING guys. Ku rough out here. So they leave their spiritual DNA inside you nje🤞🏽🤦🏽‍♀️",Hear Joanne Hackett speak at #BioData #GenomicsLive about how #clinicaltrial success may depend on matching treatment to #genetic profile of patients: https://t.co/3uaY37fcwN #realworlddata #genomicmedicine #genetic #genomics https://t.co/23qf8aVKWj,Genetic profiling and biomarkers in peripheral T-cell lymphomas: current role in the diagnostic work-up https://t.co/iZfaNfV5qM
"DNA Nanoswitch Calipers Created as Possibly World’s Tiniest Ruler for Fingerprinting Proteins

Researchers suggest DNC technology could be applied to fields spanning proteomics and nanotechnology, structural biology, and drug discovery. Learn more: https://t.co/kdjrRTlDPF https://t.co/gsqWtenhf7","@MsEvaLordes @olguith @FOX13News That's traditionally not how dental records work. They don't pull DNA, they match the teeth. It's kinda like your fingerprint, it's unique to you.","@CaitlinAllenPhD @PPHFutureLeader @lspees221 @LaurenPassero @mclarkeroberts @UNCPharmacy @UNCpublichealth Use: "Have you ever had any of the following type(s) of genetic tests?" HINTS options include: (i) paternity testing, (ii) ancestry testing, (iii) DNA fingerprinting, (iv) cystic fibrosis carrier testing, (v) BRCA1/2 testing, (vi) Lynch syndrome testing, and (vii) other","Indonesian Woman Who Died 7,000 Years Ago Reshapes Early Human Migration Theories Theories about early human migration in Asia could be transformed by the genetic fingerprint of the woman who was given a ritual burial in an... #LatestNews by #News18 https://t.co/wXa10cf5Vm",@GabPetitoTheory How do you get dental identification from a partial skull...how about a DNA test...this is BS!!!,"GENETIC PROFILING 
Although there's big teams of scientists working on it, we still don't know everything there is to know about genetic and certainly ancestral DNA inheritance.",@gkylilghost @TomOBrien0401 @harryrag @bob93265343 @poppypippa2 @PhilipTann1961 @Francis60905029 @jam_J_M @Maddiesvoice1 @AnnaEsse @Antlad30 @MistyDa83907643 @MikeJakey1947 @SidShite @debgee9 @Shirley60483124 @NotFakeyNatalie @MaverickLite @MayklWalker @BourgeoisViews @MikeJakeman5 @5haronl @artsmarse @marvinskyelo @Irissykes14 @ScamHunter487 @craig_c83 @Patriot_4_MAGA @Lostinthecity7 @chickienob @emily23800584 @Esjabe1 @D_Owanlen @Andreamariapre2 @JBLittlemore @lindale22381726 @forevershallon @D_Dobrovetsky @milesbetter73 @Shatnerella @njbennett @ElizabethKeesey @LostCuriously @MMTRUTHORLIE @Neil81417504 @McCannCaseTweet @kathypriestley5 @bka @I_Love_Cats2014 And even less of a big deal when you realise it was 15:37 and so the match was going to be there somewhere but NOT her UNIQUE DNA profile.,@CIA @007 I met the elderly ladies that lived there circa 1961. Two spy gals from the Chicago DDR/DNA/NSA “typing pool” wanted to take over their home/redecorate. They sent one to the hospital &amp; locked another in her room. We flagged down spies in transit to try to get the old gals help.,"Old #grandmas be like, “Wear a jacket.” Future grandmas say, “Did you ever do your #genetic testing, gut #microbiome profile, and cancer screenings?”",The Diagnostic Value of Genetic Mutation Analysis and Mutation Profiling of cfDNA in Intraocular Fluid for VRL  https://t.co/cP1eQepOi4 #medRxiv
"A new tool for identifying #proteins “integrates molecular biophysics with cutting-edge DNA #nanotechnology to allow us to interact with and analyze biological molecules in a truly novel way,” says our @DonIngber @wyssinstitute. https://t.co/m2XSSGE0qf","@MarcMixy @digitalcooki3 Let's get sciencey here, white gloves reflect light but black gloves absorb it, light normally makes you hot, typically if you wear white gloves it is much less likely for your sweat to cause your fingerprint or DNA to be left on what you touch, hence why when you see people 1/2",,"After watching CSI, did you ever ask yourself how they identify a person by DNA? Or what they are talking about on television when they talk about the “genetic fingerprint”? We wrote up some information about the genetic fingerprint and the scientific basis for it. The blog wants https://t.co/PTHjyvqAmu",@MahsaWho @WFLAMahsa Why was dental records used to identify him and not DNA? Did Brian Laundrie have dental work such as a partial or dentures making identification easier. How so quick?,"Published today! Methods for dual profiling of DNA CNV and RNA in single cells. These improve (a) scRNA-seq normalization (b) CNV detection from RNA, enabling study of CNV effects on transcription at single cell level. https://t.co/cDaASnQx0b @PMResearch_UHN @SingleCellMedia",MOST OF THE HIGH PROFILE CASES THAT GOT AWAY IS DUE TO THE WITHDRAWAL OF THE SAID CASES BY THE PROSECUTION. THERE'S THIS QUESTION TOO ON WHY DNA INSTEAD OF DNAA... 🤔 https://t.co/dfqR9JnbUh,Brandon 
Let's go 
Brand On - Mark 
Br and NO 
Bromine and nitric oxide 🤨
Letting go of 
Cheers 
Think typing again 🤔🤷🏼‍♀️
No DNA rb 
Dan born https://t.co/0ZMgz2AtZX,"@Crimson_Sentry Y Haplogroup is solely dictated by the father. Mitochondrial DNA by the mother. Therefore, since no contamination of genetic materials from the female partner, unless there are mutations, the profile will remain the same down the generations. But mutations do happen eventually.","On profiling our Volunteers:

Pharm.Chizoba Chidiobi is my name. I am a Pharmacist, a Genetic Counsellor, a dedicated Sickle Cell Advocate, and a serial Entrepreneur (Pharmapreneur)

I’m a volunteer with Audrey Sickle Cell Foundation and I currently serve as the https://t.co/CUpFXx6ULA"
"Ms. Gambaro-Gunn's genetic biotechnology walked to the Genetics and Biotechnology center  @UWMadison and met with 4 scientists about their work in DNA Fingerprinting, work toward growing organs using cells from pigs &amp; using DNA to locate soldiers missing in action during WWII. https://t.co/FfTsrW9A4L","Really cool new paper out from Wesley Wong's lab (my postdoc lab and longtime collaborator @wyssinstitute). A real tour de force (literally!), using DNA nanoswitches and single molecule techniques to mechanically fingerprint molecules. https://t.co/CaOOYYIxqC",,Ever wanted to know what a genetic fingerprint is? Here is your answer 🙃 https://t.co/WRV7fsVHfI,@Youtubeinsight1 @chrisfamousamos @GECUQUENCH @KEEMSTAR Why would they need dna? They already know who the remains belong to and dna doesn’t really help aside from identification in a case such as this.,The authors of this study sought to evaluate the concordance between tumor DNA (tDNA) profiling and utDNA or ctDNA assays using a UBC patient cohort from the intended-use population https://t.co/kuVZIjSPSH https://t.co/aXUNSxRMQ6,"Do you enjoy biochemistry? Do you like investigating molecular machines? Do you like to work on a high profile human DNA replication project involving chromatin? If so, please DM me, we have an exciting job for you :-)
https://t.co/8yD9wUQKD7",@urkagurka @CanadaCrypt0 @DrTomFrieden Every single human has a different set of DNA typing,"@afreaknamedali @sethamayfield @thatdaneshguy And I’m a geneticist who refuses to opine on strangers’ ancestry unless I’ve seen their genetic profile. I’m also a fallible human being who gives people the benefit of doubt, one who refuses to deprive people of their livelihood without hearing them out!",Ricardo Albanus @rdalbanus 
Single-cell gene expression and chromatin accessibility profiling of human pancreatic islets at basal and stimulatory conditions nominates mechanisms of type 1 diabetes genetic risk
https://t.co/Lnr3A8BE45

Thursday talk
5/7
Single-molecule mechanical fingerprinting with DNA nanoswitch calipers
https://t.co/n8gOKcKDjS,@Sherri761 @jwcarlson1984 @Nerdy_Addict You know dental records are like the most accurate form of dna right? Just as much as a fingerprint.,,to help you understand what we are analysing in the lab and build a foundation for future blogs talking about the usage of the genetic fingerprint. It also provides information on PCR and STR and other weird abbreviations 🤣

#fgih #forensic #genomic #innovation #hub #startup,"@johnmarchetti Just because teeth impressions look like his, doesn't mean it's actually him. I can think of at least 3 different cases where dental identification was wrong. Once DNA was actually processed, it was not the right person.","2/n

AIT was propounded at the time when most of the technologies were not available (e.g. Astronomical S/w, DNA Profiling, Paleontologist studies). AIT states that Aryan were Europeans who came on horses with 'Ayas' and settled during ~2000 BC.",@_Natt_Turner_ 👍🏾👍🏾👍🏾

But we definitely need DNA profile of convicted criminals and a public sex offender list.,@emilybalcerak @SuperStraightWM @frenfarAway @JolieVieille @aintyourbud @ElectionLegal You're typing on a computer manufactured with slave labour and a bevy of human rights abuses. Racism is genetic. We feel a kinship with beingswho have a more similar genetic code. Lewantin's fallacy if you happen to mention typical nonsense about black white DNA similarity.,Harden's The Genetic Lottery is the best book on the connection between social justice and the new research findings on genetics that I've ever read. This is an excellent profile of the author.

https://t.co/SByISCT1Ls,"Implications for #GeneticTesting in #UrothelialCancer. @sonpavde @DanaFarber  and Maria Carlo, MD @sloan_kettering join @PGrivasMDPhD @UW to discuss recent publications on germline testing and genetic profiling. #WatchNow on UroToday &gt; https://t.co/pvP5bN9DyV @SeattleCCA https://t.co/7qEVmYab9h"
#UQ researchers are DNA fingerprinting Taro to identify salinity tolerance traits which may boost food security in the Pacific region. 🍠 https://t.co/iowZ8olGYk

@UQ_News @UQscience @DAFQld @millicent_smith @Godwin_UQ https://t.co/v0gErcoYTO,"@WFLAJB Although it's not DNA confirmation, dental records and each person's single tooth is as unique as a fingerprint, no 2 people are identical. A Forensic Dentist can confirm with just a few teeth and his dental x-rays that it's him.",,"@PeachMint17 @ButterflyEm1110 @C64761187 You would probably need a combined electromagnetic and chemical or X-ray or EM system to find the missiles. This though is visual. Which makes me wonder, there are certain genetic code items that light up under specific wavelengths.  When scanned. Its like a fingerprint on organc",@Welches86 I've heard 2 " experts " say identification of him has concluded.
No way ..they have to do DNA don't they ???,Dont accept partial results! Only comprehensive genomic profiling of DNA and RNA will reveal all potential biomarkers a patient may respond too. Check out our:
Solid Tumor Profile Plus: https://t.co/baWGGAyioP
Hematology Profile Plus: https://t.co/4njGljIwuc

#GTC #DNA #RNA #TAT https://t.co/WBNOpV8wmN,"@_Natt_Turner_ I suppose after the DNA has been tested, the database is created from the profile and the samples should be safely discarded. But yah this is South Africa, so anything can happen with those samples I guess.",,"🧬LS screening for endometrial and ovarian malignancies in Canada
🧬Immuno profile of epithelial ovarian cancers
🧬Impact of genetic testing on relationships, family planning and psychosocial well being
Check out Sept #Lynch publications! @huntsmancancer
https://t.co/9SJoieInVi","Could this be a way to fund my work? 

Dear Twitter, I am selling excellent, tested, mostly organic, very vaccinated carnivore lures.$10/ml.
All funds donated towards genetic profiling of spotted hyaena
#GoFundMe #CreateTheDemand"
"Single-molecule mechanical fingerprinting with DNA nanoswitch calipers

Nature Nanotechnology, Published online: 21 October 2021; doi:10.1038/s41565-021-00979-0

DNA nanoswitch calipers can measure distances within single molecules with atomic resolution… https://t.co/CKaGNK7GO1",I see no press release announcing DNA or fingerprint match to marks around #GabbyPetito's throat here: https://t.co/0MdqqVtGN3,,,@vprbabe @rgs518 This is true although the DNA testing takes at least  48-72 hours to result. So far the only identification method results they have released have been from his dental records. I'm sure they will release the DNA results soon after they receive the results.,@demarionunn Roddy's law - the mandatory registration and DNA profiling of dogs. Any dog shit not bagged up and disposed of properly will be DNA tested and posted through the letterbox of the registered owner. Or smeared over their windows.,"@_Natt_Turner_ Sorry if I'm being obtuse, but let's say the database is hacked, then what? For someone to frame you, wouldn't they need your actual siliva/fluid or whatever to plant it on a crime scene. What is the DNA profile data going to do? Maybe I'm not understanding it correctly.",,Application of Cluster Analysis of Time Evolution for Magnetic Resonance Imaging -Derived Oxygen Extraction Fraction Mapping: A Promising Strategy for the Genetic Profile Prediction and Grading of Glioma https://t.co/K7Ax4OHmbt,#GINA I'm sure there's good practice to build on to protect the rights of humans against genomic profiling by insurance companies

Newsroom: Genetic discrimination in NZ insurance undermining research.
https://t.co/LlYrD6acER
"Brain fingerprinting is to me more attractive than DNA fingerprinting, because it is dynamic. I just cannot wrap my head around (literally) putting magnets everywhere for, say, shopping. Great to see advances: https://t.co/F5sYzvbXrK","@WFLAJB Apparently, DNA can be extracted from the teeth and roots, also any amalgams, and bite pattern.  Also, interesting is that teeth have an enamel rod print that is similar to a person's fingerprint - unique to an individual.",,,Our work "Enzymeless #DNA Base Identification by Chemical Stepping in a #Nanopore" led by @YQing_ing is out on @J_A_C_S .

@OxfordChemistry @OxChemRF @OxWiChem @magdalenoxford @mplsoxford @nanopore 

https://t.co/IWsOZbtwbB,The authors of this study sought to evaluate the concordance between tumor DNA (tDNA) profiling and utDNA or ctDNA assays using a UBC patient cohort from the intended-use population. https://t.co/wrkI3Oc5W6 https://t.co/sitZ4KVzgC,"Well uhm no, rather mirror the US where the DNA profile of every criminal gets entered in the federal database called CODIS.... https://t.co/4lDR39FjO3",,"@memerekim3 @PochaAndrew @74sessions @fitter_knitter @CityNewsVAN everyone with pronouns in their profile scream at GMO foods, but they'll gladly take a vaccine that uses genetic engineering","@Crisalba60 reducing2genetic, cellular, molecular, genetic design feels like eugenic profiling in my book, when in reality, pre-disposition, mentioned in article, is more often2do with multilayered contexts/experiences that near crown emergent psychological potentials through transitions🙃😉"
Fingerprinting proteins with force: DNA Nanoswitch Calipers allow scientists to measure distances within single molecules https://t.co/lJzJz3KI0I,"DNA them, photograph them, fingerprint them, and send them on their way. Pedos are constantly looking for new victims. Let Rep. Veronica Escobar be an advocate for them, in Mexico. Every nationality; Somali, Sudan, Syrian, etc come through the border. There are Pedos mixed in.",,,Identification and Validation of Prognosis-Associated DNA Repair Gene Signatures in Colorectal Cancer #preprints https://t.co/O4JW4w8Lax,"@LukeJSmith33 @AFLcomau Is it similar to AFL WADA mandate?  "directed by WADA pursuant to the monitoring program described in Article 4.5 of the WADC; or to assist in profiling relevant parameters in a Player’s urine, blood or other matrix, including DNA or genomic profiling;"","Some plants contain bright UV-absorbing pigments which could protect their DNA. ☀️

This research shows that in Salicornia rubra, DNA of green plants growing in full sun appears to be at no greater risk than the red plants.

Read in @PlantEnvInterac ➡️ https://t.co/KHJkqZ5Alf https://t.co/iAsZ7eIHBS",,"Does this sound like something you would be interested in? Then this could be the career for you! For more information about being a Genetic Counselor, visit: https://t.co/5XCAMLytlB
.
.
.
#geneticcounselor #gearup #gearupnv #careerexploration #careeroptions #healthscience https://t.co/fUHPMYibFQ","reducing2genetic, cellular, molecular, genetic design feels like eugenic profiling in my book, when in reality, pre-disposition, mentioned in article, is more often2do with multilayered contexts/experiences that near crown emergent psychological potentials through transitions🙃😉 https://t.co/mE2u92aL9X"
Single-molecule mechanical fingerprinting with DNA nanoswitch calipers https://t.co/IRpqaJHRZt nanotechnology https://t.co/IX1VpQeyKI,"@Alex_A_Simons @Yubico @IBM So, where is Yubikey fitting in between. In my view you are supporting a product which is old. We are in the era of Face ID and Device (phone) detection. Next level is DNA based authentications for highly secure computers. USB with fingerprint is a gone case. Here is my Yubikey. https://t.co/lhUp2DPOwh",,,"@kayaker007 @SrikanthTalagad Imagine thinking that DNA and dental identification isn't 100% accurate. Yes, these people are crazy.","Beware of this Winter!!! | Tom Hughes W/ Monkey https://t.co/nGTcb5VKOD via @YouTube DNA mapping profiling personal lives, now monitor buying and selling.","#OnThisDay in 1993 the IRA murdered John Gibson, 51. Father of 1. A director of Henry Bros shot in his drive, Glengormley. Earlier he had been told of award for his work with British Diabetic Association https://t.co/PbA07VWdqe
https://t.co/jYyaf0PPAB
https://t.co/189sIE39w5 #OTD https://t.co/HKDqveKGK8",,Thank you to our speakers at the APPG meeting today @alexTLCsupport @karencamsmum and to @LizTwistMP for chairing and helping raise the profile of #rare #genetic and #undiagnosed conditions!,Our team retrospectively analysed 202 #UvealMelanoma px cases (largest UM dataset in 
🇦🇺!) to characterise the relationship between certain mutations &amp; disease progression + prognosis of UM in px using cytogenetics and molecular genetic profiling of UM tumours  #SVCRS2021 2/5
"@RneLrk @thehill Dental records, like fingerprinting, are the classic method of forensics, predating DNA. DNA forensics have only really been a thing for about 30 and can take days while the other two have existed for over a century and thus can be completed much quicker and cheaper","@Si_G871 @BigBaldDr @drphiliplee1 Actually it doesn't differentiate it is only triggered by heat. Same as a PCR  which ONLY detects SARS-CoV-2. It tests for a tiny fragment of DNA specific to SARS-CoV-2 and not found in other SARS viruses, eg a fingerprint.",,,"@FBIDenver @FBITampa How accurate is dental identification?
The accuracy of the methodology was 75,4%, the sensitivity was 53,5% and the specificity was 86,4%. Overall, there was a tendency of the observers to overlook non-dental characteristics. Show us the DNA!",Just finished watching #codeofakiller  What a fantastic discovery by Sir Alec Jeffrey with DNA profiling. David Threlfall and John Simm portrayed their roles brilliantly #welldone #dna,"Bloomberg reports the claim of the first child born following polygenic screening as an embryo, via a company called Genomic Prediction.

Basically a test that rank orders embryos by health using genome wide profile  🧵

https://t.co/ZZHQZhViVV",,""Dramatic change between 2000-2200 BC. A genetic profile, previously confined to Pontic steppes, spread beyond native region, replacing all wild horse populations.
Genome of this horse had 2 striking differences: more docile behavior, stronger backbone"
https://t.co/Fi9SuZObpO",
"FYI dental records are not 100% accurate like DNA fingerprinting. In fact, it’s least accurate forensic procedure. 
I smell a huge cover up by fbi here.. to save their face maybe?? 

#BrianLaundrie https://t.co/Wjufp6ohx3","#folding money #jigsaw puzzle #folding money #tea leaf #fingerprint &gt;&gt;&gt; These technologies have given us the Human Genome Project, medical genetics, biobanks, DNA fingerprinting, etc. https://t.co/g1sbtyssm2",,,@kikirodi64 @BrianEntin Dental identification is a highly accurate method  and dna can be extracted from teeth,sciCNV: high-throughput paired profiling of transcriptomes and DNA copy number variations at single-cell resolution https://t.co/WI1OcuyL8S @Dr_Rodg https://t.co/OzclMhWV8q,Your have to triple the number of African Americans currently in America and o have a chance of randomly selecting anyone with the same dna profile as Jones…and that person would have had to have access to Jones’ bedroom 

Why do so many people want the worst criminals free https://t.co/TdWio4JMNu,,Why does #lupus develop differently from one person to the next? New research suggests your genetic and autoantibody profile may be the key. 

Read the study. #LupusResearch,
"Single-molecule mechanical fingerprinting with DNA nanoswitch calipers
Prakash Shrestha, Darren Yang, Wesley P. Wong 
@Nature Nanotechnology (2021) https://t.co/xJEfsjStCJ @NatureNano","@Rosemar97681868 @WFLAJB @WFLA Usually they want to do fingerprint analysis, dental analysis and DNA analysis. x-rays can also be useful, to identify known fractions, or skeletal features.. one can also look at tattoos, piercings,..",,,@LadyJayPersists No it's absolutely sketchy as hell. They identified him by scream records only. I'd double and triple check that identification and get some dna analysis.,sciCNV: high-throughput paired profiling of transcriptomes and DNA copy number variations at single-cell resolution https://t.co/vr1L3bWNnL @scell_papers https://t.co/7I7gXKABz4,Just listed #ExtinctAnimals No.06-10 #NFTs on @objktcom #OBJKT

Grab the last member of each species! 
🐧➡️https://t.co/Gm6uiBYt2g ⬅️🦫

1/3 of any sales go to @frozenark
 to preserve biodiversity by safeguarding the DNA of #endangeredanimals🧬

🌿#CleanNFT #tezosnft #NFTdrops https://t.co/9avs4UmloR,,TENS in OA knee (N=75) - but interestingly looks at genetic profile of responders + non responders. Looks like there might be something in it?: Govil et al (2020) Eur J Pain 24(2): 398 https://t.co/f7wpmnI2Wi,
"@Cryptoscreen_en @DeCredit001 I realized that Decredit uses a off-chain data storage plus on-chain DNA fingerprinting, so can you tell us why did you chose use this mechanism instead a typical on-chain model?","What if we could identify proteins as easily as we can sequence DNA? Soon we will, w/ DNA Nanoswitch Calipers, created by scientists at the Wyss, @BostonChildrens &amp; @harvardmed. These tools make a unique "fingerprint" for peptides using force measurements. https://t.co/NTscAy9zMR",,,"@RabbitRabbitMov @WFLA It's hard to imagine there's not enough tissue left for DNA identification... but that might not matter either, since the FBI apparently allowed them to provide items that they say have his DNA on them. (Y'know, as opposed to checking against maternal/paternal DNA.)","@BreesAnna Also they already announce the next steps. They are not hiding.
WEF proposed the vax mandates, passports and scanning everywhere in July 2020. Now they "propose" blood samples and DNA profiling to live! Can tell you 10 excused to impose it by April 22
2/2
https://t.co/rXIYRCLeg2",.
Trump Given Deadlines to Produce #DNA in #EJeanCarroll Case.

https://t.co/9GhpYumlU7,,Genetic Profile of Endotoxemia Reveals an Association With Thromboembolism and Stroke #HelsinkiHealth #tutkimus #tiede https://t.co/0ss1giIs3f,
DNA fingerprinting taro: The 'food of gods' https://t.co/rFIn5Mrjln,"Take science learning to a new level this fall with Junior Scientists: Forensic Fun 🔎 Spend your Sunday mornings with us during this four part, 90-minute broadcast where you’ll learn all about DNA extraction, fingerprint identification &amp; more 👉https://t.co/hyMOnxEAiD https://t.co/orXMCSh4y9",,,@MackerelRuffian @WFLA Basically my theory is that they killed a homeless person via a shit to the head to look like suicide. Pulled some of Brian's teeth or swapped dental records. Put the body somewhere that would cause DNA identification to not be an option. I've watched a lot of true crime.,World Economic Forum is after our BLOOD ! 
What then ? DNA profiling for insurance/jobs etc ? https://t.co/NB6Q8yEzfT,"@docobgynmom @sassistheword @cravecreative No one I know is an anti-vaxxer, whatever that is, many are anti en masse use of experimental synthetic mRNA &amp; DNA technology shots, however. 
Yours is the last profile pic I saw before bed, I hope I don't have nightmares!",,"thinking deke shaw could possibly be an LMD, I ran a genetic profile to see if he was biologically linked to anyone.
and it came up with a match?
no. It came up with two.",
DNA fingerprinting taro: The 'food of gods' https://t.co/kIRNgx57Qg https://t.co/PPokGXtbMR,@ExoAcademian @TOEwithCurt context here was that DNA (hypothetically) would be something of a "fingerprint" which is capable of standing the test of time in a way that leaving an obelisk or other material object would not.

this had overtones of being factual rather than speculative 🤷,,,"@diva_bronze @TMZ Ummm...the authorities will conduct the conclusive identification tests. I mean, you don't seriously think it's just a guess, do you? It s simple logic that it will be based on conclusive evidence and DNA.",@Kukicat7 The same people in July 2020 proposed the vax passports and scanning to on all life activities. 
Now they want blood sample for DNA profiling. Last time heard about mandatory DNA profiling was on a country which is harvesting organs and selling them.....,211022 Mark updates his social media profile picture and header 

#LastBreath 

#MarkTuan #段宜恩 @marktuan 
#GOT7 @GOT7Official https://t.co/76RnVAeufU,,Since melanin preserves genes better than non-melinated people that would essentially mean it's probably easier to see what we are based on our genetic profile than it is edom.,
"#folding money #jigsaw puzzle #folding money #tea leaf #fingerprint &gt;&gt;&gt; These technologies have given us the Human Genome Project, medical genetics, biobanks, DNA fingerprinting, etc. https://t.co/g1sbtyssm2",The way we experience love is unique to everyone. Like a fingerprint or strand of DNA.,,,"@Carolyn76779482 @VictoriaDunes @BzYeeYee @CrimeTalkPod Specifically stated, Partial DNA hits.  Partial DNA does not allow identification.  Sorry.","@JoshuaBaer DNA profiling to identify old varieties of crops and fruits to create new clones. Then, look for new areas to cultivate due to higher temperatures, diseases, etc",DNA has been in his profile. https://t.co/VxBY47FIVb,,@ricis_angel Absolutely not. This is dangerous and poorly wielded science. Nutrigenomics can not (yet) assign you an individual nutrition plan based on your genetic profile. So reckless and so frustrating,
"What if we could identify proteins as easily as we can sequence DNA? Soon we will, w/ DNA Nanoswitch Calipers, created by scientists at the Wyss, @BostonChildrens &amp; @harvardmed. These tools make a unique "fingerprint" for peptides using force measurements. https://t.co/NTscAy9zMR",@Carrie32794279 @summerlinauthor @BrianEntin New or old if it's dipped  water it counts as old. It should have his fingerprint or DNA in them notebook.,,,"@HopefulOB2Be As for identification, I’m sure there was enough dna in the bones/marrow to develop a profile.   Doesn’t have to be just teeth.",New article: sciCNV: high-throughput paired profiling of transcriptomes and DNA copy number variations at single-cell resolution https://t.co/z6E7EBLKuR #MMSM #MultipleMyeloma #hematology https://t.co/qeuTQYMtJ2,@WFLA waiting for DNA in a case with partial skeletal remains is the usual protocol. Why the hurry?Was it a forensic odontologist who made the ID? This is a high profile case and questions should be asked and answers expected.,,A personalized nutrition plan based on genetic profile improves outcomes of facial regeneration with Platelet-Rich Fibrin liquid matrices
https://t.co/3w9V33pHgZ 
This study aims to assess that a personalized nutritional plan benefit to platelet-rich fibrin facial regeneration. https://t.co/aITEQSvOGF,
"Single-molecule mechanical fingerprinting with DNA nanoswitch calipers: Nature Nanotechnology, Published online: 21 October 2021; doi:10.1038/s41565-021-00979-0DNA nanoswitch calipers can measure distances within single molecules with… https://t.co/GnL3maUaIN | @NaturePortfolio https://t.co/tMNt2FBmJZ","@CarryBr63438066 @pendulumatrest @FoxNews They can't say definitively if they belong to him until a DNA test or fingerprint analysis is completed. This is probably due to decomposition. As for the term "Partial Remains", it means that one or more parts of the body were unable to be recovered.",,,I would like to see MORE proof positive identification ie. DNA,sciCNV: high-throughput paired profiling of transcriptomes and DNA copy number variations at single-cell resolution https://t.co/JsgEmqxFcp #bioinformatics,"@MouseEars4950 @mmpadellan If his remains really were terribly decomposed and bones only, don't know how good the DNA profile would be?  That dental office record swap is in the Agatha Christie "One Two Buckle my shoe". I'd never have thought of it myself.",,Midnight 76 @midnight76music https://t.co/WpJu7TyYAA - Just Another Animal (Genetic Lab),
Single-molecule mechanical fingerprinting with DNA nanoswitch calipers https://t.co/0MOUICJBWm https://t.co/ZKZw2420vd,"Our DNA, eye iris and fingerprint confirm that despite being part of the collective human race, we have found personal individuality. Our unique form of meditation brings you from individuality to universality Face-2-Face or online courses - @ https://t.co/zdQrNtYekw https://t.co/sDXMLB1PnC",,,"@kayl_pierce @KendallRaeOnYT Unfortunately when dental records are used in a case, usually means a skull was found. Or at least parts of a jaw. I'd at least like to see a mitochondrial DNA test on the tooth pulp, if viable, to confirm the identification. Such a hard day for the Petitos 💔","“here we performed multiomics single-cell profiling—integrating DNA methylation, transcriptome and genotype within the same cells—of diffuse gliomas, tumors characterized by defined transcriptional cell state diversity.” https://t.co/CyZ67d34DV","@Crimson_Sentry Y Haplogroup is solely dictated by the father. Mitochondrial DNA by the mother. Therefore, since no contamination of genetic materials from the female partner, unless there are mutations, the profile will remain the same down the generations. But mutations do happen eventually.",,Genetic Profile of Endotoxemia Reveals an Association With Thromboembolism and Stroke https://t.co/iZLzPQ47cr,
DNA fingerprinting #taro: The 'food of gods' @uq_news https://t.co/TWSKhpH2vV,"@dickius @Oneironautilus @DrilllKnight @impliedChoppy Fingerprint &amp; DNA evidence isn't perfect but it is very reliable, unlike what this tweet says (fingerprints ARE unique due to randomness,dna unreliability can be easily mitigated). Eyewitness however is not reliable at all, assuming you're not being sarcastic.",,,"I hope DNA confirms the dental record identification. Did he kill Gabrielle? Seems likely. || Human Remains Found in Florida Park Were Brian Laundrie’s, F.B.I. Says https://t.co/db8aRpGrTY",@clarencehilljr Cause you can’t both compare your symptoms from the virus being vaccinated and unvaccinated… demographic data is statistical analysis (which is racist -profiling-) and doesn’t/can’t account for DNA susceptibility,"@HopefulOB2Be As for identification, I’m sure there was enough dna in the bones/marrow to develop a profile.   Doesn’t have to be just teeth.",,"@abledoc @ArainGang possible but imo unlikely. at some point the paper with the dzundna samples will be published, but it looks like the west asian genetic profile was around before LGM in western near east (the west-east division in this model is due to paleosiberian influx to the east)",
@3DCableFrEE @epiCCodingNET @MerriamWebster clot-buster | crate train | cremini | cria | date-rape | d-bag | death metal | delta virus | desktop publishing | detectorist | dialog box | digital subscriber line | DNA fingerprinting | drop-down | earbud | EGOT | emailer | FedEx | fluoroquinolone | free solo | French pedicure,#PoliticsLive -Sir David Ames RIP mortally wounded - scene contained cordoned off log commenced- a suspect was immediately arrested contained providing no threat -emergency services contaminating original scene as a priority preserving life-Priest log DNA Clothing Fingerprint,,,Enzymeless DNA Base Identification by Chemical Stepping in a Nanopore @UniofOxford @OxfordChemistry #DNA #nanopore #Nano  https://t.co/gqbiLPNRjx,@FraiseAdam @janemerrick23 I would not have expected better from a gov that has done exactly this multiple times. It will be a company linked to “ friends “ of the gov. With DNA profiling as well - the gov get the “ benefits “ it’s called Tory policy. #indynow,Am I silly to worry about my DNA profile with comps like 23 &amp; Me and Ancestry and how will my DNA be used in years &amp; decades to come? What happens when the companies are acquired or go under? Is the TOS out the window? Until we fix healthcare in this country I’m dubious.,,"The multidisciplinary team at #ClevelandClinicAbuDhabi is conducting three studies that are set to provide insights into the awareness, genetic profile, and demographics of Emirati women with breast cancer.

Read more at: https://t.co/YQcaXV4aO7 https://t.co/1VTWFo5v6F",
DNA fingerprinting the ‘food of gods’.

Taro is under threat from rising sea levels but wild Australian plants being cultivated by #UQ may help boost food security in the Pacific region. @millicent_smith @Godwin_UQ
@QAAFI

https://t.co/o1VqWMjwG8 https://t.co/IsRYsMiADq,"@PresentsJam literally no one has any evidence of anything at the moment. A fingerprint, no, DNA, no or even some trace evidence, no. But Freddie looks dodgy boom boom boom.",,,"@InFamouz1016 @nytimes Seriously? Do you even know what's involved in dental identification analysis? First where would they get the human bone to carve a teeth or several, and even attached flesh with his DNA? These people are not criminal masterminds. What's sad is that ppl want more excitement.",@sc_wadsy @PaxPlebiscite @Aonghas1903 @Tricky9993 1973 Stephen Downing
1975 Stefan Kiszko
1983 DNA profiling

DNA profiling has revolutionized forensic science and is improving all the time. If you want to continue living in the 70's that's up to you.,"#FinTech #AgTech I took this from my @Clubhouse profile: Develop strategic projects To rescue old vineyards, coffee and bananas 🍌 DNA Projects in Galapagos 🐢 ☕️",,@_TheChuck_ Oooh since you have your DNA 🧬 profile now you should totally upload it to #GEDMatch to help catch serial murderers and rapists through genetic genealogy!!!,
#DNA fingerprinting 'food of gods' 
https://t.co/TTloRUWn31
#Agriculture #Australia #Australian #Biosecurity #Fiji #Groundwater #Innovation #Millicent #Pacific #Production #Professor #Queensland #Samoa #University #UniversityOfQueensland https://t.co/px6u4TUncx,"@IanMCalvert @AkwyZ @dcallahan2 @dez_blanchfield @imoyse @NigelTozer @nigelwalsh @NevilleGaunt @robmay70 @sarbjeetjohal The complaint is valid
When your #password is compromised you can reset it. When your #biometric identifiers (#DNA, #fingerprint, face) are compromised you cannot. So if schools and firms don't protect it effectively, you could be open to ID theft for the rest of your life
BEWARE",,,"Also weird that identification was done through dental &amp; not DNA &amp; was done quickly. Like, couldn't someone hiding punch out some teeth and put them with an unrelated body and be identified as deceased, &amp; now be free to live under the radar w/out LEO search pressure. (4/5)",@guardian There is nothing ethical about this at all. What next DNA profiling... They are not criminals.,@codealtgeek @urltv @Eazyblockcapt @MurdaMookez @bigtqmb @Headice @DNA_GTFOH @JohnJohnDaDon @TheReal_Calicoe @iAmLoadedLux @Tsu_Surf @Aceamin23_ @geechigottimbb @EverythingLoso @NUJERZEYTWORK I picked Big T. I feel like that Eazy vs Big T back and forth is what really helped Eazy raised his profile to where it is now. Along with him killin ppl in battles,,"@PumpkinPerson2 You probably don’t believe in natural immunity either but God created you in His image, strong enough to fight off a 99.9 survival rate flu but go ahead and change your genetic profile and go against Him. Hope for the best in a year. ✝️",
Eureka moment that led to the discovery of DNA fingerprinting https://t.co/UDynSJzDqW,"@CHRISTINAMCLAR1 @yona1959 @Grouse_Beater Schools retaining fingerprint identities of innocent children, only criminals have their fingerprints, DNA swabbed and mugshots taken. Did the teachers have their fingerprints taken, DNA swabbed and stored in a publicly accessible database?",,,@BartyMacgregor @FA666FTP @nursegalmom @WFLA Using dental records is an accepted method of positive identification. Yes DNA is a reliable method for identification but so is using dental records,Thinking about million+ possible outcomes under the interactions of host genetics (very complex) x gut microbiome (constantly changing) x environmental factors (extremely dynamic)... 🤔 that's why I am still hesitant to try out DNA and microbiome profiling (maybe one day I will!) https://t.co/JAvYnPnuzy,Profile. 2 DNA Books. 
High Priest Father Savior Jesus DNA Book Of Life For Not Covid19Vacs. High Priest Son Me DNA Book For Covid19Vacs. https://t.co/7tEvfGpypt,,"I was seven months pregnant with Mila when I was handed this image of her profile. Her tiny nose, her mouth, her chin. At that time, I had no idea that she had a genetic disease and the effects of it may have already begun to take place... https://t.co/2Ap3pwcTEy",
DNA fingerprinting technology should be widely available to Bitcoiners.  It should be illegal to cost so much.,"@unit2plus4 I thought the manager was ruthless and showed players the if they didn't fit his plans or the UTD DNA, Culture, fingerprint etc 🤷",,,"@vibradiant @smartin007 @FBIDenver @FBITampa OVERALL, D) identification via one tooth (NOT done in this case) CAN be done via DNA extraction from pulp tissue rather than just examination of the enamel or anomalies on the surface of the tooth. Whew! Do you still understand? Or did I lose you?","Family DNA Profiling: The Gift That Keeps On Giving
This process requires the use of complex and sophisticated DNA testing and profiling, known as familial DNA profiling or family DNA profiling. 👉👉 Call us on 1800217217 https://t.co/osXV9wDCFT

#DNAProfiling #DNAFingerprinting https://t.co/j0WDg4oh0Q","$CUV $CUV.ax
First Patient Treated in CLINUVEL DNA Repair Study
Fri, 22 Oct 2021 08:58

📈last price = $39.17
💼soi = 49M
💵mcap = 2B
🏭industry = PharmaceuticalsBioTechLifeSciences

co profile: https://t.co/ckzQUFhTzB
chart: https://t.co/3ZGGphVgz4 https://t.co/VOnxk88SQW",,"Three studies are underway at Cleveland Clinic Abu Dhabi, with the aim of offering insights on the awareness, genetic profile and demographics of Emirati women with breast cancer.

https://t.co/TedSrxjFov

#pinktober #breastcancer #AUH #health",
"@MollyJongFast Or the simple act of gathering facts in a crime. Or investigating with the evidence gathered. If they can't trust the scientist who gathered the vaccine facts for them, why would they trust the DNA facts, the fingerprinting facts, the ballistic facts, the hair and fiber facts?",@slpng_giants @Facebook Kind of like when a burglary suspect starts tweeting about the unreliability of fingerprint and DNA evidence.,,,@motivatedbj @shellhun44166 @bbcan49764050 @ok_sure_bitch @MarniHughesTV @BrianEntin I'm sure the FBI will release DNA confirmation within the next few days. There's no reason not to. Plenty of DNA material in 5 week old bones &amp; teeth. It covers the bases so that no one questions the identification later since DNA is better than dental records.,Functional single cell proteomic profiling of cells with abnormal DNA damage response dynamics 

https://t.co/JJNoY3H1x4
 #biorxiv_bioE,In real life about how long does it take a forensic pathologist to get the results back on high profile DNA testing? 🤔,,"@mshavisham @AliceKing69 @melJsaysso @nocturne_127 @literally_chad Fails on the second count, down. There is obviously another body involved, that individual having a demonstrably separate and distinct genetic profile from its mother, with genetics appearing entirely distinct from any the mother's own body is capable of producing.",
"Here’s another: Our Forensics class designed their own “murder” crime scene, then walked guests through fingerprinting, blood spatter analysis, DNA, and behavioral analysis to figure out “who did it”! @OdysseyOLA https://t.co/z6fdlCjitg https://t.co/NIJpAa0b5D","@egdeaile_writer Oh, I believe the science of it is real, but how real is the simplicity of leaving it behind is real. Shows lead us to believe that a perfect fingerprint is left behind on something that would be obvious could not be left behind. Or DNA left behind, stuff like that.",,,@Taiki82868353 @FA666FTP @nursegalmom @WFLA Yes but no one has mentioned DNA results and they should have waited for that before making statements. In the identification process via odontology the expertise of the forensic professionals involved matters,"⬇️ Informative ⬇️  Caris’ cNAS molecular profiling assesses all 22,000 genes across DNA/RNA from blood, which are unique to an individual’s cancer, revealing a molecular blueprint in order to guide more precise and individualized treatment decisions #WTD @OncLive 🎯 See It All 🧬 https://t.co/IcztpWag21",First randomized trial in recurrent grade 2/3 #meningioma shows lack of efficacy of trabectedin chemotherapy. DNA methylation profile is independent prognostic factor. 

https://t.co/Ssn9UYblPS 

@EORTC @sno @wick_wolfgang @sahm_lab @OncoAlert  @MedUni_Wien #btsm,,Selling my genetic profile as an NFT.,
"M.Pharm, https://t.co/M0iAQQ5rrQ or Ph.D. Recruitment at Centre for DNA Fingerprinting and Diagnostics (CDFD) https://t.co/IEtUUj6Qjx","@EmmaKennedy In an unrelated tweet, anyone know how to remove fingerprint and DNA evidence from a crime scene?",,,I've been trying to figure out how to bypass DNA identification/dental records in terms of leaving a body behind. Have a digit amputated and leave it there?,Functional single cell proteomic profiling of cells with abnormal DNA damage response dynamics  https://t.co/pyl8jSxV4k #bioRxiv,Design DNA: tracing the story of the String shelving system https://t.co/UU0xD0i6W6,,"As a matter of fact, I can prove it

Here's my receipt

I'm half-Irish, half-Jewish (Ashkenazi), and my genetic profile is 33% MENA. Lebanese Druze were also in my top 3.

Piss off https://t.co/zoIq5sZUYd https://t.co/LemT1elaFk",
If you ever get the chance to watch the two part drama Code of a Killer don't miss it. It's about the true story of how DNA fingerprinting was used for the first time in the 1980s to solve a double murder in England.,Fingerprint is the DNA of the 21st century.

#accuratebiometrics #minutiaealgorithms #fingerprintsensor #minutiacards #fingerprint 
#AskPoojaHegde #BoycottFabIndia #High5StockGro #ShameOnUnacademy #Suga #Diwali

https://t.co/E8s9z0RdUK https://t.co/lCqtb7UL4f,,,@BartyMacgregor @nursegalmom @WFLA It says dentistry and DNA are the most reliable sources of identification,@edwardpoole1975 @ScotRThomson I'm aware

Excluding pre-existing conditions
DNA profiling combined with lifestyle will supply masses of data to actuaries to price you and I in... or out - price ration

Then there's co-pay
&amp; Repoman if we misstate some detail 

We are talking control vs freedom

Best not lose https://t.co/rzfDAMqfFy,"@kellogsintheam From watching Forensic Files,  I can assure you he wouldn’t get away with it. They can develop a DNA profile from literally anything within a mile of his body, never mind the laser ablation inductively coupled plasma mass spectrometry. As Steely Dan said, “The Man is wise.”",,@ZealouslyQuoted @HotuHat Ashkenazim have a genetic profile which is 40% to 60% levantine. The rest of "Ashkenazi DNA" is typically gentile. So a 99.5% ashkenazi result would mean 60nto 40% of that was "gentile" whether they eventually converted or not,
Love in the Molecular World: DNA fingerprinting to halt forest crime
By Ken Hickson for Focus on Forests 
Love at first microscopic sight. That’s definitely one way of describing how Dr Arif Malik felt about getting his first job. …https://t.co/GXP7b7OXRs https://t.co/6BgxXN9s5l,How is a genetic DNA blood fingerprint different than a fingerprint from your hand?

 If used for identification purposes only? 

#CriticalThinking 

#GeneticGenealogy,,,@MarniHughesTV @BrianEntin @CoffindafferFBI @aronberg Will they complete the identification with a DNA test as well?  If not why?,,"@Hwang_tuzu Her :i was fan of them before you 
Me :When 
Her :after dna 
Me :ok, i became little before idol 
 Her :who is your fav ? Mine is jk and v littlebit
Me :my bias is also v 💜 but god hobi side profile is so preety 
Her :i dont like hobi and suga and rm 
Me : haha 😒 are you done🤨",,Why does lupus develop differently from one person to the next? New #research suggests your genetic and autoantibody profile may be the key. 

Read the study. https://t.co/oDwqszgOK0,
"MPharm, MSc or Ph.D Job as Consultant at CDFD - Government of India Job | Consultancy fee 75,000 pm
https://t.co/OuK4BINy7Z https://t.co/BHCTrR01dM",DNA is a genetic fingerprint. So it's the same as regular fingerprinting.,,,@martasdomingues @13Artsygurl @FBIDenver @FBITampa Ugh. Forensic dentistry can involve extracting DNA from the pulp of the teeth.

X-Ray &amp; chart comparison are also part of forensic dentistry.

Both are just as accurate as DNA identification from blood or skin cells or bone marrow. Read the info I provided to you.,,@MarinaSaveTheUS @Greg_Faltin @BrianEntin It does. Water exposure degrades  DNA. That gives them less intact DNA to extract and test. It can also result in an incomplete DNA profile. They are probably running multiple samples using different methodologies.,,@seahawksfan2314 I assume it's the taste right? I can't imagine anything else that might dissuade you. I guess somebody with a certain genetic profile might find white bread slightly sour.,
@Gray_just_that @mx_etana @nytimes It wasn't required then and STILL IS NOT REQUIRED if identifying data isn't collected.
Advances in DNA fingerprinting &amp; public genome databases complicate that but we're talking about 1951.,"If they fingerprint &amp; do psych exams for cops &amp; FBI agents when they start employment, submitting DNA is the same thing.",,,"@mochiamori_ @FBIDenver @FBITampa It makes things like facial features unrecognizable sometimes. The face itself often swells significantly. Because of this, dental records are the fastest method of identification. They don’t decay, teeth wont even burn. DNA would take longer",,"Residential greenness-related DNA methylation changes https://t.co/hiS3ynlskW - great from @SwissTPH  arising from SAPALDIA &amp; @AlecStudy - correlation between residential greenness and blood #methylation profile suggests  health impacts via allergy, stress, or behavioural changes",,What a wonderful profile of our friend @DrewEndy- not to be missed! His vision for bioengineering: “To create a planetary-scale civilization that harnesses bioengineering to flourish in partnership with nature…”
By @HanaeArmitage

https://t.co/GDNUTVYgzC,
A powerful documentary that concluded on ITV tonight and the eureka moment that led to the discovery of DNA fingerprinting https://t.co/XfXKL7AaU4,"@jay_snowdon @_ben_m_h @BamberHim @Kdoc321 @beaubeau888 @mwilliamsthomas Fingerprint on the gun, dna of sheila found in the moderator. Sheila was laid down, nevill shot upstairs &amp; couldn't have used the phone. Bamber saying nevill called him when he didnt. What part don't you get? Lots of evidence 👀",,,"@cupsinparadisio @FBIDenver @FBITampa Partial skull, that could also mean his complete lower jaw since that will become detached from the skull once the flesh and muscles are gone. That way identification can go really fast. They probably will finish the DNA test as well. But it's time to let the conspiracies go.",,"@reelistreview @JSavve @ScienceWDrDoug Better than DNA vaccines?   I beg to differ, both in safety profile and efficacy.",,@Theo_TJ_Jordan Don't forget the blood drop sample for the WEF/Gates health pass system that's likely going to be adopted internationally.

Look at what Big Tech has done with your social media data. What could go wrong when they have everyone's genetic profile data?,
Fantastic programme. Extraordinary that DNA fingerprinting was only invented in 1984.👏🏼 #CodeofaKiller,"Escribo para el orto, as usual.

That's my DNA fingerprint.",,,"@PerezHilton If I was Gaby’s parents I want to confirm body tattoos, DNA, and dental identification!!  Not just DNA 🧬 these folks are too slick",,"@I_am_lea_5 Well luckily the FBI already have the DNA profile from being at the house earlier. Shouldn't take long to ID the body if they can't do fingerprints. At most, in a week we will know. Short time, probably within 48 hours. They prob already know but have to confirm.",,"@colemarisa49 @JohnOz1900 @Anvndarnamn5 @Andrewemcameron @RelampagoBlanc2 @IngersolRobert @0Sundance @Tangomitteckel @FiendInno @somebodystop_me @91996340e81d45a @GregTruman4 @ZombiePiano @DPBeachNY @fishyfish67 @KCTaz @Awesomelyautis1 @jwickers @B_Bolshevik100 @Cole44749821 @RemCent @DeplorableNinny @Mark_A_Lunn @BridgetHolmstro @Jaisans @ammocrypta @flyonthewall182 @Jamz129 @MATTP1949 @DK25769559 @Tragic4Libs @CallMeBlaise1 @joetheatheistp @OfReason23 @aSinister @Willard1951 @FChecker76 @richardwakelin3 @25_cycle @Climatehope2 @BubbasRanch @GeraldKutney @MikeDel21893959 @TheDisproof @DigitalPsyche @WeaponizedPatr1 @Birthday_Chris @davidyoung13 @SimonGr41594862 @ClimateCatastr3 And I'm sure none of these people would object to having their entire genome sequenced to identify genetic markers of disease, and the DNA profile stored indefinitely.",
,"After watching CSI, did you ever ask yourself how they identify a person by DNA? Or what they are talking about on television when they talk about the “genetic fingerprint”? We wrote up some information about the genetic fingerprint and the scientific basis for it. The blog wants https://t.co/PTHjyvqAmu",,,@integrityshines @ImmaculateLoo @SurferDood_2021 @Dear_Mr_Putin @willowrose51 @stacyfaddoul @LiLuca77 @tonyserrata @corinne_717 @LouiseMensch @nwinston @Pinche_Pi @duckstreammedia Yeah DNA for identification.

https://t.co/6ziOJ3sdEN,,Researchers demonstrate that #microtubule inhibitors suppress #p62 activation as a mechanism for increasing DNA transfection efficiency and provide solutions to increase efficiency.

Check out this Editor's Choice article in Genes to Cells: https://t.co/FoaIfQi5J7 https://t.co/wntul1INGx,,"The only desert in India is the Thar desert in Rajastan and ironically, the people who live there are considered aryans according to their genetic profile, so you swung and missed https://t.co/V8EFHa7RHs",
,@stevelawsreport But do they fingerprint them and take their DNA when the are escorted in by their boats and the RNLI. They apparently have no papers so how do they keep track of them?,,,"@YakaDouble @nytimes Teeth are a source of DNA, actually. There are other reasons as well. Source:

https://t.co/e8BiOp4PhU",,,,"In this large prospective cohort, even though the observed effects were relatively modest, both phenotypic and genetic analysis suggested that higher habitual coffee intake may contribute towards an adverse lipid profile.",
,"@YouNetflix @PennBadgley Joe:LOVE 
@JohnStamos #DocNicky:u&amp;7billion other people on thisPlanet.If we understood love,I´d be out of a job.I have to say,It´s sort of uniqueTo everybody,like a fingerprint or..a strand of DNA orThe song u lost ur virginity to."HUNGRY LIKE THE WOLF"
@YouNetflix https://t.co/JFFwfXxnH5",,,AND 3.) The remains were confirmed based on dental records. Maybe I’m being a conspiracy theorist but IF someone were to fake their death dental records would be the easiest form of identification to swap. Soo just in case I hope LE also confirms through DNA testing.,,,,"If we can focus on right diet suitable to individual's genetic profile, then definitely we can improve our gut-health and in turn, will help us improving our 'feedback mechanisms'.
.
.
.
#SportifyGlutenFreeFlours #SportifyGlutenFree #Sportify #GlutenFree #Multigrain #Multipurpose https://t.co/kp0SouSFk9",
,@anomlptr @goodreads but is murder still easy with DNA and fingerprint and all that? asking for a friend.,,,"@lookner I wager that they went with dental indentification, because DNA takes a lot more material than movies or TV make it out to seem. It takes 250 micrograms of viable DNA at a minimum to make an identification, and requires a family member, or members to provide dna.",,,,"@hiskia_jager As pet lovers ourselves, we never like to hear stories like this. Unfortunately just like humans, all cats have a unique genetic profile, which regrettably means that they may sometimes have an adverse reaction. We have now contacted the owner to make sure this is  dealt with.",
,"@markwbudde Our core mission is to use #blockchain to protect people’s #DNA datasets against misuse.  Once “tokenized” (96 SNP fingerprint) individuals can grant “tokenized” permissions to authorized parties only.  These tokens (#BioNFT), can be revoked by owner only. https://t.co/7TJKlbwWS2",,,New study analyzing the effect of different DNA Barcode lengths on species identification from a machine learning perspective🧬
(Efficacy of DNA mini-barcodes)
https://t.co/wOP3toVvqH
#Bioinformatics #ComputationalBiology #DNA_Barcode #IEEE_CIBCB_2021,,,,@Angl0sax0nGurll @BalaurDambovita @CeltRevived Please refer to my profile picture and consider am I the correct person for that discussion?

I have so many genetic origins that I could be a Beneton monodrama. I am one allahu akbar away from an all-expenses-paid trip to Cuba courtesy of the CIA.,
,@K24Tv Was Dna or fingerprint done to confirm the person. It could be mistaken identity.,,,""And I can tell you that they are heartbroken," Bertolino told Cuomo. - PLEASE. They raised their son to be a fucking murderer, and to abuse women. Boo Fucking Hoo for them. I still want DNA - I don't trust a "dental" identification. AT ALL.",,,,,
,"Remember when Eddie Murphy's Axel Foley used superglue to find a fingerprint in Beverly Hills Cop II? That's an actual technique for preserving DNA evidence, as Lowndes Co. Sheriff's deputies learned this week. 

Watch Full Story: https://t.co/lkKE2tQMat https://t.co/8TlEYMiitu",,,@tamara_hurt @FBIDenver @FBITampa Did you ever take science in High School. They teach this stuff. Even shows on TV show how DNA identification works. The FBI wouldn't be helping him. No reason for them to do that.,,,,,
,"Lowndes Co. Sheriff’s Department gets CSI training on preserving fingerprints, other DNA evidence at crime scenes. https://t.co/ImZSXckQ9A",,,@WFLAJB Some people are questioning DNA identification.
Richard III died in 1485. His remains (bones) were discovered in 2013. DNA was extracted and used to ID him. If 528yr old DNA can be isolated from bone I think they can isolate DNA from a few weeks ago.,,,,,
,Still listen to just Dilla beats. He was that guy. His fingerprint. His DNA. Is all over Hip-Hop. Music in general. https://t.co/17DklpAtST,,,This will complicate things like manner and cause of death but DNA matching will still happen along with other methods of identification. https://t.co/eCpOyRlMfV,,,,,
,"Every year, 800,000 children in America go missing. 

That's 1 child every 40 seconds. 

That's why I authored SB 2158, which helps locate missing children by promoting and providing voluntary, in-home fingerprint &amp; DNA identification kits to parents of children in K-6th grade. https://t.co/fPNENJBGiE",,,@johnparkerz @BrianEntin Since dna is now being obtained from ancient hominids at times there definitely will be no impediment to dna identification of these bones.,,,,,
,Coming back after giving an invited talk about our work on fingerprint aging at https://t.co/8hdNPwzM0V. So impressed by a talk of a mom who lost her daughter by a rapist killer and devoted her life to change the law for DNA test of detainees against CODIS https://t.co/A9Y6a3p0xw,,,@MoRegan18 @BigAmish704 @WFLAJosh @NBCNews Thanks for this.  I imagine dental identification (if present) &amp; DNA will be very important in this too.,,,,,
,,,,"@AbbarnoAngela @BrianEntin They use teeth also, dental records can also help in identification. This is 2021 there are very significant advances in dna verification.",,,,,
,,,,"@robbhendrickson @leisa1979 @BrianEntin It seems that we’re talking about 2 different things here. One is whether or not they will b able to make an identification. The answer to that is: yes, even on dental records alone along w/ bone DNA analysis. The other question is: length of time body has been there. 1/2",,,,,
,,,,@Italia8181 @Gabb3Gabby @BrianEntin @Nerdy_Addict When they obtain a positive DNA analysis are you going to move the goalposts to claim the police are in on it or that DNA identification doesn't work?,,,,,
,,,,PCR test - Population Cloned Race

DNA - Database New Allien 

COVID - Cloned Original Virus Identification Date

GOD - Ground Original Date

MARS - Mother Allien Race Soul

@elonmusk,,,,,
,,,,"@someshadydame @kendallwi @BrianEntin The article seems to focus on DNA samples used to prove crimes ie. semen, blood… I’m not sure how this relates to body identification. Surely it can be faster to rule someone out, no? I assume the sample went out yesterday.",,,,,
,,,,"@BrandtBrickell @J4JJOK @john_okcfop @YouTube Actually, you are wrong. Dna has long been held as reliable identification since 1983, providing the protocols are followed. You do not have my expertise. Be better keyboard warrior.",,,,,
,,,,"@j_b_mcgee @PursuingMciver @CoffindafferFBI Ahhh ok that’s so interesting!!!!!!! Adds a different spin to what I was saying so I’m a bit off in my understanding of why, but for identification of male XY remains, there’s a larger family circle of DNA to pull from. Fascinating.",,,,,
,,,,"@MarinaSaveTheUS @heyitsmae515 @DStorm0161 @AshleyNicole_23 @BrianEntin There was no need to do DNA for GP identification since it was done by other means (I believe visually by parents). The LE did take DNA from her body for (criminal) analysis, but this was not to identify her (which was done by ME).",,,,,
,,,,"Take science learning to a new level this fall with Junior Scientists: Forensic Fun 🔎 Spend your Sunday mornings with us during this four part, 90-minute broadcast where you’ll learn all about DNA extraction, fingerprint identification &amp; more 👉https://t.co/hyMOnxEAiD https://t.co/orXMCSh4y9",,,,,
,,,,Impact of BMI and waist circumference on epigenome-wide DNA methylation and identification of epigenetic biomarkers in blood: an EWAS in multi-ethnic Asian individuals https://t.co/pEIIrG0gkp https://t.co/TWPpNFPZVx,,,,,
,,,,"@lolavsthewrld @raymanbernardo @rocannotstop @WFLAJosh There are gators, snakes, feral hogs, and other scavengers in that area, and it's highly likely some animal has made it impossible to be 100% accurate in the identification without DNA tests.",,,,,
,,,,"@AneThrope Bones are one of the best sources of DNA, and depending on what kind of remains..teeth are also used for identification",,,,,
,,,,"@PNav57 @LadyJayPersists Wouldn’t they DNA test the remains to verify identity, or would parents identification suffice?",,,,,
,,,,"@VABVOX They found human remains, and they'll be able to run DNA analysis on those remains, against the DNA of his parents, to make an identification.",,,,,
,,,,@Real_IanScott Interesting yes..
However I'm holding my reserve until we hear of concrete DNA identification and the quantity of "remains" found.,,,,,
,,,,"@phiilbin Yes, and Stenton‘s team made the first identification by DNA earlier this year. They are asking for all expedition descendants to come forward.",,,,,
,,,,9/  IMO.  There are multiple "#mindreading technologies".  The device is not essential for the target person.

In "identification and tracking" to the people.  It seems that there are cases where "DNA resonance" is used.
https://t.co/oiJAHnFDfS,,,,,
,,,,#Oncology #Genetics #Boinformatics: scientists propose a novel method for classifying the mutagenic mechanisms involved in tumorigenesis. The method could facilitate the identification of mutational signatures associated with DNA repair deficiency - https://t.co/4chOzw4a2E https://t.co/GelpDapl7C,,,,,
,,,,"@MiekoGavia @G1Gusty @burnedoutITchic @dionnewarwick It makes sense on the cop shows. If a body is badly burned they cannot do DNA identification, just teeth or if they're lucky metal implants.https://t.co/XsNc8XYuY6",,,,,
,,,,Enzymeless DNA Base Identification by Chemical Stepping in a Nanopore https://t.co/IOupKPaNWg https://t.co/jmhhvUpqeW,,,,,
,,,,Enzymeless DNA Base Identification by Chemical Stepping in a Nanopore https://t.co/ROY1WUAECi https://t.co/y6ayQXxRwQ,,,,,
,,,,Enzymeless DNA Base Identification by Chemical Stepping in a Nanopore https://t.co/G9rRjQmowA https://t.co/9Dg6zYK9Fu,,,,,
,,,,"@WFLAJosh This may sound crazy, but I’m not convinced that they’re convinced it’s him. There was no mention of DNA testing regarding identification or anything like that. Also wasn’t it last week that the lawyer said he was alive? It could have just been his stuff that floated along.",,,,,
,,,,@MerlG_Official @PattyDeLeo1 @Nerdy_Addict @alexxandra0727 That would be one of many ways to identify human remains… any portion of the body could be used for Identification of his DNA,,,,,
,,,,"@christianholt @MDaware Under a warrant, again, the civil rights issue becomes murky. Warrants can compel tissue samples or blood draws for DNA, genital photographs for identification, and other harsh demands. I’m not certain he civil rights violation claim would hold in the face of a warrant.",,,,,
,,,,So the @FBI should define what they mean by “human remains” and of course DNA identification is needed as well but the apparent coordination and timing of events related to #BrianLaundrie’s parents and their lawyer is deeply troubling to me. Law enforcement is not helping here!,,,,,
,,,,@GroffMarya @Newsweek Well they will do a forensic identification. Identify him through DNA/dental records. If he is alive he won't throw them off by just a body.,,,,,
,,,,@BrianEntin I wonder if Chris and Roberta believe the remains are Brian…or if they already know it but are waiting for FBI to make positive identification via DNA.,,,,,
,,,,"@RBReich We must have a US ID card based on DNA citizenship and using bio identification including face, finger, hand and body scans. 

The US ID card can be used for voting, travel, vaccines, etc. 

This will solve the crisis in confidence about our voting system and elections.",,,,,
,,,,@RachelAHerrera4 @KatieJonesTV Very curious!  It appears it may just be a setup.  DNA MATCH IDENTIFICATION O͟N͟L͟Y͟.,,,,,
,,,,@Time4Truth2020 @WFLAJB @WFLA Leads me to believe there isn't enough visual evidence to immediately make a tentative identification. Hopefully DNA will sort this out.,,,,,
,,,,"@jfcuntis38 @BrianEntin They made a “probable” identification based on visuals with her step dad. DNA was &gt; 24 hours later.
With BL they said “partial” remains, who knows what that means. Supposedly the area was under water too so I guess that makes it harder.
Kinda hope some animal tore him to pieces.",,,,,
,,,,So no immediate tattoo identification? Was his head there? Hands? I wonder what remains they found that “appear” to be human. With Gabby they identified her rather quickly by her sweater while awaiting DNA results. Does this mean he’s been in the water a long time? #BrianLaundrie,,,,,