dna fingerprinting,dna fingerprint,genetic fingerprinting,genetic fingerprint,dna identification,dna profiling,dna profile,dna typing,genetic profile,genetic profiling
"DNA Nanoswitch Calipers Created as Possibly World’s Tiniest Ruler for Fingerprinting Proteins

Researchers suggest DNC technology could be applied to fields spanning proteomics and nanotechnology, structural biology, and drug discovery. Learn more: https://t.co/kdjrRTlDPF https://t.co/iVzDHzh1SV",@AnneLeb123 @LadyKethry @WFLAJB @NorthPortPolice Exactly.  And if it was planted.  At least bag it.  Fingerprint. Do a DNA Profile on it if can etc 
And charge the person that would do something like that..

Too just nope nothing ...
Weird,@Smooch10046744 @PhilM22524472 @MailOnline Interesting timing. Just after the rerun of Code of a Killer on ITV. A case famous for the first use of DNA screening &amp; genetic fingerprinting.,@BWJones I guess the trick is to find the right balance. On the one hand they provide a nice unique identifier. On the other hand if handled poorly they form the basis for identity theft and other abuses (see for example problems with mass fingerprint or genetic databases).,"Destroy all teeth, massacre the face, and burn all fingertips/remove fingers to prevent identification except from DNA.

⁠At the crime scene, wipe down all surfaces, and take your victims hands and run them along things. Pick up cups, touch tabletops or counters. A room with +","As a reminder, current seq-based protein profiling utilize DNA barcode conjugated antibodies. Large such panels are difficult to prepare, limiting us from profiling thousands of epitopes. To pave the way for that, we introduce genetically barcoded phage nanobody libraries. 2/n https://t.co/TEfsW42B5q",@AnneLeb123 @LadyKethry @WFLAJB @NorthPortPolice Exactly.  And if it was planted.  At least bag it.  Fingerprint. Do a DNA Profile on it if can etc 
And charge the person that would do something like that..

Too just nope nothing ...
Weird,AAAAAAAJDJJDJDJNDJRJJENRRKTKF.... DNA. 😭😭😭😭 I'M NOT ALIVE ANYMORE.. IT'S MY GHOST TYPING... #PTD_ON_STAGE,"@mistergoodgod My genetic profile says different. Since junior year in high school, there hasn't been a time when I couldn't throw up 300 on bench. Even with a decade of lethargy and sedation. Muscles in atrophy, tossed up 300 still to prove to my bro-in-law I wasn't lying.",U.S. Warns of Efforts by China to Collect Genetic Data https://t.co/EhiL6qaLzJ @julianbarnes @paulkrugman Julian profiling is age old process. data analytics &amp; AI in the field of medicine &amp; science done by any is a blessing.scaring us that in the hands of China/its govt’s hands👎
@Smooch10046744 @PhilM22524472 @MailOnline Interesting timing. Just after the rerun of Code of a Killer on ITV. A case famous for the first use of DNA screening &amp; genetic fingerprinting.,"4ARTechnologies is the first company to provide fingerprint and visual identifier encryption methods for digital artwork. The watermarks act like a digital DNA, only decryptable by the artist who created it 🔐

#4art #4artcoin #nft #nft+ #crypto https://t.co/uZXM220xyn","ARS Ag Genetic Resources Preservation Research Lab uses genetic fingerprinting to compare DNA profiles of Apple trees from 1800 &amp; 1900s w/ those stored in USDA Nat'l Plant Germplasm Sys. Apple Collection, to ID cultivar names guiding conservation efforts➡️ https://t.co/XYKT72vXMH https://t.co/Kknr19DVHj",The CDC is continuing testing to see if the genetic fingerprint of the bacteria in the bottle matches those of the bacteria identified in the four patients. https://t.co/3UjS9Dg2p6,"@TanyaChampagne1 @FrancesKalender @BrianEntin @josephpetito @Nikischmidt927 no, it doesn’t take longer. it’s an x ray. it takes minutes. they moved identification up to the front of the line because it’s such a high profile case. dna would’ve taken longer",@ChrisRic1984 @mchevns @khtb677 @NBCNews 🤣🤣🤣🤣🤣🤣🤣🤣🤣🤣🤣🤣🤣🤣🤣🤣🤣🤣🤣🤣🤣🤣🤣🤣🤣🤣🤣🤣🤣🤣🤣🤣🤣🤣🤣🤣

Your own PM was racially profiling Africans..

Are you saying it wasn't in the UK that someone said that Meghan's DNA would taint the RF? Or her mother is a descendant of slaves who picked cotton?,Tonight's episode of Ireland's Unidentified Bodies shows the urgent need for a central repository where unidentified remains can be kept until a DNA profile is obtained and the person is identified. #irelandsunidentified #unidentifiedremains #unidentified  https://t.co/kF0vbiYQYJ,@JHolzer2021 @CraigMcFadden13 @VNW12226677 @dna_flynn @karldudester20 @Bernade88965032 @CountessBouvier @TheReal1455 @IanKennethBail1 @ColumboIrish @Limecrim @developM2Ls @OKKIMMY @TheDuke212FU @urlofcork @CrimeGuyUK @ColumboCork @NFoster66 No I wouldn’t because Manchester Grammar is in fact an independent school - as in it is selective. Totally different system. Anyway bored with you lot is hurting me all this typing as I don’t have opposable thumbs. Off to do some more digging.,"I URGENTLY NEED TO SELL MY WORKS

MY SISTER DOESN'T HA E CANCER, BUT A COMPLEX GENETIC DISEASE: INFECTIOUS ARTHRITIS

this treated only in Moscow

if you want to help me, then check my profile

I will be grateful even for $1: 

https://t.co/ZD8odbYdxs

https://t.co/QruwSHnPkL",A bill in India 🇮🇳 proposing to collect genetic data to tackle crime has been criticized by rights advocates.

Campaigners say the database can be misused for caste-based profiling and can damage people’s right to privacy: 

https://t.co/WoovL6DuEa 

#GoodID👍🆔
"@Based_FIN OK, so register them AS illegal migrants complete with fingerprinting and DNA sampling.
Then investigate every one of them and, should there be the slightest doubt about their claimed background, deport immediately.",imagine being like a murderer the day before like DNA or fingerprint analyzing was invented
just got away with everything cleanly and then get arrested and told "yeah you left a fingerprint so we got your home address" like they'd have no idea whats going on,"Ms. Gambaro-Gunn's genetic biotechnology walked to the Genetics and Biotechnology center  @UWMadison and met with 4 scientists about their work in DNA Fingerprinting, work toward growing organs using cells from pigs &amp; using DNA to locate soldiers missing in action during WWII. https://t.co/FfTsrW9A4L",The CDC is continuing testing to see if the genetic fingerprint of the bacteria in the bottle matches those of the bacteria identified in the four patients. https://t.co/e6GPsZJos3,"The chances of identification seemed very poor, until thorough historical research followed by DNA led to the identification of a young soldier from Newfoundland, Private John Lambert. Read his full story here:
https://t.co/Hi8ZXjvbVs https://t.co/7gtBpNnien",@EmmanuelTalam UDAku DNA and mindset...bro Talam hata hamfichi

Anyways continue with the profiling if that is what will give Arap Mashamba the presidency

https://t.co/W8otP1Bhbs,"@TanyaChampagne1 @FrancesKalender @BrianEntin @josephpetito @Nikischmidt927 no, it doesn’t take longer. it’s an x ray. it takes minutes. they moved identification up to the front of the line because it’s such a high profile case. dna would’ve taken longer","I am typing slowly for you so that you can keep up, just because you injected a lot of people very quickly and they didn't immediately drop dead is not  scientific evidence that the experimental synthetic mRNA and DNA technology shots are safe or effective. https://t.co/K73d20bHpE","@ScheidsVI @joshrogin @KenanRahmani @EcoHealthNYC @emilyakopp If it's so debatable, then find me a genomicist who has examined the genetic profile of WIV-1 and SARS-CoV-2 and thinks it's possible the former could have evolved into the latter

Otherwise, I'm content to rely on the uncontradicted statements of the experts that it's impossible","@thu_hv @RALCW1 @baldcold @waaaatt76 share the most similar genetic profiling to modern Egyptians, Palestinians and etc than to Arabians who appear to be a mixture of Natufian and Mesolithic Levantines and high Iranian Neolithic farmer DNA as well. BedouinA are different from BedouinB as well. https://t.co/cclooqoQq8"
"@huggies7th @Traxxtra Should be fingerprinting, photographing and taking a dna profile from every one of them",@Opinion_Daddy Why are you even bothering to question this? If it belongs to Brian or Gabby there will probably be some kind of DNA or fingerprint somewhere on it. Let them look at it and make the determination rather than you just guessing and talking trash like a weenie.,@revision_2003 @3DCableFrEE @epiCCodingNET @MerriamWebster gamete intrafallopian transfer | geeked | genetic fingerprinting | glass ceiling | glute | go-to | Hadean | hantavirus | heterocyclic amine | Hib | high-intensity interval training | homeobox | horndog | HTLV-III | kick to the curb | laptop | Mandelbrot set | moonwalk nanocrystal,The CDC is continuing testing to see if the genetic fingerprint of the bacteria in the bottle matches those of the bacteria identified in the four patients. https://t.co/mgbewvTkj2,@BJStoner2 Oh NO! These are very rare native earthworms. One has never been described in scientific literature yet and does not even have a name yet. I have sent specimens for DNA research and identification. It just hasn't been formally written up as of now.,@gpdkaluma @ekisiangani @ahmednasirlaw @OmbetaC @KBonimtetezi @NduyaMuthama_ @MohaJichoPevu @HassanOmarH Mhesh the unfortunate but true reflection of UDAku DNA and mindset...

Prepare for profiling na kushughulikiwa sawa sawa by none other than @scherargei 

https://t.co/W8otP1Bhbs,"Study of DNA repair boosts prospects for gene editing technology: Researchers have developed a new method to profile the activity of cellular genes involved in correcting DNA damage, and applied this method to pave the way for dramatic improvements to… https://t.co/Pfl9oI1z0L","@prickly_gator @LynnBCO @TreinaLouise @theJaredPilon I am typing slowly for you so that you can keep up, just because you injected a lot of people very quickly and they didn't immediately drop dead is not  scientific evidence that the experimental synthetic mRNA and DNA technology shots are safe or effective.","@SarahOC_MECFS @carolbinks a classic case of how ME is indeed caused by an infectious agent that causes disease in those with a certain genetic profile.

3 generations in one family ! gosh !

of course, bastard shrinks will say its mass hysteria  but those not into 19th Cen' pseudo science know otherwise !","Genetic discrimination is illegal, but in practice genotype profiling is used to identify valids to qualify for professional employment while in-valids are relegated to menial jobs."
"Single-molecule mechanical fingerprinting with DNA nanoswitch calipers | Nature Nanotechnology" https://t.co/BWYb3gYWUP,To figure it out with fingerprint &amp; dna test? How many @davidhowell @MartinDempsey01 or @DavidPetraeus do you have 530 or more?,"@fesshole Easily done. I look back on my third class honours thirty years ago, and I still have no idea how I passed. In a second year exam on genetic fingerprinting I coloured my thumb in ink and pressed it on the paper with the words 'I've failed haven't I'.","Yikes!

"@CDCgov is continuing testing to see if the genetic fingerprint of the bacteria in the [#aromatherapy] bottle matches those of the bacteria identified in the four patients – one each in Georgia, Kansas, Texas, and Minnesota. Two of the four patients died." https://t.co/z7pCuTLrUU","@cupsinparadisio This is what I’m waiting on, lol… need more information regarding partial jaw with teeth intact vs badly decomposed piece of skull and dental record identification. What exactly was found. Why no DNA follow up yet? Unless I missed it?",#NoMorePromises - instead create a fund for Care Experienced people  that guarantees a provisional driving licence and as many lessons and tests as it takes to pass.

Fund access to DNA profiling so people can understand their family background and chance of medical conditions.,"@cbouzy I think you’ve just listed why this woman would hate Meghan and Harry so much. She fits the profile of most of them who hate Meghan and Harry. Hags, Gargoyles and witches with White supremacist mentalities embedded into their DNA.","@2AMthou52768608 @julialachowiczz @WFLAJosh @NBCNews @PeteWilliamsNBC The feds will do DNA typing, regardless. The will evaluate whether a finger was neatly  sliced off or otherwise separated from the body.",@GrowingCures @heknowsgrows He must have added auto trim to the genetic profile https://t.co/jzlJRTp0va,But many people believe that the genetic profiling companies we send our saliva to have some reasonable answers to where we came from.
"DNA Nanoswitch Calipers Created as Possibly World’s Tiniest Ruler for Fingerprinting Proteins

Researchers suggest DNC technology could be applied to fields spanning proteomics and nanotechnology, structural biology, and drug discovery. Learn more: https://t.co/kdjrRTlDPF https://t.co/pdSNy12H8u","@Carti_Mandua It needs a DNA/Fingerprint database of all ‘immigrants’ shared with all European countries. All ‘immigrants’ are checked against the database, and that of all Police Forces to root out the chancers and criminals. Any with no verifiable docs are rejected immediately and deported.","@seanjward It’s the same mechanism as genetic fingerprinting - you take a sample of genetic material, apply enzymes and indicators, then compare the resulting segments for a recognisable  and unique pattern","CDC is awaiting test to see if the genetic fingerprint of the bacteria in the aromatherapy matches those of the patients – one each in GA, MN, KS and TX. That includes Lylah Baker, the little girl I wrote about recently: 
https://t.co/WJvKieutOh and
https://t.co/yC9Tx4muXM",New Research: Cryptococcus neoformans and Other Opportunistic Cryptococcus Species in Pigeon Dropping in Saudi Arabia: Identification and Characterization by DNA Sequencing https://t.co/2QQL2rg8AZ #microbiology,@ranikhet That is one of the dark directions DNA studies (profiling) is taking.,Check out new work on my @Behance profile: "Bacterial DNA gyrase" https://t.co/oT6zLYOmYt,@NeilCouling @mrfrankzola @rightsnet @publiclawcentre @SWLLawCentres @SouthwarkLawCen @CPAGUK @crisis_uk @camdenlc @WORCrights @turn2us_org @HF_LawCentre @MerseyLawCentre @gmlawcentre @DWP @APPG_UC @The_SSAC So when your saying when you can't yet do FAR worse...DNA typing? Bone scans?,"@cia Leslie Ann Shedd fits the profile of a Eugenics program related birth tied Queen Ann and Queen Annes Seatle, and German intelligence working with OSS CIA MI5. Her name is a flag of possible genetic connection to the program, and her death may have silence her on the porgram.","GENETIC PROFILING 
Although there's big teams of scientists working on it, we still don't know everything there is to know about genetic and certainly ancestral DNA inheritance."
"DNA Nanoswitch Calipers Created as Possibly World’s Tiniest Ruler for Fingerprinting Proteins

Researchers suggest DNC technology could be applied to fields spanning proteomics and nanotechnology, structural biology, and drug discovery. Learn more: https://t.co/kdjrRTlDPF https://t.co/gsqWtenhf7","@telegraaf @mariannezw People want to take Control ,from something that's already Out of Control? To late?
The Internet ,Facebook ,Instagram ,Tik Tok,Twitter, Cameras WhatsApp,  Eyes&amp;fingerprint ,DNA ,Apps,shopping ,Paying,The Farmaceutic🧩Industrie,our Smartphone&amp;productOkay?Rich&amp;our Data/a numbre😷🩺",Very interesting drama on ITV tonight about the first time genetic fingerprinting caught a killer - would definitely recommend.,"@j1mmyeth To be clear, since 288 characters is limiting, I also use Windows, MacOS, own an iPad which has my face, Android with fingerprint, etc.

You can't functionally opt out 100%. And in a worst case scenario, I have genetic/wealth privilege to fallback on.

I still dont support it tho",@H81M86 @RosannaWright I’ll only trust DNA identification - it’s very odd that a forensic anthropologist now need to assist. With only partial scull &amp; few bones how would an anthropologist or anybody else determine cause of death?

Why have we not yet had DNA confirmation if it only takes 24-72 hrs?,"Colin Pitchfork was the first person to be convicted for rape and murder using DNA profiling.  He was arrested on September 19, 1987, and sentenced to life imprisonment. He was granted release on licence in June 2021 and released on September 1.

https://t.co/sNOz0ABPFC","🆘💕🆘 Fb 4 Stolen Welsh Terriers 💕💕

** £2000 reward for any information leading to the safe return of these dogs **

 4 Welsh terriers stolen over night in rural Lincolnshire over 6 weeks ago - all microchipped, individually DNA tested and DNA profile parentage tested https://t.co/SzQMTLcNx6",As of now while I'm typing this tweet 37 verified deaths have been confirmed by the Uttarakhand police.. heavy floods there.. Nainital floating.. tourists sufferings without food and water.. why no DNA by Tihaadi yet?,"The ancient horses bred in the lower Volga-Don region ofRussia were'nt the 1st to b domesticated by humans –there're older examples of horse riding in CentralAsia Iberia&amp;Anatolia– but the particular genetic profile of these creatures seems to have been the most useful to humans" https://t.co/rk7RkewVan,"What genetic profiling is doing for us. But still, it can be fun to find out this kiwi part Maori is of Icelander stock. Or am I?

An essay and linked thread. https://t.co/wcBL0HQztv"
@palesa07901048 WHY IS HOME AFFAIRS &amp; LAW ENFORCEMENT AGENCIES ALLOWING FOREIGN NATIONALS SYNDICATES TO TURN OUR COUNTRY INTO FREE FOR ALL CRIMINAL SYNDICATES BANANA REPUBLIC??
ALL FOREIGN NATIONALS IN OUR COUNTRY MUST HAVE SPECIAL DNA FINGERPRINTING DATABASE FILE FOR CRIMINAL RECORDS PURPOSES!!,@sethforprivacy Social security coin. Seed phrase coin. Home address coin. Fingerprint coin. DNA coin. Endless possibilities if you think about it.,DNA is a genetic fingerprint. So it's the same as regular fingerprinting.,@LightBu51377903 @RubinReport There may be. Our immune systems are very complex. Each individual’s is like a fingerprint and depends on genetic and environmental exposures. So much we don’t know about the virus and our response to it. Vaccine will mitigate these unknowns substantially.,@RosannaWright I’ll only trust DNA identification - it’s very odd that a forensic anthropologist now need to assist. With only partial scull &amp; few bones how would an anthropologist or anybody else determine cause of death?

Why have we not yet had DNA confirmation if it only takes 24-72 hrs?,"There is only one solution, as eminent thinkers opined - DNA profiling to decide Mulnivasi status and level of mulnivasiness. Add it to AADHAAR as an additional attribute. https://t.co/2GD4BlkAO4","@huggies7th @Traxxtra Should be fingerprinting, photographing and taking a dna profile from every one of them",Typing DNA Command Line Authenticator - https://t.co/QkqBXwL9oS

 #angular #development #programming #python #swift https://t.co/TcOgbSUpB9,Application of Cluster Analysis of Time Evolution for Magnetic Resonance Imaging -Derived Oxygen Extraction Fraction Mapping: A Promising Strategy for the Genetic Profile Prediction and Grading of Glioma https://t.co/ZAmnDLOEQH,Profiling of Nascent Lariat Intermediates Reveals Key Genetic Determinants of the Timing of Human Co-transcriptional Splicing  https://t.co/ac7WQndcez #bioRxiv
#UQ researchers are DNA fingerprinting Taro to identify salinity tolerance traits which may boost food security in the Pacific region. 🍠 https://t.co/iowZ8olGYk

@UQ_News @UQscience @DAFQld @millicent_smith @Godwin_UQ https://t.co/v0gErcoYTO,@topsbycop @kennedyBrooks26 @GovStitt @Jeremiah_Hall27 Unfortunately you should reread the same transcripts. You have retold &amp; misrepresented the facts horribly. No DNA evidence is given by the State from inside Howell`s Suburban. A fingerprint of Julius' on a receipt in Jordan's Cutlass must be the DNA you are confused about.,,"#imaginary being #biometric authentication #fictional character #fingerprint #mathematical notation :) As a genetic fingerprint technique, this method of visualization is used in forensic science to establish identity and family relationships. https://t.co/NTcDrmA9K4",Enzymeless DNA Base Identification by Chemical Stepping in a Nanopore @UniofOxford @OxfordChemistry #DNA #nanopore #Nano  https://t.co/gqbiLPNRjx,"The correct answer was DNA profiling. Technology caught up DeAngelo, like I keep saying it's a tough job being a serial killer nowadays, not like back in 70s.","Parabon Nanolabs provided a DNA profile offering significant data including ancestry, eye, skin and hair color, face morphology and a composite profile used.

After 50 years, remains of missing #Idaho teen identified on Oregon Coast https://t.co/aZlVVokXU4","Mitosis, https://t.co/ZYIndK9NK6
Blood Typing, https://t.co/vgADXpcWky
RNA, https://t.co/iqHIBns8ml
Meiosis, https://t.co/LekfCe4uH3
What does DNA Look Like?, https://t.co/sSW13nm9XO
Good &amp; Bad Bacteria, https://t.co/py4MutzPAv
General Genetics, https://t.co/FCHPMbUN26","This could also backfire. For one, #China is lusting after the genetic profile of the world. If they can infiltrate our corrupt governments, so will they our DNA banks to help them engineer the most deadly virus. Just saying https://t.co/0MA5xEwtpL",Steroid profiling and genetic variants in Chinese women with gestational diabetes mellitus #JSBMB #MassSpec  https://t.co/zfeSwQohCx
"ARS Ag Genetic Resources Preservation Research Lab uses genetic fingerprinting to compare DNA profiles of Apple trees from 1800 &amp; 1900s w/ those stored in USDA Nat'l Plant Germplasm Sys. Apple Collection, to ID cultivar names guiding conservation efforts➡️ https://t.co/XYKT72vXMH https://t.co/Kknr19DVHj","@CALMwildflowe No. I know it sounds crazy and like I've been watching too many true crime dramas, but I need DNA evidence at this point. The dental records aren't enough. And yes, I know they are "as unique as a fingerprint"",,"2. WGS acts like a fingerprint of the virus. We aren't all being infected by the same thing. Thousands of versions with tiny differences are circulating. These tiny differences can link cases, like a fingerprint. That means we could link cases based on these genetic traces....",An interesting infographic from our colleagues at @dodpaa on how family DNA is used in the identification of the missing @UWMadScience #DNA https://t.co/rTVvj65XMe,"@thu_hv @RALCW1 @baldcold @waaaatt76 share the most similar genetic profiling to modern Egyptians, Palestinians and etc than to Arabians who appear to be a mixture of Natufian and Mesolithic Levantines and high Iranian Neolithic farmer DNA as well. BedouinA are different from BedouinB as well. https://t.co/cclooqoQq8","Cover,Profile,Attach, 26,82&amp;41&amp;Posts. https://t.co/J5fADgXbMW &amp; https://t.co/0U0kJ6emwQ. 1 https://t.co/Ex5nBiRoie. 2 https://t.co/uZkAqzSaEM. 3 https://t.co/Pk5deB9ORb P. 1JesusOwnsMe. JesusGift. Covid19VacsOwned ByMe. 
SpiritHighPriest To DNA&amp;RNA ChangedAltered Covid19VacsRams. https://t.co/eFb2FmyXAR","Automate your HLA typing🤩
#HLAtyping is an important, commonly used genetic test in diagnostic labs. Learn how to automate it with the ASSIST PLUS pipetting robot, which frees up staff time while increasing accuracy and reproducibility.
Learn more: https://t.co/aWbHzbUaoc","As long as these corrupt people know our entire genetic profile, they will be able to interfere with it.  And not only the genetic, our profile of behavior, character, etc. https://t.co/93guEIJclo",Genetic profiling and biomarkers in peripheral T-cell lymphomas: current role in the diagnostic work-up https://t.co/Gk9kpY36mW
New content online: Single-molecule mechanical fingerprinting with DNA nanoswitch calipers https://t.co/ZXCqqq6bvL https://t.co/yWNpVUL1ED,"A retinal hash would appear to be a plausibly effective way to do this. They probably have good reasons not to use a fingerprint hash. Other alternatives are what, a fictional “instant DNA hash”? (Immediacy is also important.)",,"genetic fingerprint of memories that were once fluid but have since crystallized out from the crucible of possibility, encouraged by the catalyst of the European colonial adventure.”I have often thought that you need a similar kind of layered map to understand Sudan’s civil war.-",@shop4evermore I’ll only trust DNA identification - it’s very odd that a forensic anthropologist now need to assist. With only partial scull &amp; few bones how would an anthropologist or anybody else determine cause of death?

Why have we not yet had DNA confirmation if it only takes 24-72 hrs?,"@AdamCornett81 ada, thanks again 🤗 my profiling abilities are on point 🤣","Oops, misread Monty's profile. While he has rated more than 8 books (over 200), all of mine were rated on Sept 19, 2019. This could STILL be a coincidence, but unlike with other readers who have a variation in their ratings (Chris has rated me from a 2 to a 5)...",@IndiasGT2 @dna Even u are typing in english venna,"@MisterRan @Amosberg As long as these corrupt people know our entire genetic profile, they will be able to interfere with it.  And not only the genetic, our profile of behavior, character, etc.",Genetic profiling and biomarkers in peripheral T-cell lymphomas: current role in the diagnostic work-up https://t.co/iZfaNfV5qM
"Fingerprinting proteins with force: DNA nanoswitch calipers allow scientists to measure distances within single molecules using force, opening a new avenue for single-molecule proteomics. https://t.co/YwYVn52uud",@mikehalltexas Do you know how Darlie Routier is doing? Being tried in Kerrville (land of Genene Jones) was a death sentence in itself. Massive issues w/court reporter. Sock w/boys DNA never dealt with. Un-ID'd fingerprint ignored. Defensive wound photos not shown to jury. I'm RN x 35 yrs- 1/2,,How is a genetic DNA blood fingerprint different than a fingerprint from your hand?

 If used for identification purposes only? 

#CriticalThinking 

#GeneticGenealogy,"@PdWagtail @NoXYinXXprisons @pritipatel Everyone who is charged has a DNA swab and fingerprints taken for identification, especially as many give false names at first. DNA shows sex of person charged, so not a challenge. This is how this will be used in future to prove biological sex.","Project Elephant Division and Elephant Cell convened a meeting under the Chairmanship of Shri Ramesh Kumar Pandey,  IGF (PE) to discuss modalities for conducting DNA profiling of captive elephants in the country. https://t.co/zJ2It3J7D4","On to the next, Illuminus Corp

A company supposedly created for the purpose of a documentary exposing our lack of privacy online, by showing how much a company can learn about you through your online profile 

The claims made on the site go as far as eternal life/DNA backup🤔 https://t.co/fLTSKuIyP2","@JennJonesGA @AriB2783 @SmallHotChilli @kushielx3_sarah @EliseRCook OMFG

It is not a gene

A copy of a gene is not a  gene.  It’s doesn’t reside in the DNA, it doesn’t act like genes act.  Genes make mRNA to encode for proteins

The mRNA in the vaccine doesn’t enter your nucleus

Please just stop typing. This is embarrassing",Aromatherapy spray linked to US deaths faces recall | US and World News | https://t.co/epYV8aa1Dm: The spray found in the Georgia patient's home was made in India. The genetic profile of the ... US kills senior al Qaeda leader in Syria… https://t.co/X25oVOfJ7L #isis #aqis,The Diagnostic Value of Genetic Mutation Analysis and Mutation Profiling of cfDNA in Intraocular Fluid for VRL  https://t.co/cP1eQepOi4 #medRxiv
DNA Nanoswitch Calipers Created as Possibly World’s Tiniest Ruler for Fingerprinting Proteins https://t.co/odx12ykUSw 
@GENbio 
#nanobiotechnology #molecularbiology #biomolecules #Biotechnology #sciencetwitter #scicomm,"@Ginger_Devil19 The thing is that no one's dental records are the same, and if it wasn't clearly him they would've ruled inconclusive. The way your teeth pivot, sit, any fillings, chips, etc...it can be as unique as a fingerprint. They ofc will likely get the DNA from it &amp; test as well.",,DNA is a genetic fingerprint. So it's the same as regular fingerprinting.,"KMFRI scientists are leading in innovative, modern and scientific interventions to conserve Kenyan marine ecosystems through research in among others DNA sequencing/barcoding or Huduma Number Identification for the aquatic organisms. 
https://t.co/VZ3EdYwggm

@ntvkenya",The development of forensic DNA profiling helped identify when we got it wrong  — @KeithAFindley,@WFLA waiting for DNA in a case with partial skeletal remains is the usual protocol. Why the hurry?Was it a forensic odontologist who made the ID? This is a high profile case and questions should be asked and answers expected.,"@Mio_fancies @PietersenJohny @tillytiny10 @MagdalenaMbute How do I open the space 🤦🏽‍♀️🤦🏽‍♀️cos typing long threads eish. Cos the thing is you go to groove, fuck in the parking lot, khante you slept with an ex murderer, an ex abuser, an ex nton nton. An ex ANYTHING guys. Ku rough out here. So they leave their spiritual DNA inside you nje🤞🏽🤦🏽‍♀️","@VladPapi To my understanding each sperm carries half the dna necessary for a functioning human.

Each will have a unique genetic profile, which is why in vitro works, you select the best combo.

So yeah each one would contribute to a different phenotype, inherited from the parents’.","On profiling our Volunteers:

Pharm.Chizoba Chidiobi is my name. I am a Pharmacist, a Genetic Counsellor, a dedicated Sickle Cell Advocate, and a serial Entrepreneur (Pharmapreneur)

I’m a volunteer with Audrey Sickle Cell Foundation and I currently serve as the https://t.co/CUpFXx6ULA"
"Scientists working @wyssinstitute @Harvard, @harvardmed, and @BostonChildrens have used DNA to create a #DNA #nanoswitch #caliper, possibly the world’s tiniest ruler for measuring #proteins. https://t.co/MEXaGErRCn (Work funded by @NIH and @DeptofDefense)","Some of the most common types of reasons why expert witnesses are called upon include:

Forensic science, Accident reconstruction, DNA analysis, Fingerprint analysis, Cases involving breathalyzers, Mental health assessments, Handwriting analysis.

#Oklahomapersonalinjurylawyer https://t.co/SCxNzCPBJL",,"Indonesian Woman Who Died 7,000 Years Ago Reshapes Early Human Migration Theories Theories about early human migration in Asia could be transformed by the genetic fingerprint of the woman who was given a ritual burial in an... #LatestNews by #News18 https://t.co/wXa10cf5Vm","Governments just enforce a world wide population identification and location prob, the covid swob applies even a DNA sample to this information. 
Big brother now has everything there ever could have drempt of, singling out those that didn't submit aswell","@BrianEntin Generally, the best profiling results are obtained using demineralization protocols that aim to fully dissolve the bone matrix to release the DNA.","🐕 TERRY went #missing at Matara wedding venue #Kingscote #Tetbury #GL8 26/9
SUBSTANTIAL REWARD FOR SAFE &amp; FAST RETURN
He has VERY IDENTIFYING MARKINGS,
🔴LONG LEGS
🔴DISTINCTIVE KINK IN TAIL
🔴WHITE CHIN
🔴WHITE SPOT TO CHEST
🔴DNA PROFILE HELD FOR TERRY 
https://t.co/p87s5mps4t https://t.co/9CFhgbQ6uU",@CIA @007 I met the elderly ladies that lived there circa 1961. Two spy gals from the Chicago DDR/DNA/NSA “typing pool” wanted to take over their home/redecorate. They sent one to the hospital &amp; locked another in her room. We flagged down spies in transit to try to get the old gals help.,CONGRESS|#COSTEM21| Robin Foa discussed that the patient with a favorable genetic profile at diagnosis with no ABL mutations on MRD+ cells and sustained CMR can use allo-SCT #leusm https://t.co/vU9nXCvGEQ,Ricardo Albanus @rdalbanus 
Single-cell gene expression and chromatin accessibility profiling of human pancreatic islets at basal and stimulatory conditions nominates mechanisms of type 1 diabetes genetic risk
https://t.co/Lnr3A8BE45

Thursday talk
5/7
DNA fingerprinting the ‘food of gods’.

Taro is under threat from rising sea levels but wild Australian plants being cultivated by #UQ may help boost food security in the Pacific region. @millicent_smith @Godwin_UQ
@QAAFI

https://t.co/o1VqWMjwG8 https://t.co/egSDQwWwnk,Of Police System .... Prone To https://t.co/8rxHOfOGPL A Mickey Finn of Odd Behaviour ? detected in DNA Fingerprints Test as ATM DNA Fingerprints Card Scan as Mobile Phone DNA Fingerprint Screen Scan as Bank Note Counter Scan so on ?,,,"Has covid been no more then quantifying pharmaceutical global ownership not to mention a masive global public identification conspiracy. Governments just enforce a world wide population identification and location prob, the covid swob applies even a DNA sample.",An Epigenetic 2-for-1 Deal: Joint-Profiling of DNA Methylation and Chromatin Accessibility https://t.co/dThpebQxZ1 #method #protocol,"Lawyer for Brian Laundrie's family addresses speculation about how easily his dad found his belongings, saying the public 'doesn't understand simplicity' https://t.co/Ygl147MSHC via @YahooNews How about a DNA profile w/samples collected by Police Dept. or FBI? (Dental by Family)",,Scientists have now developed a new approach called Repair-seq that pairs #CRISPR based genetic screens with DNA-site-specific deep sequencing to profile the range of mutations produced at targeted DNA sites by different #genomeediting tools. Learn more: https://t.co/5yUaOXcFVG https://t.co/Bok2PeVIKC,"Implications for #GeneticTesting in #UrothelialCancer. @sonpavde @DanaFarber  and Maria Carlo, MD @sloan_kettering join @PGrivasMDPhD @UW to discuss recent publications on germline testing and genetic profiling. #WatchNow on UroToday &gt; https://t.co/pvP5bN9DyV @SeattleCCA https://t.co/7qEVmYab9h"
"Scientists from @wyssinstitute, @harvardmed, and @BostonChildrens have utilized #DNA to create what might be the world’s tiniest ruler for measuring #proteins.

Read more @GENbio:  
https://t.co/xDNayGgiLN","“biometric identifiers are extremely dangerous, they can’t be revoked, they can’t be reissued.” You’re pretty much stuck with your iris, fingerprint, and DNA forever—this isn’t a password that can be changed whenever it’s compromised."

https://t.co/biPBU9b4IX",,,"Also weird that identification was done through dental &amp; not DNA &amp; was done quickly. Like, couldn't someone hiding punch out some teeth and put them with an unrelated body and be identified as deceased, &amp; now be free to live under the radar w/out LEO search pressure. (4/5)","How long does it take to get DNA from skeletal remains?
Generally, the best profiling results are obtained using demineralization protocols that aim to fully dissolve the bone matrix to release the DNA. These protocols often take 12 h or more. #brianlaundrie #justiceforgabby","Victim Of Serial Killer Robert Hansen Identified 37 Years After She Was Discovered

In August 2021, a new DNA profile for the victim was generated and uploaded into a public access genealogy database.
 - https://t.co/AuzLJTVnJk https://t.co/8xEuBF7waQ",,"@vodkaoatmilk Finding the right dose and right med combo is difficult, there is a blood test now that matches you with the right drug for your genetic profile. Changed from Vyvanse to adderall after the test about 2 yrs ago &amp; dropped my dose to 20xr and I feel even better.","Could this be a way to fund my work? 

Dear Twitter, I am selling excellent, tested, mostly organic, very vaccinated carnivore lures.$10/ml.
All funds donated towards genetic profiling of spotted hyaena
#GoFundMe #CreateTheDemand"
DNA fingerprinting taro: The 'food of gods' https://t.co/vOIUSrnBV0,"@MsEvaLordes @olguith @FOX13News That's traditionally not how dental records work. They don't pull DNA, they match the teeth. It's kinda like your fingerprint, it's unique to you.",,,@BattleCOMtv My DNA / biometrics no longer match my government identification so I cannot login to Facebook. Is there some other way to follow show updates?,PubMed_ High-throughput and affordable genome-wide methylation profiling of circulating cell-free DNA by methylated DNA sequencing (MeD-seq) of LpnPI digested fragments https://t.co/vnZbfaReE1,@20six_hundred @SenTedCruz Like I said read the word of god the Bible; but study it do not take anyone’s word; check it out yourself; 2000 yrs this book has survived; still best seller! The proof is in the Bible ; Jesus had 4 brothers and more than one sister; check your DNA profile?,,"@zippy2strange @jordanbpeterson 1/2 It's not a cycle, it's a problem of genetic background. They are people with a more pragmatic/self responsibility profile and people with a social conformity / collective responsibility profile.",#GINA I'm sure there's good practice to build on to protect the rights of humans against genomic profiling by insurance companies

Newsroom: Genetic discrimination in NZ insurance undermining research.
https://t.co/LlYrD6acER
"A new tool for identifying #proteins “integrates molecular biophysics with cutting-edge DNA #nanotechnology to allow us to interact with and analyze biological molecules in a truly novel way,” says our @DonIngber @wyssinstitute. https://t.co/m2XSSGE0qf","@MarcMixy @digitalcooki3 Let's get sciencey here, white gloves reflect light but black gloves absorb it, light normally makes you hot, typically if you wear white gloves it is much less likely for your sweat to cause your fingerprint or DNA to be left on what you touch, hence why when you see people 1/2",,,"@Coursdanslherbe @CuckooClawsons It literally says there a many disadvantages of dental identification, also, I said all I would like to see if DNA confirmation. But they haven’t put that out",New article: High-throughput and affordable genome-wide methylation profiling of circulating cell-free DNA by methylated DNA sequencing (MeD-seq) of LpnPI digested fragments https://t.co/abWfP891MI #colorectalcancer #oncology https://t.co/niVF94C9RX,"Completely stomped the competition last night, no loss in terms of match or rounds! Everything was a 2-0, Dino DNA BABY

Also picked up one shiny Scraptor, if I go to the other store tonight I would like to pick up a second one and do the deck profile!",,"Rather than asking yourself what's the best morning routine, ask yourself the following:

- What are you trying to accomplish?
- What's the nature of your work?
- What's preventing you from growing?

We all have a different psychological profile &amp; genetic blueprint.",
"Ms. Gambaro-Gunn's genetic biotechnology walked to the Genetics and Biotechnology center  @UWMadison and met with 4 scientists about their work in DNA Fingerprinting, work toward growing organs using cells from pigs &amp; using DNA to locate soldiers missing in action during WWII. https://t.co/FfTsrW9A4L","Really cool new paper out from Wesley Wong's lab (my postdoc lab and longtime collaborator @wyssinstitute). A real tour de force (literally!), using DNA nanoswitches and single molecule techniques to mechanically fingerprint molecules. https://t.co/CaOOYYIxqC",,,"@CuckooClawsons I need to see that the bones were a DNA match, not just a dental records match. Usually dental records are used as a second form of identification. Did they have the entire lower half of his skull? ALL of his teeth? Bc they said portions.","GENETIC PROFILING 
Although there's big teams of scientists working on it, we still don't know everything there is to know about genetic and certainly ancestral DNA inheritance.","This could also backfire. For one, #China is lusting after the genetic profile of the world. If they can infiltrate our corrupt governments, so will they our DNA banks to help them engineer the most deadly virus. Just saying https://t.co/0MA5xEwtpL",,Forewarned is forearmed! It's fantastic that the field of genetic testing has advanced to the point where we have knowledge about risk factors specific to your genetic profile. Contact us for more info. https://t.co/QmUQX98NeS,
Single-molecule mechanical fingerprinting with DNA nanoswitch calipers
https://t.co/n8gOKcKDjS,@Sherri761 @jwcarlson1984 @Nerdy_Addict You know dental records are like the most accurate form of dna right? Just as much as a fingerprint.,,,Identification of Arginine Finger as the Starter of the Biomimetic Motor in Driving Double-Stranded DNA
@acsnano 
https://t.co/8QQBrSG4Z4,"Published today! Methods for dual profiling of DNA CNV and RNA in single cells. These improve (a) scRNA-seq normalization (b) CNV detection from RNA, enabling study of CNV effects on transcription at single cell level. https://t.co/cDaASnQx0b @PMResearch_UHN @SingleCellMedia","@CountessBouvier @dna_flynn @RabbitGerry @JHolzer2021 @CraigMcFadden13 @karldudester20 @Bernade88965032 @TheReal1455 @IanKennethBail1 @ColumboIrish @Limecrim @developM2Ls @OKKIMMY @TheDuke212FU @urlofcork @CrimeGuyUK @ColumboCork @NFoster66 Exactly,with the best will in the world,it is just a game to Frank,he cares not a jot imo..can't help but think that he is all about self promotion and his profile..his involvement with Bailey is free advertising,that is all..",,"@ChrisStringer65 @FossilHistory Ah, did a genetic profile happen?",
"Single-molecule mechanical fingerprinting with DNA nanoswitch calipers

Nature Nanotechnology, Published online: 21 October 2021; doi:10.1038/s41565-021-00979-0

DNA nanoswitch calipers can measure distances within single molecules with atomic resolution… https://t.co/CKaGNK7GO1","@WFLAJB Although it's not DNA confirmation, dental records and each person's single tooth is as unique as a fingerprint, no 2 people are identical. A Forensic Dentist can confirm with just a few teeth and his dental x-rays that it's him.",,,#Oncology #Genetics #Boinformatics: scientists propose a novel method for classifying the mutagenic mechanisms involved in tumorigenesis. The method could facilitate the identification of mutational signatures associated with DNA repair deficiency - https://t.co/4chOzw4a2E https://t.co/GelpDapl7C,The authors of this study sought to evaluate the concordance between tumor DNA (tDNA) profiling and utDNA or ctDNA assays using a UBC patient cohort from the intended-use population https://t.co/kuVZIjSPSH https://t.co/aXUNSxRMQ6,@scrlovelife @Leah7247 @DontPayIdiotTax DNA especially in this case is best not dental also because it's so high profile.,,Hear Joanne Hackett speak at #BioData #GenomicsLive about how #clinicaltrial success may depend on matching treatment to #genetic profile of patients: https://t.co/3uaY37fcwN #realworlddata #genomicmedicine #genetic #genomics https://t.co/23qf8aVKWj,
"Brain fingerprinting is to me more attractive than DNA fingerprinting, because it is dynamic. I just cannot wrap my head around (literally) putting magnets everywhere for, say, shopping. Great to see advances: https://t.co/F5sYzvbXrK",I see no press release announcing DNA or fingerprint match to marks around #GabbyPetito's throat here: https://t.co/0MdqqVtGN3,,,"@colonialcountr3 @mdnij34 if I wanted to pretend I was dead, I’d throw some of my belongings in an area known for hiding dead bodies. to sell it, I might put some of my dna on a clothing item. include easily readable identification on your items, like your personalized backpack and journal!","2/n

AIT was propounded at the time when most of the technologies were not available (e.g. Astronomical S/w, DNA Profiling, Paleontologist studies). AIT states that Aryan were Europeans who came on horses with 'Ayas' and settled during ~2000 BC.",@radghost_ ...second set of genes from a deceased twin.  There's a woman in the USA who nearly lost custody of her kids because she didn't seem to be their biological mother.  But they discovered she had chimerism and the kids' DNA fitted with her second DNA profile.,,"@Crimson_Sentry Y Haplogroup is solely dictated by the father. Mitochondrial DNA by the mother. Therefore, since no contamination of genetic materials from the female partner, unless there are mutations, the profile will remain the same down the generations. But mutations do happen eventually.",
Fingerprinting proteins with force: DNA Nanoswitch Calipers allow scientists to measure distances within single molecules https://t.co/lJzJz3KI0I,"@WFLAJB Apparently, DNA can be extracted from the teeth and roots, also any amalgams, and bite pattern.  Also, interesting is that teeth have an enamel rod print that is similar to a person's fingerprint - unique to an individual.",,,"@AnotherTamara @Alex_Neverm1nd @mwoodrowt @joesabin @RClinto57113970 @DearAuntCrabby suuuure... aside from the whole convenience of having a body that can only be identified with dental records...

A little 2nd guessing in the context of avaision crimes committed before, isn't all that bad. 

Partial dental identification isn't DNA.",Dont accept partial results! Only comprehensive genomic profiling of DNA and RNA will reveal all potential biomarkers a patient may respond too. Check out our:
Solid Tumor Profile Plus: https://t.co/baWGGAyioP
Hematology Profile Plus: https://t.co/4njGljIwuc

#GTC #DNA #RNA #TAT https://t.co/WBNOpV8wmN,"@Leah7247 @DontPayIdiotTax DNA would’ve taken longer. dental records don’t take long - in a high profile case like this, identification will jump to the front of the line.",,"@afreaknamedali @sethamayfield @thatdaneshguy And I’m a geneticist who refuses to opine on strangers’ ancestry unless I’ve seen their genetic profile. I’m also a fallible human being who gives people the benefit of doubt, one who refuses to deprive people of their livelihood without hearing them out!",
Single-molecule mechanical fingerprinting with DNA nanoswitch calipers https://t.co/IRpqaJHRZt nanotechnology https://t.co/IX1VpQeyKI,"DNA them, photograph them, fingerprint them, and send them on their way. Pedos are constantly looking for new victims. Let Rep. Veronica Escobar be an advocate for them, in Mexico. Every nationality; Somali, Sudan, Syrian, etc come through the border. There are Pedos mixed in.",,,Our work "Enzymeless #DNA Base Identification by Chemical Stepping in a #Nanopore" led by @YQing_ing is out on @J_A_C_S .

@OxfordChemistry @OxChemRF @OxWiChem @magdalenoxford @mplsoxford @nanopore 

https://t.co/IWsOZbtwbB,@demarionunn Roddy's law - the mandatory registration and DNA profiling of dogs. Any dog shit not bagged up and disposed of properly will be DNA tested and posted through the letterbox of the registered owner. Or smeared over their windows.,"@snj_1970 @grodaeu Only thing I can't find when I log into my PA account is how to get a face-to-face appointment, my DNA ancestry profile, and how to find out what my spirit animal is. Presume the latter 2 will be available soon.",,Harden's The Genetic Lottery is the best book on the connection between social justice and the new research findings on genetics that I've ever read. This is an excellent profile of the author.

https://t.co/SByISCT1Ls,
"@RneLrk @thehill Dental records, like fingerprinting, are the classic method of forensics, predating DNA. DNA forensics have only really been a thing for about 30 and can take days while the other two have existed for over a century and thus can be completed much quicker and cheaper","@Alex_A_Simons @Yubico @IBM So, where is Yubikey fitting in between. In my view you are supporting a product which is old. We are in the era of Face ID and Device (phone) detection. Next level is DNA based authentications for highly secure computers. USB with fingerprint is a gone case. Here is my Yubikey. https://t.co/lhUp2DPOwh",,,Impact of BMI and waist circumference on epigenome-wide DNA methylation and identification of epigenetic biomarkers in blood: an EWAS in multi-ethnic Asian individuals (open access)

https://t.co/uFuILXtb4b

#Obesity,The authors of this study sought to evaluate the concordance between tumor DNA (tDNA) profiling and utDNA or ctDNA assays using a UBC patient cohort from the intended-use population. https://t.co/wrkI3Oc5W6 https://t.co/sitZ4KVzgC,@Kgabo48649279 @SAfmnews dna database you store DNA profile but dna bank you store dna samples. you will be able to do DNA profile comparison from DNA database but you cannot be able to do that from DNA bank.,,"🧬LS screening for endometrial and ovarian malignancies in Canada
🧬Immuno profile of epithelial ovarian cancers
🧬Impact of genetic testing on relationships, family planning and psychosocial well being
Check out Sept #Lynch publications! @huntsmancancer
https://t.co/9SJoieInVi",
"FYI dental records are not 100% accurate like DNA fingerprinting. In fact, it’s least accurate forensic procedure. 
I smell a huge cover up by fbi here.. to save their face maybe?? 

#BrianLaundrie https://t.co/Wjufp6ohx3","@Si_G871 @BigBaldDr @drphiliplee1 Actually it doesn't differentiate it is only triggered by heat. Same as a PCR  which ONLY detects SARS-CoV-2. It tests for a tiny fragment of DNA specific to SARS-CoV-2 and not found in other SARS viruses, eg a fingerprint.",,,@DearAuntCrabby Are they sure the dental records were not faked to appear that the skeletal remains were that of Brian laundrie? DNA should be more definitive for identification.,"@LukeJSmith33 @AFLcomau Is it similar to AFL WADA mandate?  "directed by WADA pursuant to the monitoring program described in Article 4.5 of the WADC; or to assist in profiling relevant parameters in a Player’s urine, blood or other matrix, including DNA or genomic profiling;"","@robsw123 The DNA profile goes to any number of places depending on the contract with the lab. In Qld it apparently get sent to China.
Why, identification, susceptibility risk, bioweapon development - nothing of value to you!",,Application of Cluster Analysis of Time Evolution for Magnetic Resonance Imaging -Derived Oxygen Extraction Fraction Mapping: A Promising Strategy for the Genetic Profile Prediction and Grading of Glioma https://t.co/K7Ax4OHmbt,
"Single-molecule mechanical fingerprinting with DNA nanoswitch calipers
Prakash Shrestha, Darren Yang, Wesley P. Wong 
@Nature Nanotechnology (2021) https://t.co/xJEfsjStCJ @NatureNano","#folding money #jigsaw puzzle #folding money #tea leaf #fingerprint &gt;&gt;&gt; These technologies have given us the Human Genome Project, medical genetics, biobanks, DNA fingerprinting, etc. https://t.co/g1sbtyssm2",,,"@Leah7247 No, you can’t. Because locating a body will always result in DNA identification. The Laundries made from 17th sep that is the area to search, NPPD have confirmed this &amp; stated it was not possible to search adequately due to high water levels.","Beware of this Winter!!! | Tom Hughes W/ Monkey https://t.co/nGTcb5VKOD via @YouTube DNA mapping profiling personal lives, now monitor buying and selling.",@TheGribby @bryannamariie_ @BrianEntin @FBI Ppl like to have fun speculating. My point is that this wouldn’t be the first time law enforcement lied to the public on a high profile case inn order to close it. I’m not challenging the efficacy of modern technology for DNA matching. But thanks for the lesson 🤠,,"@memerekim3 @PochaAndrew @74sessions @fitter_knitter @CityNewsVAN everyone with pronouns in their profile scream at GMO foods, but they'll gladly take a vaccine that uses genetic engineering",
"@Cryptoscreen_en @DeCredit001 I realized that Decredit uses a off-chain data storage plus on-chain DNA fingerprinting, so can you tell us why did you chose use this mechanism instead a typical on-chain model?","@Rosemar97681868 @WFLAJB @WFLA Usually they want to do fingerprint analysis, dental analysis and DNA analysis. x-rays can also be useful, to identify known fractions, or skeletal features.. one can also look at tattoos, piercings,..",,,"@Leah7247 @DontPayIdiotTax because if they couldn’t get identification via dental, they would’ve had to use DNA which takes longer. but they got lucky with dental",Just finished watching #codeofakiller  What a fantastic discovery by Sir Alec Jeffrey with DNA profiling. David Threlfall and John Simm portrayed their roles brilliantly #welldone #dna,"@VladPapi To my understanding each sperm carries half the dna necessary for a functioning human.

Each will have a unique genetic profile, which is why in vitro works, you select the best combo.

So yeah each one would contribute to a different phenotype, inherited from the parents’.",,"Does this sound like something you would be interested in? Then this could be the career for you! For more information about being a Genetic Counselor, visit: https://t.co/5XCAMLytlB
.
.
.
#geneticcounselor #gearup #gearupnv #careerexploration #careeroptions #healthscience https://t.co/fUHPMYibFQ",
DNA fingerprinting taro: The 'food of gods' https://t.co/rFIn5Mrjln,"What if we could identify proteins as easily as we can sequence DNA? Soon we will, w/ DNA Nanoswitch Calipers, created by scientists at the Wyss, @BostonChildrens &amp; @harvardmed. These tools make a unique "fingerprint" for peptides using force measurements. https://t.co/NTscAy9zMR",,,"@Leah7247 @DontPayIdiotTax DNA would’ve taken longer. dental records don’t take long - in a high profile case like this, identification will jump to the front of the line.",sciCNV: high-throughput paired profiling of transcriptomes and DNA copy number variations at single-cell resolution https://t.co/WI1OcuyL8S @Dr_Rodg https://t.co/OzclMhWV8q,You better make sure you have all of your ancestry shit 100% legit because if some cartel doppelgangers come around to kill you and steal your fucking identity they won't match the DNA profile even if they get plastic surgery. https://t.co/f37lSjI0iS,,Thank you to our speakers at the APPG meeting today @alexTLCsupport @karencamsmum and to @LizTwistMP for chairing and helping raise the profile of #rare #genetic and #undiagnosed conditions!,
DNA fingerprinting taro: The 'food of gods' https://t.co/kIRNgx57Qg https://t.co/PPokGXtbMR,"Take science learning to a new level this fall with Junior Scientists: Forensic Fun 🔎 Spend your Sunday mornings with us during this four part, 90-minute broadcast where you’ll learn all about DNA extraction, fingerprint identification &amp; more 👉https://t.co/hyMOnxEAiD https://t.co/orXMCSh4y9",,,Genome-wide identification and characterization of Fur binding sites in the cyanobacteria synechocystis sp. PCC 6803 and PCC 6714 | DNA Research | Oxford Academic https://t.co/ijUXjkfx2N,sciCNV: high-throughput paired profiling of transcriptomes and DNA copy number variations at single-cell resolution https://t.co/vr1L3bWNnL @scell_papers https://t.co/7I7gXKABz4,"A Florida police official said rumors the Brian Laundrie's parents planted evidence are 'completely untrue' https://t.co/WDjNOqsORl via @Yahoo let me guess- parents will not do a DNA profile?  maybe want old bones, and a bag with clothes that parents said were his, to be enough?",,""Dramatic change between 2000-2200 BC. A genetic profile, previously confined to Pontic steppes, spread beyond native region, replacing all wild horse populations.
Genome of this horse had 2 striking differences: more docile behavior, stronger backbone"
https://t.co/Fi9SuZObpO",
"#folding money #jigsaw puzzle #folding money #tea leaf #fingerprint &gt;&gt;&gt; These technologies have given us the Human Genome Project, medical genetics, biobanks, DNA fingerprinting, etc. https://t.co/g1sbtyssm2",@ExoAcademian @TOEwithCurt context here was that DNA (hypothetically) would be something of a "fingerprint" which is capable of standing the test of time in a way that leaving an obelisk or other material object would not.

this had overtones of being factual rather than speculative 🤷,,,"imagine finding a mask in your partner's bedroom and that's how you find out theyre cheating on you, the mask is full of cum and you use it for a DNA identification","@BreesAnna Also they already announce the next steps. They are not hiding.
WEF proposed the vax mandates, passports and scanning everywhere in July 2020. Now they "propose" blood samples and DNA profiling to live! Can tell you 10 excused to impose it by April 22
2/2
https://t.co/rXIYRCLeg2","Another DNA profile was found, but there wasn't enough to make an identification.",,Why does #lupus develop differently from one person to the next? New research suggests your genetic and autoantibody profile may be the key. 

Read the study. #LupusResearch,
"What if we could identify proteins as easily as we can sequence DNA? Soon we will, w/ DNA Nanoswitch Calipers, created by scientists at the Wyss, @BostonChildrens &amp; @harvardmed. These tools make a unique "fingerprint" for peptides using force measurements. https://t.co/NTscAy9zMR",The way we experience love is unique to everyone. Like a fingerprint or strand of DNA.,,,"@robsw123 The DNA profile goes to any number of places depending on the contract with the lab. In Qld it apparently get sent to China.
Why, identification, susceptibility risk, bioweapon development - nothing of value to you!",World Economic Forum is after our BLOOD ! 
What then ? DNA profiling for insurance/jobs etc ? https://t.co/NB6Q8yEzfT,"Three of the four swabs tested positive for blood, so he took a sample of each to create a DNA profile, which he then compared to known DNA profiles for matching. The DNA sample matched Marissa Andrews' DNA. Andrews was one of the surviving shooting victims.",,TENS in OA knee (N=75) - but interestingly looks at genetic profile of responders + non responders. Looks like there might be something in it?: Govil et al (2020) Eur J Pain 24(2): 398 https://t.co/f7wpmnI2Wi,
"Single-molecule mechanical fingerprinting with DNA nanoswitch calipers: Nature Nanotechnology, Published online: 21 October 2021; doi:10.1038/s41565-021-00979-0DNA nanoswitch calipers can measure distances within single molecules with… https://t.co/GnL3maUaIN | @NaturePortfolio https://t.co/tMNt2FBmJZ",@Carrie32794279 @summerlinauthor @BrianEntin New or old if it's dipped  water it counts as old. It should have his fingerprint or DNA in them notebook.,,,"@AlexisMcGee @boutiqueonfleek At the risk of being gruesome about it, I thought that it was extremely difficult to get DNA from decomposed skull fragments, &amp; that they had *just* used the dental records for identification? I cant imagine they can be sure the fragments are HIS skull

I still question *when*...",@Kukicat7 The same people in July 2020 proposed the vax passports and scanning to on all life activities. 
Now they want blood sample for DNA profiling. Last time heard about mandatory DNA profiling was on a country which is harvesting organs and selling them.....,Scientists have now developed a new approach called Repair-seq that pairs #CRISPR based genetic screens with DNA-site-specific deep sequencing to profile the range of mutations produced at targeted DNA sites by different #genomeediting tools. Learn more: https://t.co/5yUaOXcFVG https://t.co/Bok2PeVIKC,,Genetic Profile of Endotoxemia Reveals an Association With Thromboembolism and Stroke #HelsinkiHealth #tutkimus #tiede https://t.co/0ss1giIs3f,
Single-molecule mechanical fingerprinting with DNA nanoswitch calipers https://t.co/0MOUICJBWm https://t.co/ZKZw2420vd,"@CarryBr63438066 @pendulumatrest @FoxNews They can't say definitively if they belong to him until a DNA test or fingerprint analysis is completed. This is probably due to decomposition. As for the term "Partial Remains", it means that one or more parts of the body were unable to be recovered.",,,"@realbonbons @RudyRender I had a friend who used to be a dentist and he did identification through dental records after Hurricane Camille. It was actually a friend of mine’s dad. Apparently, if he had x-rays, it’s the easiest way to ID remains without DNA. But I’m sure they will get DNA from bone marrow.","@JoshuaBaer DNA profiling to identify old varieties of crops and fruits to create new clones. Then, look for new areas to cultivate due to higher temperatures, diseases, etc","@MahsaWho As grim as this sounds, were teeth attached to the skull that was found? And are they obtaining dna profile of skeletal remains in addition to dental records for the utmost accuracy? ☠️💜",,"thinking deke shaw could possibly be an LMD, I ran a genetic profile to see if he was biologically linked to anyone.
and it came up with a match?
no. It came up with two.",
DNA fingerprinting #taro: The 'food of gods' @uq_news https://t.co/TWSKhpH2vV,"Our DNA, eye iris and fingerprint confirm that despite being part of the collective human race, we have found personal individuality. Our unique form of meditation brings you from individuality to universality Face-2-Face or online courses - @ https://t.co/zdQrNtYekw https://t.co/sDXMLB1PnC",,,Perhaps the remains of #brianlaundrie helped with DNA identification .. https://t.co/LFeayaxBu8,,@Maddiesvoice1 @PamGurney70 @MistyDa83907643 @TomOBrien0401 @gkylilghost @MikeJakey1947 @poppypippa2 @PhilipTann1961 @Francis60905029 @jam_J_M @harryrag @Antlad30 @bob93265343 @SidShite @debgee9 @Shirley60483124 @NotFakeyNatalie @MaverickLite @MayklWalker @BourgeoisViews @MikeJakeman5 @5haronl @artsmarse @marvinskyelo @Irissykes14 @ScamHunter487 @craig_c83 @Patriot_4_MAGA @Lostinthecity7 @chickienob @emily23800584 @Esjabe1 @D_Owanlen @Andreamariapre2 @JBLittlemore @lindale22381726 @forevershallon @D_Dobrovetsky @milesbetter73 @Shatnerella @njbennett @ElizabethKeesey @LostCuriously @MMTRUTHORLIE @Neil81417504 @McCannCaseTweet @kathypriestley5 @bka @I_Love_Cats2014 FSS. Cases between 2000 &amp; 2005 "This led the Association of Chief Police Officers (ACPO) to advise all police forces in England and Wales to review cases where samples had failed to give a DNA profile."https://t.co/foGMIwxKMI,,Since melanin preserves genes better than non-melinated people that would essentially mean it's probably easier to see what we are based on our genetic profile than it is edom.,
@3DCableFrEE @epiCCodingNET @MerriamWebster clot-buster | crate train | cremini | cria | date-rape | d-bag | death metal | delta virus | desktop publishing | detectorist | dialog box | digital subscriber line | DNA fingerprinting | drop-down | earbud | EGOT | emailer | FedEx | fluoroquinolone | free solo | French pedicure,"@dickius @Oneironautilus @DrilllKnight @impliedChoppy Fingerprint &amp; DNA evidence isn't perfect but it is very reliable, unlike what this tweet says (fingerprints ARE unique due to randomness,dna unreliability can be easily mitigated). Eyewitness however is not reliable at all, assuming you're not being sarcastic.",,,"@Ruruando @SinfullySkylar @Real_IanScott @Kryreth @Nerdy_Addict @RudyRender @WFLAJB @WFLAJosh @WFLAWalt @allergic2banana @johnmarchetti @901Lulu @TrynnShelby @birdsx7 @thejanedoped That's why I question the validity of the identification of Brian. Personally, I like to analyze and look at raw data that can't be argued with. I'm waiting for DNA results. 

Depending on how long she was in the elements (Yucca Valley is 🔥 HOT 🔥)",,"@MikeJakey1947 @gkylilghost @TomOBrien0401 @poppypippa2 @PhilipTann1961 @Francis60905029 @jam_J_M @Maddiesvoice1 @harryrag @AnnaEsse @Antlad30 @MistyDa83907643 @bob93265343 @SidShite @debgee9 @Shirley60483124 @NotFakeyNatalie @MaverickLite @MayklWalker @BourgeoisViews @MikeJakeman5 @5haronl @artsmarse @marvinskyelo @Irissykes14 @ScamHunter487 @craig_c83 @Patriot_4_MAGA @Lostinthecity7 @chickienob @emily23800584 @Esjabe1 @D_Owanlen @Andreamariapre2 @JBLittlemore @lindale22381726 @forevershallon @D_Dobrovetsky @milesbetter73 @Shatnerella @njbennett @ElizabethKeesey @LostCuriously @MMTRUTHORLIE @Neil81417504 @McCannCaseTweet @kathypriestley5 @bka @I_Love_Cats2014 They found human DNA certainly and out of 37 markers 15 matched MAdeleine but nit her UNIQUE PROFILE, so some matcheswere bound to be in 37....yours and mine too probably.",,@ricis_angel Absolutely not. This is dangerous and poorly wielded science. Nutrigenomics can not (yet) assign you an individual nutrition plan based on your genetic profile. So reckless and so frustrating,
DNA fingerprinting the ‘food of gods’.

Taro is under threat from rising sea levels but wild Australian plants being cultivated by #UQ may help boost food security in the Pacific region. @millicent_smith @Godwin_UQ
@QAAFI

https://t.co/o1VqWMjwG8 https://t.co/IsRYsMiADq,#PoliticsLive -Sir David Ames RIP mortally wounded - scene contained cordoned off log commenced- a suspect was immediately arrested contained providing no threat -emergency services contaminating original scene as a priority preserving life-Priest log DNA Clothing Fingerprint,,,"@art_morehouse @chris_notcapn The way in which dental records identify someone is like, root canal, filling &amp; removal history plus placement of teeth in the jaw. Removed teeth are not sufficient for identification on their own. A DNA analysis would have had to be done- results for that take more than a day.",,@gkylilghost @TomOBrien0401 @harryrag @bob93265343 @poppypippa2 @PhilipTann1961 @Francis60905029 @jam_J_M @Maddiesvoice1 @AnnaEsse @Antlad30 @MistyDa83907643 @MikeJakey1947 @SidShite @debgee9 @Shirley60483124 @NotFakeyNatalie @MaverickLite @MayklWalker @BourgeoisViews @MikeJakeman5 @5haronl @artsmarse @marvinskyelo @Irissykes14 @ScamHunter487 @craig_c83 @Patriot_4_MAGA @Lostinthecity7 @chickienob @emily23800584 @Esjabe1 @D_Owanlen @Andreamariapre2 @JBLittlemore @lindale22381726 @forevershallon @D_Dobrovetsky @milesbetter73 @Shatnerella @njbennett @ElizabethKeesey @LostCuriously @MMTRUTHORLIE @Neil81417504 @McCannCaseTweet @kathypriestley5 @bka @I_Love_Cats2014 And even less of a big deal when you realise it was 15:37 and so the match was going to be there somewhere but NOT her UNIQUE DNA profile.,,A personalized nutrition plan based on genetic profile improves outcomes of facial regeneration with Platelet-Rich Fibrin liquid matrices
https://t.co/3w9V33pHgZ 
This study aims to assess that a personalized nutritional plan benefit to platelet-rich fibrin facial regeneration. https://t.co/aITEQSvOGF,
#DNA fingerprinting 'food of gods' 
https://t.co/TTloRUWn31
#Agriculture #Australia #Australian #Biosecurity #Fiji #Groundwater #Innovation #Millicent #Pacific #Production #Professor #Queensland #Samoa #University #UniversityOfQueensland https://t.co/px6u4TUncx,"@PresentsJam literally no one has any evidence of anything at the moment. A fingerprint, no, DNA, no or even some trace evidence, no. But Freddie looks dodgy boom boom boom.",,,"@mykeepitreal @iTakeitKarma @attorney_san @JoshuaL40555917 @TimyNerdG @Real_IanScott @Nerdy_Addict @BrianEntin @CoffindafferFBI @WFLAAllyson @WFLAJB What’s more likely?

A vast conspiracy involving the FBI, Medical Examiner, North Port PD, a member of the NYS Bar association all worked in concert to fake DNA results and forensic odontological identification, or; the public is so ignorant, they actually believe the conspiracy.",,MOST OF THE HIGH PROFILE CASES THAT GOT AWAY IS DUE TO THE WITHDRAWAL OF THE SAID CASES BY THE PROSECUTION. THERE'S THIS QUESTION TOO ON WHY DNA INSTEAD OF DNAA... 🤔 https://t.co/dfqR9JnbUh,,Midnight 76 @midnight76music https://t.co/WpJu7TyYAA - Just Another Animal (Genetic Lab),
,"@IanMCalvert @AkwyZ @dcallahan2 @dez_blanchfield @imoyse @NigelTozer @nigelwalsh @NevilleGaunt @robmay70 @sarbjeetjohal The complaint is valid
When your #password is compromised you can reset it. When your #biometric identifiers (#DNA, #fingerprint, face) are compromised you cannot. So if schools and firms don't protect it effectively, you could be open to ID theft for the rest of your life
BEWARE",,,@WFLAJB is the dental results enough identification? Is the FBI going to further get DNA test to get 100% of Brian???,,"Do you enjoy biochemistry? Do you like investigating molecular machines? Do you like to work on a high profile human DNA replication project involving chromatin? If so, please DM me, we have an exciting job for you :-)
https://t.co/8yD9wUQKD7",,Genetic Profile of Endotoxemia Reveals an Association With Thromboembolism and Stroke https://t.co/iZLzPQ47cr,
,"@CHRISTINAMCLAR1 @yona1959 @Grouse_Beater Schools retaining fingerprint identities of innocent children, only criminals have their fingerprints, DNA swabbed and mugshots taken. Did the teachers have their fingerprints taken, DNA swabbed and stored in a publicly accessible database?",,,"@memphisbelle1 @beckyexpress @LadyJayPersists Exactly, full dna identification not just dental. I don’t trust the parents at all.",,@_Natt_Turner_ 👍🏾👍🏾👍🏾

But we definitely need DNA profile of convicted criminals and a public sex offender list.,,"@abledoc @ArainGang possible but imo unlikely. at some point the paper with the dzundna samples will be published, but it looks like the west asian genetic profile was around before LGM in western near east (the west-east division in this model is due to paleosiberian influx to the east)",
,"@unit2plus4 I thought the manager was ruthless and showed players the if they didn't fit his plans or the UTD DNA, Culture, fingerprint etc 🤷",,,"Another DNA profile was found, but there wasn't enough to make an identification.",,"@_Natt_Turner_ I suppose after the DNA has been tested, the database is created from the profile and the samples should be safely discarded. But yah this is South Africa, so anything can happen with those samples I guess.",,"The multidisciplinary team at #ClevelandClinicAbuDhabi is conducting three studies that are set to provide insights into the awareness, genetic profile, and demographics of Emirati women with breast cancer.

Read more at: https://t.co/YQcaXV4aO7 https://t.co/1VTWFo5v6F",
,@slpng_giants @Facebook Kind of like when a burglary suspect starts tweeting about the unreliability of fingerprint and DNA evidence.,,,"@BrookieC81923 In any case, and you can look this up, dental identification is not used unless the ME has no other means of being able to make a positive identification. Will they still test DNA? Possibly. But all of the prototypical signs are pointing to that not being the case.",,"@_Natt_Turner_ Sorry if I'm being obtuse, but let's say the database is hacked, then what? For someone to frame you, wouldn't they need your actual siliva/fluid or whatever to plant it on a crime scene. What is the DNA profile data going to do? Maybe I'm not understanding it correctly.",,@_TheChuck_ Oooh since you have your DNA 🧬 profile now you should totally upload it to #GEDMatch to help catch serial murderers and rapists through genetic genealogy!!!,
,"@egdeaile_writer Oh, I believe the science of it is real, but how real is the simplicity of leaving it behind is real. Shows lead us to believe that a perfect fingerprint is left behind on something that would be obvious could not be left behind. Or DNA left behind, stuff like that.",,,"BACTERIAL IDENTIFICATION VIRTUAL LAB (HHMI)
Learn about the science and techniques used to identify  bacteria using DNA sequences. An interactive "lab" with sample prep, DNA replication, sequencing and analyzing DNA. [from the Scout Report]
https://t.co/2B0tPAUuWW",,"Well uhm no, rather mirror the US where the DNA profile of every criminal gets entered in the federal database called CODIS.... https://t.co/4lDR39FjO3",,"I was seven months pregnant with Mila when I was handed this image of her profile. Her tiny nose, her mouth, her chin. At that time, I had no idea that she had a genetic disease and the effects of it may have already begun to take place... https://t.co/2Ap3pwcTEy",
,"@EmmaKennedy In an unrelated tweet, anyone know how to remove fingerprint and DNA evidence from a crime scene?",,,"@johnmarchetti I think it’s just that the dental records were faster in this case, and the DNA may become secondary later.  But the expense of such DNA testing  is not required for identification confirmation now. So why would state pay for that.",,"Some plants contain bright UV-absorbing pigments which could protect their DNA. ☀️

This research shows that in Salicornia rubra, DNA of green plants growing in full sun appears to be at no greater risk than the red plants.

Read in @PlantEnvInterac ➡️ https://t.co/KHJkqZ5Alf https://t.co/iAsZ7eIHBS",,"Three studies are underway at Cleveland Clinic Abu Dhabi, with the aim of offering insights on the awareness, genetic profile and demographics of Emirati women with breast cancer.

https://t.co/TedSrxjFov

#pinktober #breastcancer #AUH #health",
,Fingerprint is the DNA of the 21st century.

#accuratebiometrics #minutiaealgorithms #fingerprintsensor #minutiacards #fingerprint 
#AskPoojaHegde #BoycottFabIndia #High5StockGro #ShameOnUnacademy #Suga #Diwali

https://t.co/E8s9z0RdUK https://t.co/lCqtb7UL4f,,,@GabPetitoTheory How do you get dental identification from a partial skull...how about a DNA test...this is BS!!!,,"#OnThisDay in 1993 the IRA murdered John Gibson, 51. Father of 1. A director of Henry Bros shot in his drive, Glengormley. Earlier he had been told of award for his work with British Diabetic Association https://t.co/PbA07VWdqe
https://t.co/jYyaf0PPAB
https://t.co/189sIE39w5 #OTD https://t.co/HKDqveKGK8",,"@mshavisham @AliceKing69 @melJsaysso @nocturne_127 @literally_chad Fails on the second count, down. There is obviously another body involved, that individual having a demonstrably separate and distinct genetic profile from its mother, with genetics appearing entirely distinct from any the mother's own body is capable of producing.",
,How is a genetic DNA blood fingerprint different than a fingerprint from your hand?

 If used for identification purposes only? 

#CriticalThinking 

#GeneticGenealogy,,,@MahsaWho @WFLAMahsa Why was dental records used to identify him and not DNA? Did Brian Laundrie have dental work such as a partial or dentures making identification easier. How so quick?,,"Bloomberg reports the claim of the first child born following polygenic screening as an embryo, via a company called Genomic Prediction.

Basically a test that rank orders embryos by health using genome wide profile  🧵

https://t.co/ZZHQZhViVV",,,
,DNA is a genetic fingerprint. So it's the same as regular fingerprinting.,,,@Youtubeinsight1 @chrisfamousamos @GECUQUENCH @KEEMSTAR Why would they need dna? They already know who the remains belong to and dna doesn’t really help aside from identification in a case such as this.,,Your have to triple the number of African Americans currently in America and o have a chance of randomly selecting anyone with the same dna profile as Jones…and that person would have had to have access to Jones’ bedroom 

Why do so many people want the worst criminals free https://t.co/TdWio4JMNu,,,
,"If they fingerprint &amp; do psych exams for cops &amp; FBI agents when they start employment, submitting DNA is the same thing.",,,"@johnmarchetti Just because teeth impressions look like his, doesn't mean it's actually him. I can think of at least 3 different cases where dental identification was wrong. Once DNA was actually processed, it was not the right person.",,Just listed #ExtinctAnimals No.06-10 #NFTs on @objktcom #OBJKT

Grab the last member of each species! 
🐧➡️https://t.co/Gm6uiBYt2g ⬅️🦫

1/3 of any sales go to @frozenark
 to preserve biodiversity by safeguarding the DNA of #endangeredanimals🧬

🌿#CleanNFT #tezosnft #NFTdrops https://t.co/9avs4UmloR,,,
,"@jay_snowdon @_ben_m_h @BamberHim @Kdoc321 @beaubeau888 @mwilliamsthomas Fingerprint on the gun, dna of sheila found in the moderator. Sheila was laid down, nevill shot upstairs &amp; couldn't have used the phone. Bamber saying nevill called him when he didnt. What part don't you get? Lots of evidence 👀",,,@Welches86 I've heard 2 " experts " say identification of him has concluded.
No way ..they have to do DNA don't they ???,,.
Trump Given Deadlines to Produce #DNA in #EJeanCarroll Case.

https://t.co/9GhpYumlU7,,,
,,,,@vprbabe @rgs518 This is true although the DNA testing takes at least  48-72 hours to result. So far the only identification method results they have released have been from his dental records. I'm sure they will release the DNA results soon after they receive the results.,,"@docobgynmom @sassistheword @cravecreative No one I know is an anti-vaxxer, whatever that is, many are anti en masse use of experimental synthetic mRNA &amp; DNA technology shots, however. 
Yours is the last profile pic I saw before bed, I hope I don't have nightmares!",,,
,,,,Identification and Validation of Prognosis-Associated DNA Repair Gene Signatures in Colorectal Cancer #preprints https://t.co/O4JW4w8Lax,,211022 Mark updates his social media profile picture and header 

#LastBreath 

#MarkTuan #段宜恩 @marktuan 
#GOT7 @GOT7Official https://t.co/76RnVAeufU,,,
,,,,"@kayaker007 @SrikanthTalagad Imagine thinking that DNA and dental identification isn't 100% accurate. Yes, these people are crazy.",,DNA has been in his profile. https://t.co/VxBY47FIVb,,,
,,,,"@FBIDenver @FBITampa How accurate is dental identification?
The accuracy of the methodology was 75,4%, the sensitivity was 53,5% and the specificity was 86,4%. Overall, there was a tendency of the observers to overlook non-dental characteristics. Show us the DNA!",,"@MouseEars4950 @mmpadellan If his remains really were terribly decomposed and bones only, don't know how good the DNA profile would be?  That dental office record swap is in the Agatha Christie "One Two Buckle my shoe". I'd never have thought of it myself.",,,
,,,,@kikirodi64 @BrianEntin Dental identification is a highly accurate method  and dna can be extracted from teeth,,"@Crimson_Sentry Y Haplogroup is solely dictated by the father. Mitochondrial DNA by the mother. Therefore, since no contamination of genetic materials from the female partner, unless there are mutations, the profile will remain the same down the generations. But mutations do happen eventually.",,,
,,,,@LadyJayPersists No it's absolutely sketchy as hell. They identified him by scream records only. I'd double and triple check that identification and get some dna analysis.,,"@HopefulOB2Be As for identification, I’m sure there was enough dna in the bones/marrow to develop a profile.   Doesn’t have to be just teeth.",,,
,,,,"@RabbitRabbitMov @WFLA It's hard to imagine there's not enough tissue left for DNA identification... but that might not matter either, since the FBI apparently allowed them to provide items that they say have his DNA on them. (Y'know, as opposed to checking against maternal/paternal DNA.)",,Am I silly to worry about my DNA profile with comps like 23 &amp; Me and Ancestry and how will my DNA be used in years &amp; decades to come? What happens when the companies are acquired or go under? Is the TOS out the window? Until we fix healthcare in this country I’m dubious.,,,
,,,,@MackerelRuffian @WFLA Basically my theory is that they killed a homeless person via a shit to the head to look like suicide. Pulled some of Brian's teeth or swapped dental records. Put the body somewhere that would cause DNA identification to not be an option. I've watched a lot of true crime.,,"#FinTech #AgTech I took this from my @Clubhouse profile: Develop strategic projects To rescue old vineyards, coffee and bananas 🍌 DNA Projects in Galapagos 🐢 ☕️",,,
,,,,"@diva_bronze @TMZ Ummm...the authorities will conduct the conclusive identification tests. I mean, you don't seriously think it's just a guess, do you? It s simple logic that it will be based on conclusive evidence and DNA.",,@codealtgeek @urltv @Eazyblockcapt @MurdaMookez @bigtqmb @Headice @DNA_GTFOH @JohnJohnDaDon @TheReal_Calicoe @iAmLoadedLux @Tsu_Surf @Aceamin23_ @geechigottimbb @EverythingLoso @NUJERZEYTWORK I picked Big T. I feel like that Eazy vs Big T back and forth is what really helped Eazy raised his profile to where it is now. Along with him killin ppl in battles,,,
,,,,"@Carolyn76779482 @VictoriaDunes @BzYeeYee @CrimeTalkPod Specifically stated, Partial DNA hits.  Partial DNA does not allow identification.  Sorry.",,Profile. 2 DNA Books. 
High Priest Father Savior Jesus DNA Book Of Life For Not Covid19Vacs. High Priest Son Me DNA Book For Covid19Vacs. https://t.co/7tEvfGpypt,,,
,,,,"@HopefulOB2Be As for identification, I’m sure there was enough dna in the bones/marrow to develop a profile.   Doesn’t have to be just teeth.",,"$CUV $CUV.ax
First Patient Treated in CLINUVEL DNA Repair Study
Fri, 22 Oct 2021 08:58

📈last price = $39.17
💼soi = 49M
💵mcap = 2B
🏭industry = PharmaceuticalsBioTechLifeSciences

co profile: https://t.co/ckzQUFhTzB
chart: https://t.co/3ZGGphVgz4 https://t.co/VOnxk88SQW",,,
,,,,I would like to see MORE proof positive identification ie. DNA,,In real life about how long does it take a forensic pathologist to get the results back on high profile DNA testing? 🤔,,,
,,,,"@kayl_pierce @KendallRaeOnYT Unfortunately when dental records are used in a case, usually means a skull was found. Or at least parts of a jaw. I'd at least like to see a mitochondrial DNA test on the tooth pulp, if viable, to confirm the identification. Such a hard day for the Petitos 💔",,First randomized trial in recurrent grade 2/3 #meningioma shows lack of efficacy of trabectedin chemotherapy. DNA methylation profile is independent prognostic factor. 

https://t.co/Ssn9UYblPS 

@EORTC @sno @wick_wolfgang @sahm_lab @OncoAlert  @MedUni_Wien #btsm,,,
,,,,"I hope DNA confirms the dental record identification. Did he kill Gabrielle? Seems likely. || Human Remains Found in Florida Park Were Brian Laundrie’s, F.B.I. Says https://t.co/db8aRpGrTY",,Design DNA: tracing the story of the String shelving system https://t.co/UU0xD0i6W6,,,
,,,,"@InFamouz1016 @nytimes Seriously? Do you even know what's involved in dental identification analysis? First where would they get the human bone to carve a teeth or several, and even attached flesh with his DNA? These people are not criminal masterminds. What's sad is that ppl want more excitement.",,"@Hwang_tuzu Her :i was fan of them before you 
Me :When 
Her :after dna 
Me :ok, i became little before idol 
 Her :who is your fav ? Mine is jk and v littlebit
Me :my bias is also v 💜 but god hobi side profile is so preety 
Her :i dont like hobi and suga and rm 
Me : haha 😒 are you done🤨",,,
,,,,@BartyMacgregor @FA666FTP @nursegalmom @WFLA Using dental records is an accepted method of positive identification. Yes DNA is a reliable method for identification but so is using dental records,,@MarinaSaveTheUS @Greg_Faltin @BrianEntin It does. Water exposure degrades  DNA. That gives them less intact DNA to extract and test. It can also result in an incomplete DNA profile. They are probably running multiple samples using different methodologies.,,,
,,,,"@vibradiant @smartin007 @FBIDenver @FBITampa OVERALL, D) identification via one tooth (NOT done in this case) CAN be done via DNA extraction from pulp tissue rather than just examination of the enamel or anomalies on the surface of the tooth. Whew! Do you still understand? Or did I lose you?",,"Residential greenness-related DNA methylation changes https://t.co/hiS3ynlskW - great from @SwissTPH  arising from SAPALDIA &amp; @AlecStudy - correlation between residential greenness and blood #methylation profile suggests  health impacts via allergy, stress, or behavioural changes",,,
,,,,@motivatedbj @shellhun44166 @bbcan49764050 @ok_sure_bitch @MarniHughesTV @BrianEntin I'm sure the FBI will release DNA confirmation within the next few days. There's no reason not to. Plenty of DNA material in 5 week old bones &amp; teeth. It covers the bases so that no one questions the identification later since DNA is better than dental records.,,"@reelistreview @JSavve @ScienceWDrDoug Better than DNA vaccines?   I beg to differ, both in safety profile and efficacy.",,,
,,,,@Taiki82868353 @FA666FTP @nursegalmom @WFLA Yes but no one has mentioned DNA results and they should have waited for that before making statements. In the identification process via odontology the expertise of the forensic professionals involved matters,,,,,
,,,,I've been trying to figure out how to bypass DNA identification/dental records in terms of leaving a body behind. Have a digit amputated and leave it there?,,,,,
,,,,@BartyMacgregor @nursegalmom @WFLA It says dentistry and DNA are the most reliable sources of identification,,,,,
,,,,@MarniHughesTV @BrianEntin @CoffindafferFBI @aronberg Will they complete the identification with a DNA test as well?  If not why?,,,,,
,,,,@martasdomingues @13Artsygurl @FBIDenver @FBITampa Ugh. Forensic dentistry can involve extracting DNA from the pulp of the teeth.

X-Ray &amp; chart comparison are also part of forensic dentistry.

Both are just as accurate as DNA identification from blood or skin cells or bone marrow. Read the info I provided to you.,,,,,
,,,,"@mochiamori_ @FBIDenver @FBITampa It makes things like facial features unrecognizable sometimes. The face itself often swells significantly. Because of this, dental records are the fastest method of identification. They don’t decay, teeth wont even burn. DNA would take longer",,,,,
,,,,"@cupsinparadisio @FBIDenver @FBITampa Partial skull, that could also mean his complete lower jaw since that will become detached from the skull once the flesh and muscles are gone. That way identification can go really fast. They probably will finish the DNA test as well. But it's time to let the conspiracies go.",,,,,
,,,,"@PerezHilton If I was Gaby’s parents I want to confirm body tattoos, DNA, and dental identification!!  Not just DNA 🧬 these folks are too slick",,,,,
,,,,@integrityshines @ImmaculateLoo @SurferDood_2021 @Dear_Mr_Putin @willowrose51 @stacyfaddoul @LiLuca77 @tonyserrata @corinne_717 @LouiseMensch @nwinston @Pinche_Pi @duckstreammedia Yeah DNA for identification.

https://t.co/6ziOJ3sdEN,,,,,
,,,,"@YakaDouble @nytimes Teeth are a source of DNA, actually. There are other reasons as well. Source:

https://t.co/e8BiOp4PhU",,,,,
,,,,AND 3.) The remains were confirmed based on dental records. Maybe I’m being a conspiracy theorist but IF someone were to fake their death dental records would be the easiest form of identification to swap. Soo just in case I hope LE also confirms through DNA testing.,,,,,
,,,,"@lookner I wager that they went with dental indentification, because DNA takes a lot more material than movies or TV make it out to seem. It takes 250 micrograms of viable DNA at a minimum to make an identification, and requires a family member, or members to provide dna.",,,,,
,,,,New study analyzing the effect of different DNA Barcode lengths on species identification from a machine learning perspective🧬
(Efficacy of DNA mini-barcodes)
https://t.co/wOP3toVvqH
#Bioinformatics #ComputationalBiology #DNA_Barcode #IEEE_CIBCB_2021,,,,,
,,,,""And I can tell you that they are heartbroken," Bertolino told Cuomo. - PLEASE. They raised their son to be a fucking murderer, and to abuse women. Boo Fucking Hoo for them. I still want DNA - I don't trust a "dental" identification. AT ALL.",,,,,