dna fingerprinting,dna fingerprint,genetic fingerprinting,genetic fingerprint,dna identification,dna profiling,dna profile,dna typing,genetic profile,genetic profiling
"A new tool for identifying #proteins “integrates molecular biophysics with cutting-edge DNA #nanotechnology to allow us to interact with and analyze biological molecules in a truly novel way,” says our @DonIngber @wyssinstitute. https://t.co/m2XSSGE0qf","Really cool new paper out from Wesley Wong's lab (my postdoc lab and longtime collaborator @wyssinstitute). A real tour de force (literally!), using DNA nanoswitches and single molecule techniques to mechanically fingerprint molecules. https://t.co/CaOOYYIxqC",@revision_2003 @3DCableFrEE @epiCCodingNET @MerriamWebster gamete intrafallopian transfer | geeked | genetic fingerprinting | glass ceiling | glute | go-to | Hadean | hantavirus | heterocyclic amine | Hib | high-intensity interval training | homeobox | horndog | HTLV-III | kick to the curb | laptop | Mandelbrot set | moonwalk nanocrystal,"#imaginary being #biometric authentication #fictional character #fingerprint #mathematical notation :) As a genetic fingerprint technique, this method of visualization is used in forensic science to establish identity and family relationships. https://t.co/NTcDrmA9K4",@BartyMacgregor @nursegalmom @WFLA It says dentistry and DNA are the most reliable sources of identification,"As a reminder, current seq-based protein profiling utilize DNA barcode conjugated antibodies. Large such panels are difficult to prepare, limiting us from profiling thousands of epitopes. To pave the way for that, we introduce genetically barcoded phage nanobody libraries. 2/n https://t.co/TEfsW42B5q","#FinTech #AgTech I took this from my @Clubhouse profile: Develop strategic projects To rescue old vineyards, coffee and bananas 🍌 DNA Projects in Galapagos 🐢 ☕️","@2AMthou52768608 @julialachowiczz @WFLAJosh @NBCNews @PeteWilliamsNBC The feds will do DNA typing, regardless. The will evaluate whether a finger was neatly  sliced off or otherwise separated from the body.",Scientists have now developed a new approach called Repair-seq that pairs #CRISPR based genetic screens with DNA-site-specific deep sequencing to profile the range of mutations produced at targeted DNA sites by different #genomeediting tools. Learn more: https://t.co/5yUaOXcFVG https://t.co/Bok2PeVIKC,But many people believe that the genetic profiling companies we send our saliva to have some reasonable answers to where we came from.
"FYI dental records are not 100% accurate like DNA fingerprinting. In fact, it’s least accurate forensic procedure. 
I smell a huge cover up by fbi here.. to save their face maybe?? 

#BrianLaundrie https://t.co/Wjufp6ohx3","@WFLAJB Although it's not DNA confirmation, dental records and each person's single tooth is as unique as a fingerprint, no 2 people are identical. A Forensic Dentist can confirm with just a few teeth and his dental x-rays that it's him.","@fesshole Easily done. I look back on my third class honours thirty years ago, and I still have no idea how I passed. In a second year exam on genetic fingerprinting I coloured my thumb in ink and pressed it on the paper with the words 'I've failed haven't I'.","2. WGS acts like a fingerprint of the virus. We aren't all being infected by the same thing. Thousands of versions with tiny differences are circulating. These tiny differences can link cases, like a fingerprint. That means we could link cases based on these genetic traces....",@MarniHughesTV @BrianEntin @CoffindafferFBI @aronberg Will they complete the identification with a DNA test as well?  If not why?,"@BrianEntin Generally, the best profiling results are obtained using demineralization protocols that aim to fully dissolve the bone matrix to release the DNA.",Scientists have now developed a new approach called Repair-seq that pairs #CRISPR based genetic screens with DNA-site-specific deep sequencing to profile the range of mutations produced at targeted DNA sites by different #genomeediting tools. Learn more: https://t.co/5yUaOXcFVG https://t.co/Bok2PeVIKC,@NeilCouling @mrfrankzola @rightsnet @publiclawcentre @SWLLawCentres @SouthwarkLawCen @CPAGUK @crisis_uk @camdenlc @WORCrights @turn2us_org @HF_LawCentre @MerseyLawCentre @gmlawcentre @DWP @APPG_UC @The_SSAC So when your saying when you can't yet do FAR worse...DNA typing? Bone scans?,Harden's The Genetic Lottery is the best book on the connection between social justice and the new research findings on genetics that I've ever read. This is an excellent profile of the author.

https://t.co/SByISCT1Ls,"GENETIC PROFILING 
Although there's big teams of scientists working on it, we still don't know everything there is to know about genetic and certainly ancestral DNA inheritance."
New content online: Single-molecule mechanical fingerprinting with DNA nanoswitch calipers https://t.co/ZXCqqq6bvL https://t.co/yWNpVUL1ED,"@devans_1395 @BrianEntin He didn’t say it would take days or weeks. He said it COULD TAKE a couple of days or weeks. They obviously were able to obtain enough DNA, matched dental records, or enough to obtain a fingerprint!!!!!!!","@seanjward It’s the same mechanism as genetic fingerprinting - you take a sample of genetic material, apply enzymes and indicators, then compare the resulting segments for a recognisable  and unique pattern","genetic fingerprint of memories that were once fluid but have since crystallized out from the crucible of possibility, encouraged by the catalyst of the European colonial adventure.”I have often thought that you need a similar kind of layered map to understand Sudan’s civil war.-",@martasdomingues @13Artsygurl @FBIDenver @FBITampa Ugh. Forensic dentistry can involve extracting DNA from the pulp of the teeth.

X-Ray &amp; chart comparison are also part of forensic dentistry.

Both are just as accurate as DNA identification from blood or skin cells or bone marrow. Read the info I provided to you.,An Epigenetic 2-for-1 Deal: Joint-Profiling of DNA Methylation and Chromatin Accessibility https://t.co/dThpebQxZ1 #method #protocol,"#OnThisDay in 1993 the IRA murdered John Gibson, 51. Father of 1. A director of Henry Bros shot in his drive, Glengormley. Earlier he had been told of award for his work with British Diabetic Association https://t.co/PbA07VWdqe
https://t.co/jYyaf0PPAB
https://t.co/189sIE39w5 #OTD https://t.co/HKDqveKGK8",As of now while I'm typing this tweet 37 verified deaths have been confirmed by the Uttarakhand police.. heavy floods there.. Nainital floating.. tourists sufferings without food and water.. why no DNA by Tihaadi yet?,Hear Joanne Hackett speak at #BioData #GenomicsLive about how #clinicaltrial success may depend on matching treatment to #genetic profile of patients: https://t.co/3uaY37fcwN #realworlddata #genomicmedicine #genetic #genomics https://t.co/23qf8aVKWj,"What genetic profiling is doing for us. But still, it can be fun to find out this kiwi part Maori is of Icelander stock. Or am I?

An essay and linked thread. https://t.co/wcBL0HQztv"
"Single-molecule mechanical fingerprinting with DNA nanoswitch calipers
Prakash Shrestha, Darren Yang, Wesley P. Wong 
@Nature Nanotechnology (2021) https://t.co/xJEfsjStCJ @NatureNano",I see no press release announcing DNA or fingerprint match to marks around #GabbyPetito's throat here: https://t.co/0MdqqVtGN3,Very interesting drama on ITV tonight about the first time genetic fingerprinting caught a killer - would definitely recommend.,How is a genetic DNA blood fingerprint different than a fingerprint from your hand?

 If used for identification purposes only? 

#CriticalThinking 

#GeneticGenealogy,"@mochiamori_ @FBIDenver @FBITampa It makes things like facial features unrecognizable sometimes. The face itself often swells significantly. Because of this, dental records are the fastest method of identification. They don’t decay, teeth wont even burn. DNA would take longer","How long does it take to get DNA from skeletal remains?
Generally, the best profiling results are obtained using demineralization protocols that aim to fully dissolve the bone matrix to release the DNA. These protocols often take 12 h or more. #brianlaundrie #justiceforgabby",@codealtgeek @urltv @Eazyblockcapt @MurdaMookez @bigtqmb @Headice @DNA_GTFOH @JohnJohnDaDon @TheReal_Calicoe @iAmLoadedLux @Tsu_Surf @Aceamin23_ @geechigottimbb @EverythingLoso @NUJERZEYTWORK I picked Big T. I feel like that Eazy vs Big T back and forth is what really helped Eazy raised his profile to where it is now. Along with him killin ppl in battles,Typing DNA Command Line Authenticator - https://t.co/QkqBXwL9oS

 #angular #development #programming #python #swift https://t.co/TcOgbSUpB9,"🧬LS screening for endometrial and ovarian malignancies in Canada
🧬Immuno profile of epithelial ovarian cancers
🧬Impact of genetic testing on relationships, family planning and psychosocial well being
Check out Sept #Lynch publications! @huntsmancancer
https://t.co/9SJoieInVi",Profiling of Nascent Lariat Intermediates Reveals Key Genetic Determinants of the Timing of Human Co-transcriptional Splicing  https://t.co/ac7WQndcez #bioRxiv
DNA fingerprinting taro: The 'food of gods' https://t.co/rFIn5Mrjln,"@WFLAJB Apparently, DNA can be extracted from the teeth and roots, also any amalgams, and bite pattern.  Also, interesting is that teeth have an enamel rod print that is similar to a person's fingerprint - unique to an individual.",DNA is a genetic fingerprint. So it's the same as regular fingerprinting.,DNA is a genetic fingerprint. So it's the same as regular fingerprinting.,"@cupsinparadisio @FBIDenver @FBITampa Partial skull, that could also mean his complete lower jaw since that will become detached from the skull once the flesh and muscles are gone. That way identification can go really fast. They probably will finish the DNA test as well. But it's time to let the conspiracies go.",PubMed_ High-throughput and affordable genome-wide methylation profiling of circulating cell-free DNA by methylated DNA sequencing (MeD-seq) of LpnPI digested fragments https://t.co/vnZbfaReE1,Profile. 2 DNA Books. 
High Priest Father Savior Jesus DNA Book Of Life For Not Covid19Vacs. High Priest Son Me DNA Book For Covid19Vacs. https://t.co/7tEvfGpypt,"Mitosis, https://t.co/ZYIndK9NK6
Blood Typing, https://t.co/vgADXpcWky
RNA, https://t.co/iqHIBns8ml
Meiosis, https://t.co/LekfCe4uH3
What does DNA Look Like?, https://t.co/sSW13nm9XO
Good &amp; Bad Bacteria, https://t.co/py4MutzPAv
General Genetics, https://t.co/FCHPMbUN26","I URGENTLY NEED TO SELL MY WORKS

MY SISTER DOESN'T HA E CANCER, BUT A COMPLEX GENETIC DISEASE: INFECTIOUS ARTHRITIS

this treated only in Moscow

if you want to help me, then check my profile

I will be grateful even for $1: 

https://t.co/ZD8odbYdxs

https://t.co/QruwSHnPkL",Steroid profiling and genetic variants in Chinese women with gestational diabetes mellitus #JSBMB #MassSpec  https://t.co/zfeSwQohCx
DNA fingerprinting taro: The 'food of gods' https://t.co/kIRNgx57Qg https://t.co/PPokGXtbMR,"DNA them, photograph them, fingerprint them, and send them on their way. Pedos are constantly looking for new victims. Let Rep. Veronica Escobar be an advocate for them, in Mexico. Every nationality; Somali, Sudan, Syrian, etc come through the border. There are Pedos mixed in.",Anandia's rapid cannabis DNA Fingerprinting is highlighted at StratCann this week! 
https://t.co/1KjlvNMaI8,"Indonesian Woman Who Died 7,000 Years Ago Reshapes Early Human Migration Theories Theories about early human migration in Asia could be transformed by the genetic fingerprint of the woman who was given a ritual burial in an... #LatestNews by #News18 https://t.co/wXa10cf5Vm","@PerezHilton If I was Gaby’s parents I want to confirm body tattoos, DNA, and dental identification!!  Not just DNA 🧬 these folks are too slick",New article: High-throughput and affordable genome-wide methylation profiling of circulating cell-free DNA by methylated DNA sequencing (MeD-seq) of LpnPI digested fragments https://t.co/abWfP891MI #colorectalcancer #oncology https://t.co/niVF94C9RX,"$CUV $CUV.ax
First Patient Treated in CLINUVEL DNA Repair Study
Fri, 22 Oct 2021 08:58

📈last price = $39.17
💼soi = 49M
💵mcap = 2B
🏭industry = PharmaceuticalsBioTechLifeSciences

co profile: https://t.co/ckzQUFhTzB
chart: https://t.co/3ZGGphVgz4 https://t.co/VOnxk88SQW","Automate your HLA typing🤩
#HLAtyping is an important, commonly used genetic test in diagnostic labs. Learn how to automate it with the ASSIST PLUS pipetting robot, which frees up staff time while increasing accuracy and reproducibility.
Learn more: https://t.co/aWbHzbUaoc",Application of Cluster Analysis of Time Evolution for Magnetic Resonance Imaging -Derived Oxygen Extraction Fraction Mapping: A Promising Strategy for the Genetic Profile Prediction and Grading of Glioma https://t.co/K7Ax4OHmbt,Genetic profiling and biomarkers in peripheral T-cell lymphomas: current role in the diagnostic work-up https://t.co/Gk9kpY36mW
Single-molecule mechanical fingerprinting with DNA nanoswitch calipers https://t.co/IRpqaJHRZt nanotechnology https://t.co/IX1VpQeyKI,"@Alex_A_Simons @Yubico @IBM So, where is Yubikey fitting in between. In my view you are supporting a product which is old. We are in the era of Face ID and Device (phone) detection. Next level is DNA based authentications for highly secure computers. USB with fingerprint is a gone case. Here is my Yubikey. https://t.co/lhUp2DPOwh",yes right you can see how that can be abused genetic blood dna fingerprinting https://t.co/CEHyLEBbLQ,"After watching CSI, did you ever ask yourself how they identify a person by DNA? Or what they are talking about on television when they talk about the “genetic fingerprint”? We wrote up some information about the genetic fingerprint and the scientific basis for it. The blog wants https://t.co/PTHjyvqAmu",@integrityshines @ImmaculateLoo @SurferDood_2021 @Dear_Mr_Putin @willowrose51 @stacyfaddoul @LiLuca77 @tonyserrata @corinne_717 @LouiseMensch @nwinston @Pinche_Pi @duckstreammedia Yeah DNA for identification.

https://t.co/6ziOJ3sdEN,"GENETIC PROFILING 
Although there's big teams of scientists working on it, we still don't know everything there is to know about genetic and certainly ancestral DNA inheritance.",In real life about how long does it take a forensic pathologist to get the results back on high profile DNA testing? 🤔,@IndiasGT2 @dna Even u are typing in english venna,"@memerekim3 @PochaAndrew @74sessions @fitter_knitter @CityNewsVAN everyone with pronouns in their profile scream at GMO foods, but they'll gladly take a vaccine that uses genetic engineering",Genetic profiling and biomarkers in peripheral T-cell lymphomas: current role in the diagnostic work-up https://t.co/iZfaNfV5qM
"#folding money #jigsaw puzzle #folding money #tea leaf #fingerprint &gt;&gt;&gt; These technologies have given us the Human Genome Project, medical genetics, biobanks, DNA fingerprinting, etc. https://t.co/g1sbtyssm2","@Si_G871 @BigBaldDr @drphiliplee1 Actually it doesn't differentiate it is only triggered by heat. Same as a PCR  which ONLY detects SARS-CoV-2. It tests for a tiny fragment of DNA specific to SARS-CoV-2 and not found in other SARS viruses, eg a fingerprint.","@CaitlinAllenPhD @PPHFutureLeader @lspees221 @LaurenPassero @mclarkeroberts @UNCPharmacy @UNCpublichealth Use: "Have you ever had any of the following type(s) of genetic tests?" HINTS options include: (i) paternity testing, (ii) ancestry testing, (iii) DNA fingerprinting, (iv) cystic fibrosis carrier testing, (v) BRCA1/2 testing, (vi) Lynch syndrome testing, and (vii) other",Ever wanted to know what a genetic fingerprint is? Here is your answer 🙃 https://t.co/WRV7fsVHfI,"@YakaDouble @nytimes Teeth are a source of DNA, actually. There are other reasons as well. Source:

https://t.co/e8BiOp4PhU","Published today! Methods for dual profiling of DNA CNV and RNA in single cells. These improve (a) scRNA-seq normalization (b) CNV detection from RNA, enabling study of CNV effects on transcription at single cell level. https://t.co/cDaASnQx0b @PMResearch_UHN @SingleCellMedia",First randomized trial in recurrent grade 2/3 #meningioma shows lack of efficacy of trabectedin chemotherapy. DNA methylation profile is independent prognostic factor. 

https://t.co/Ssn9UYblPS 

@EORTC @sno @wick_wolfgang @sahm_lab @OncoAlert  @MedUni_Wien #btsm,"@JennJonesGA @AriB2783 @SmallHotChilli @kushielx3_sarah @EliseRCook OMFG

It is not a gene

A copy of a gene is not a  gene.  It’s doesn’t reside in the DNA, it doesn’t act like genes act.  Genes make mRNA to encode for proteins

The mRNA in the vaccine doesn’t enter your nucleus

Please just stop typing. This is embarrassing","Does this sound like something you would be interested in? Then this could be the career for you! For more information about being a Genetic Counselor, visit: https://t.co/5XCAMLytlB
.
.
.
#geneticcounselor #gearup #gearupnv #careerexploration #careeroptions #healthscience https://t.co/fUHPMYibFQ",The Diagnostic Value of Genetic Mutation Analysis and Mutation Profiling of cfDNA in Intraocular Fluid for VRL  https://t.co/cP1eQepOi4 #medRxiv
"What if we could identify proteins as easily as we can sequence DNA? Soon we will, w/ DNA Nanoswitch Calipers, created by scientists at the Wyss, @BostonChildrens &amp; @harvardmed. These tools make a unique "fingerprint" for peptides using force measurements. https://t.co/NTscAy9zMR","#folding money #jigsaw puzzle #folding money #tea leaf #fingerprint &gt;&gt;&gt; These technologies have given us the Human Genome Project, medical genetics, biobanks, DNA fingerprinting, etc. https://t.co/g1sbtyssm2",,to help you understand what we are analysing in the lab and build a foundation for future blogs talking about the usage of the genetic fingerprint. It also provides information on PCR and STR and other weird abbreviations 🤣

#fgih #forensic #genomic #innovation #hub #startup,AND 3.) The remains were confirmed based on dental records. Maybe I’m being a conspiracy theorist but IF someone were to fake their death dental records would be the easiest form of identification to swap. Soo just in case I hope LE also confirms through DNA testing.,The authors of this study sought to evaluate the concordance between tumor DNA (tDNA) profiling and utDNA or ctDNA assays using a UBC patient cohort from the intended-use population https://t.co/kuVZIjSPSH https://t.co/aXUNSxRMQ6,Design DNA: tracing the story of the String shelving system https://t.co/UU0xD0i6W6,"@Mio_fancies @PietersenJohny @tillytiny10 @MagdalenaMbute How do I open the space 🤦🏽‍♀️🤦🏽‍♀️cos typing long threads eish. Cos the thing is you go to groove, fuck in the parking lot, khante you slept with an ex murderer, an ex abuser, an ex nton nton. An ex ANYTHING guys. Ku rough out here. So they leave their spiritual DNA inside you nje🤞🏽🤦🏽‍♀️",Thank you to our speakers at the APPG meeting today @alexTLCsupport @karencamsmum and to @LizTwistMP for chairing and helping raise the profile of #rare #genetic and #undiagnosed conditions!,"On profiling our Volunteers:

Pharm.Chizoba Chidiobi is my name. I am a Pharmacist, a Genetic Counsellor, a dedicated Sickle Cell Advocate, and a serial Entrepreneur (Pharmapreneur)

I’m a volunteer with Audrey Sickle Cell Foundation and I currently serve as the https://t.co/CUpFXx6ULA"
"Single-molecule mechanical fingerprinting with DNA nanoswitch calipers: Nature Nanotechnology, Published online: 21 October 2021; doi:10.1038/s41565-021-00979-0DNA nanoswitch calipers can measure distances within single molecules with… https://t.co/GnL3maUaIN | @NaturePortfolio https://t.co/tMNt2FBmJZ","@Rosemar97681868 @WFLAJB @WFLA Usually they want to do fingerprint analysis, dental analysis and DNA analysis. x-rays can also be useful, to identify known fractions, or skeletal features.. one can also look at tattoos, piercings,..",,"@PeachMint17 @ButterflyEm1110 @C64761187 You would probably need a combined electromagnetic and chemical or X-ray or EM system to find the missiles. This though is visual. Which makes me wonder, there are certain genetic code items that light up under specific wavelengths.  When scanned. Its like a fingerprint on organc","@lookner I wager that they went with dental indentification, because DNA takes a lot more material than movies or TV make it out to seem. It takes 250 micrograms of viable DNA at a minimum to make an identification, and requires a family member, or members to provide dna.","2/n

AIT was propounded at the time when most of the technologies were not available (e.g. Astronomical S/w, DNA Profiling, Paleontologist studies). AIT states that Aryan were Europeans who came on horses with 'Ayas' and settled during ~2000 BC.","@kellogsintheam From watching Forensic Files,  I can assure you he wouldn’t get away with it. They can develop a DNA profile from literally anything within a mile of his body, never mind the laser ablation inductively coupled plasma mass spectrometry. As Steely Dan said, “The Man is wise.”",@CIA @007 I met the elderly ladies that lived there circa 1961. Two spy gals from the Chicago DDR/DNA/NSA “typing pool” wanted to take over their home/redecorate. They sent one to the hospital &amp; locked another in her room. We flagged down spies in transit to try to get the old gals help.,""Dramatic change between 2000-2200 BC. A genetic profile, previously confined to Pontic steppes, spread beyond native region, replacing all wild horse populations.
Genome of this horse had 2 striking differences: more docile behavior, stronger backbone"
https://t.co/Fi9SuZObpO",Ricardo Albanus @rdalbanus 
Single-cell gene expression and chromatin accessibility profiling of human pancreatic islets at basal and stimulatory conditions nominates mechanisms of type 1 diabetes genetic risk
https://t.co/Lnr3A8BE45

Thursday talk
5/7
Single-molecule mechanical fingerprinting with DNA nanoswitch calipers https://t.co/0MOUICJBWm https://t.co/ZKZw2420vd,"What if we could identify proteins as easily as we can sequence DNA? Soon we will, w/ DNA Nanoswitch Calipers, created by scientists at the Wyss, @BostonChildrens &amp; @harvardmed. These tools make a unique "fingerprint" for peptides using force measurements. https://t.co/NTscAy9zMR",,"What if all that we'd ever read and all the music that we'd ever listened to, all the dances that we'd danced and all the art we'd experienced formed our unique emotional &amp; ethical genetic creative fingerprint? What would it look like? How would it sound and feel? #FreeThought ♥️",New study analyzing the effect of different DNA Barcode lengths on species identification from a machine learning perspective🧬
(Efficacy of DNA mini-barcodes)
https://t.co/wOP3toVvqH
#Bioinformatics #ComputationalBiology #DNA_Barcode #IEEE_CIBCB_2021,Dont accept partial results! Only comprehensive genomic profiling of DNA and RNA will reveal all potential biomarkers a patient may respond too. Check out our:
Solid Tumor Profile Plus: https://t.co/baWGGAyioP
Hematology Profile Plus: https://t.co/4njGljIwuc

#GTC #DNA #RNA #TAT https://t.co/WBNOpV8wmN,"@Hwang_tuzu Her :i was fan of them before you 
Me :When 
Her :after dna 
Me :ok, i became little before idol 
 Her :who is your fav ? Mine is jk and v littlebit
Me :my bias is also v 💜 but god hobi side profile is so preety 
Her :i dont like hobi and suga and rm 
Me : haha 😒 are you done🤨",Brandon 
Let's go 
Brand On - Mark 
Br and NO 
Bromine and nitric oxide 🤨
Letting go of 
Cheers 
Think typing again 🤔🤷🏼‍♀️
No DNA rb 
Dan born https://t.co/0ZMgz2AtZX,Why does #lupus develop differently from one person to the next? New research suggests your genetic and autoantibody profile may be the key. 

Read the study. #LupusResearch,"Implications for #GeneticTesting in #UrothelialCancer. @sonpavde @DanaFarber  and Maria Carlo, MD @sloan_kettering join @PGrivasMDPhD @UW to discuss recent publications on germline testing and genetic profiling. #WatchNow on UroToday &gt; https://t.co/pvP5bN9DyV @SeattleCCA https://t.co/7qEVmYab9h"
DNA fingerprinting #taro: The 'food of gods' @uq_news https://t.co/TWSKhpH2vV,"Take science learning to a new level this fall with Junior Scientists: Forensic Fun 🔎 Spend your Sunday mornings with us during this four part, 90-minute broadcast where you’ll learn all about DNA extraction, fingerprint identification &amp; more 👉https://t.co/hyMOnxEAiD https://t.co/orXMCSh4y9",,"US Inspectors, military from other countries use me as a genetic poison or not? They have money to rent the house so they can collect my DNA, fingerprint to produce scientific weapon or not? I doubt that white Muslim she use the head of all to set me up or African.",""And I can tell you that they are heartbroken," Bertolino told Cuomo. - PLEASE. They raised their son to be a fucking murderer, and to abuse women. Boo Fucking Hoo for them. I still want DNA - I don't trust a "dental" identification. AT ALL.",@demarionunn Roddy's law - the mandatory registration and DNA profiling of dogs. Any dog shit not bagged up and disposed of properly will be DNA tested and posted through the letterbox of the registered owner. Or smeared over their windows.,@MarinaSaveTheUS @Greg_Faltin @BrianEntin It does. Water exposure degrades  DNA. That gives them less intact DNA to extract and test. It can also result in an incomplete DNA profile. They are probably running multiple samples using different methodologies.,@urkagurka @CanadaCrypt0 @DrTomFrieden Every single human has a different set of DNA typing,TENS in OA knee (N=75) - but interestingly looks at genetic profile of responders + non responders. Looks like there might be something in it?: Govil et al (2020) Eur J Pain 24(2): 398 https://t.co/f7wpmnI2Wi,"Could this be a way to fund my work? 

Dear Twitter, I am selling excellent, tested, mostly organic, very vaccinated carnivore lures.$10/ml.
All funds donated towards genetic profiling of spotted hyaena
#GoFundMe #CreateTheDemand"
@3DCableFrEE @epiCCodingNET @MerriamWebster clot-buster | crate train | cremini | cria | date-rape | d-bag | death metal | delta virus | desktop publishing | detectorist | dialog box | digital subscriber line | DNA fingerprinting | drop-down | earbud | EGOT | emailer | FedEx | fluoroquinolone | free solo | French pedicure,@ExoAcademian @TOEwithCurt context here was that DNA (hypothetically) would be something of a "fingerprint" which is capable of standing the test of time in a way that leaving an obelisk or other material object would not.

this had overtones of being factual rather than speculative 🤷,,,@tamara_hurt @FBIDenver @FBITampa Did you ever take science in High School. They teach this stuff. Even shows on TV show how DNA identification works. The FBI wouldn't be helping him. No reason for them to do that.,The authors of this study sought to evaluate the concordance between tumor DNA (tDNA) profiling and utDNA or ctDNA assays using a UBC patient cohort from the intended-use population. https://t.co/wrkI3Oc5W6 https://t.co/sitZ4KVzgC,"Residential greenness-related DNA methylation changes https://t.co/hiS3ynlskW - great from @SwissTPH  arising from SAPALDIA &amp; @AlecStudy - correlation between residential greenness and blood #methylation profile suggests  health impacts via allergy, stress, or behavioural changes",@emilybalcerak @SuperStraightWM @frenfarAway @JolieVieille @aintyourbud @ElectionLegal You're typing on a computer manufactured with slave labour and a bevy of human rights abuses. Racism is genetic. We feel a kinship with beingswho have a more similar genetic code. Lewantin's fallacy if you happen to mention typical nonsense about black white DNA similarity.,Genetic Profile of Endotoxemia Reveals an Association With Thromboembolism and Stroke #HelsinkiHealth #tutkimus #tiede https://t.co/0ss1giIs3f,#GINA I'm sure there's good practice to build on to protect the rights of humans against genomic profiling by insurance companies

Newsroom: Genetic discrimination in NZ insurance undermining research.
https://t.co/LlYrD6acER
#UQ researchers are DNA fingerprinting Taro to identify salinity tolerance traits which may boost food security in the Pacific region. 🍠 https://t.co/iowZ8olGYk

@UQ_News @UQscience @DAFQld @millicent_smith @Godwin_UQ https://t.co/v0gErcoYTO,The way we experience love is unique to everyone. Like a fingerprint or strand of DNA.,,,@WFLAJB Some people are questioning DNA identification.
Richard III died in 1485. His remains (bones) were discovered in 2013. DNA was extracted and used to ID him. If 528yr old DNA can be isolated from bone I think they can isolate DNA from a few weeks ago.,"@LukeJSmith33 @AFLcomau Is it similar to AFL WADA mandate?  "directed by WADA pursuant to the monitoring program described in Article 4.5 of the WADC; or to assist in profiling relevant parameters in a Player’s urine, blood or other matrix, including DNA or genomic profiling;"","@reelistreview @JSavve @ScienceWDrDoug Better than DNA vaccines?   I beg to differ, both in safety profile and efficacy.",,"thinking deke shaw could possibly be an LMD, I ran a genetic profile to see if he was biologically linked to anyone.
and it came up with a match?
no. It came up with two.","@Crisalba60 reducing2genetic, cellular, molecular, genetic design feels like eugenic profiling in my book, when in reality, pre-disposition, mentioned in article, is more often2do with multilayered contexts/experiences that near crown emergent psychological potentials through transitions🙃😉"
DNA fingerprinting the ‘food of gods’.

Taro is under threat from rising sea levels but wild Australian plants being cultivated by #UQ may help boost food security in the Pacific region. @millicent_smith @Godwin_UQ
@QAAFI

https://t.co/o1VqWMjwG8 https://t.co/IsRYsMiADq,@Carrie32794279 @summerlinauthor @BrianEntin New or old if it's dipped  water it counts as old. It should have his fingerprint or DNA in them notebook.,,,This will complicate things like manner and cause of death but DNA matching will still happen along with other methods of identification. https://t.co/eCpOyRlMfV,"Beware of this Winter!!! | Tom Hughes W/ Monkey https://t.co/nGTcb5VKOD via @YouTube DNA mapping profiling personal lives, now monitor buying and selling.","@I_am_lea_5 Well luckily the FBI already have the DNA profile from being at the house earlier. Shouldn't take long to ID the body if they can't do fingerprints. At most, in a week we will know. Short time, probably within 48 hours. They prob already know but have to confirm.",,Since melanin preserves genes better than non-melinated people that would essentially mean it's probably easier to see what we are based on our genetic profile than it is edom.,"reducing2genetic, cellular, molecular, genetic design feels like eugenic profiling in my book, when in reality, pre-disposition, mentioned in article, is more often2do with multilayered contexts/experiences that near crown emergent psychological potentials through transitions🙃😉 https://t.co/mE2u92aL9X"
#DNA fingerprinting 'food of gods' 
https://t.co/TTloRUWn31
#Agriculture #Australia #Australian #Biosecurity #Fiji #Groundwater #Innovation #Millicent #Pacific #Production #Professor #Queensland #Samoa #University #UniversityOfQueensland https://t.co/px6u4TUncx,"@CarryBr63438066 @pendulumatrest @FoxNews They can't say definitively if they belong to him until a DNA test or fingerprint analysis is completed. This is probably due to decomposition. As for the term "Partial Remains", it means that one or more parts of the body were unable to be recovered.",,,@johnparkerz @BrianEntin Since dna is now being obtained from ancient hominids at times there definitely will be no impediment to dna identification of these bones.,Just finished watching #codeofakiller  What a fantastic discovery by Sir Alec Jeffrey with DNA profiling. David Threlfall and John Simm portrayed their roles brilliantly #welldone #dna,"Do you enjoy biochemistry? Do you like investigating molecular machines? Do you like to work on a high profile human DNA replication project involving chromatin? If so, please DM me, we have an exciting job for you :-)
https://t.co/8yD9wUQKD7",,@ricis_angel Absolutely not. This is dangerous and poorly wielded science. Nutrigenomics can not (yet) assign you an individual nutrition plan based on your genetic profile. So reckless and so frustrating,Our team retrospectively analysed 202 #UvealMelanoma px cases (largest UM dataset in 
🇦🇺!) to characterise the relationship between certain mutations &amp; disease progression + prognosis of UM in px using cytogenetics and molecular genetic profiling of UM tumours  #SVCRS2021 2/5
Eureka moment that led to the discovery of DNA fingerprinting https://t.co/UDynSJzDqW,"Our DNA, eye iris and fingerprint confirm that despite being part of the collective human race, we have found personal individuality. Our unique form of meditation brings you from individuality to universality Face-2-Face or online courses - @ https://t.co/zdQrNtYekw https://t.co/sDXMLB1PnC",,,@MoRegan18 @BigAmish704 @WFLAJosh @NBCNews Thanks for this.  I imagine dental identification (if present) &amp; DNA will be very important in this too.,sciCNV: high-throughput paired profiling of transcriptomes and DNA copy number variations at single-cell resolution https://t.co/WI1OcuyL8S @Dr_Rodg https://t.co/OzclMhWV8q,Researchers demonstrate that #microtubule inhibitors suppress #p62 activation as a mechanism for increasing DNA transfection efficiency and provide solutions to increase efficiency.

Check out this Editor's Choice article in Genes to Cells: https://t.co/FoaIfQi5J7 https://t.co/wntul1INGx,,A personalized nutrition plan based on genetic profile improves outcomes of facial regeneration with Platelet-Rich Fibrin liquid matrices
https://t.co/3w9V33pHgZ 
This study aims to assess that a personalized nutritional plan benefit to platelet-rich fibrin facial regeneration. https://t.co/aITEQSvOGF,On week 5 students carried out a paper based DNA profiling activity to match the genetic fingerprints of a DNA sample to a missing persons database. Our victim was confirmed as Miss Grey https://t.co/dbCHXr6wiL
DNA fingerprinting technology should be widely available to Bitcoiners.  It should be illegal to cost so much.,"@dickius @Oneironautilus @DrilllKnight @impliedChoppy Fingerprint &amp; DNA evidence isn't perfect but it is very reliable, unlike what this tweet says (fingerprints ARE unique due to randomness,dna unreliability can be easily mitigated). Eyewitness however is not reliable at all, assuming you're not being sarcastic.",,,"@AbbarnoAngela @BrianEntin They use teeth also, dental records can also help in identification. This is 2021 there are very significant advances in dna verification.",sciCNV: high-throughput paired profiling of transcriptomes and DNA copy number variations at single-cell resolution https://t.co/vr1L3bWNnL @scell_papers https://t.co/7I7gXKABz4,GIVEAWAY $800 ~ (4 WINNERS x $200) PART 5

- retweet &amp; complete task below

1) change your profile picture to the photo below until the giveaway is over
2) go to https://t.co/cDnVK67bdV
3) go comment “Check out $ELON now!”
on most recent 3 tweets + post proof

end 7 days. https://t.co/0Fa3LqD1CZ,,Midnight 76 @midnight76music https://t.co/WpJu7TyYAA - Just Another Animal (Genetic Lab),[patent] @GeneticAnalysis  receives an important #patent allowance in China.

✅ “A METHOD FOR DETERMINING GASTROINTESTINAL TRACT DYSBIOSIS” covers GA’s unique algorithm incorporated in the GA-map® technology for profiling #gut #microbiota.

➡️ read: https://t.co/2SOCp6ipT0 https://t.co/yzdDMM7spD
"@MollyJongFast Or the simple act of gathering facts in a crime. Or investigating with the evidence gathered. If they can't trust the scientist who gathered the vaccine facts for them, why would they trust the DNA facts, the fingerprinting facts, the ballistic facts, the hair and fiber facts?",#PoliticsLive -Sir David Ames RIP mortally wounded - scene contained cordoned off log commenced- a suspect was immediately arrested contained providing no threat -emergency services contaminating original scene as a priority preserving life-Priest log DNA Clothing Fingerprint,,,"@robbhendrickson @leisa1979 @BrianEntin It seems that we’re talking about 2 different things here. One is whether or not they will b able to make an identification. The answer to that is: yes, even on dental records alone along w/ bone DNA analysis. The other question is: length of time body has been there. 1/2","@BreesAnna Also they already announce the next steps. They are not hiding.
WEF proposed the vax mandates, passports and scanning everywhere in July 2020. Now they "propose" blood samples and DNA profiling to live! Can tell you 10 excused to impose it by April 22
2/2
https://t.co/rXIYRCLeg2","@BrianEntin More like "rule out" 
as in rule out any person whose DNA profile is already available but doesn't match. 
ME can't "identify" without significant existing reference material (such as dental records, DNA, etc.).",,Genetic Profile of Endotoxemia Reveals an Association With Thromboembolism and Stroke https://t.co/iZLzPQ47cr,"@Ed_d_ie @LakotaMan1 Hi, something to consider. Ancestry and 23ME are not reliable sources. They do not enough quantitative samples from Native Americans, their databases have significantly more European and African  genetic profiles. It will improve with more Native dna profiling, need more time."
"Here’s another: Our Forensics class designed their own “murder” crime scene, then walked guests through fingerprinting, blood spatter analysis, DNA, and behavioral analysis to figure out “who did it”! @OdysseyOLA https://t.co/z6fdlCjitg https://t.co/NIJpAa0b5D","@PresentsJam literally no one has any evidence of anything at the moment. A fingerprint, no, DNA, no or even some trace evidence, no. But Freddie looks dodgy boom boom boom.",,,@Italia8181 @Gabb3Gabby @BrianEntin @Nerdy_Addict When they obtain a positive DNA analysis are you going to move the goalposts to claim the police are in on it or that DNA identification doesn't work?,World Economic Forum is after our BLOOD ! 
What then ? DNA profiling for insurance/jobs etc ? https://t.co/NB6Q8yEzfT,"After 4 years of tenure-track, a førsteamanuensis position with my profile (environmental DNA and metabarcoding) is open in @UiTGenetics.
It's an open (and fair) competition, so anyone interested is welcome to apply for it. Deadline: 9th November 2021! 
https://t.co/o1hjGQFrEy",,"@abledoc @ArainGang possible but imo unlikely. at some point the paper with the dzundna samples will be published, but it looks like the west asian genetic profile was around before LGM in western near east (the west-east division in this model is due to paleosiberian influx to the east)",PubMed_ Genetic Profiling of Cell-Free DNA From Pleural Effusion in Advanced Lung Cancer as a Surrogate for Tumor Tissue and Revealed Additional Clinical Actionable Targets https://t.co/2p4UkPThXj
"M.Pharm, https://t.co/M0iAQQ5rrQ or Ph.D. Recruitment at Centre for DNA Fingerprinting and Diagnostics (CDFD) https://t.co/IEtUUj6Qjx","@IanMCalvert @AkwyZ @dcallahan2 @dez_blanchfield @imoyse @NigelTozer @nigelwalsh @NevilleGaunt @robmay70 @sarbjeetjohal The complaint is valid
When your #password is compromised you can reset it. When your #biometric identifiers (#DNA, #fingerprint, face) are compromised you cannot. So if schools and firms don't protect it effectively, you could be open to ID theft for the rest of your life
BEWARE",,,PCR test - Population Cloned Race

DNA - Database New Allien 

COVID - Cloned Original Virus Identification Date

GOD - Ground Original Date

MARS - Mother Allien Race Soul

@elonmusk,@Kukicat7 The same people in July 2020 proposed the vax passports and scanning to on all life activities. 
Now they want blood sample for DNA profiling. Last time heard about mandatory DNA profiling was on a country which is harvesting organs and selling them.....,@Bird5Ca Fits the Liberal DNA  profile.  Corruption,,"The multidisciplinary team at #ClevelandClinicAbuDhabi is conducting three studies that are set to provide insights into the awareness, genetic profile, and demographics of Emirati women with breast cancer.

Read more at: https://t.co/YQcaXV4aO7 https://t.co/1VTWFo5v6F",New article: Genetic Profiling of Cell-Free DNA From Pleural Effusion in Advanced Lung Cancer as a Surrogate for Tumor Tissue and Revealed Additional Clinical Actionable Targets https://t.co/o8trCAUCiS #lungcancer #oncology https://t.co/BoCIwELkpi
If you ever get the chance to watch the two part drama Code of a Killer don't miss it. It's about the true story of how DNA fingerprinting was used for the first time in the 1980s to solve a double murder in England.,"@CHRISTINAMCLAR1 @yona1959 @Grouse_Beater Schools retaining fingerprint identities of innocent children, only criminals have their fingerprints, DNA swabbed and mugshots taken. Did the teachers have their fingerprints taken, DNA swabbed and stored in a publicly accessible database?",,,"@someshadydame @kendallwi @BrianEntin The article seems to focus on DNA samples used to prove crimes ie. semen, blood… I’m not sure how this relates to body identification. Surely it can be faster to rule someone out, no? I assume the sample went out yesterday.","@JoshuaBaer DNA profiling to identify old varieties of crops and fruits to create new clones. Then, look for new areas to cultivate due to higher temperatures, diseases, etc","According to TMZ, prosecutors asked the judge to force Melly to submit a DNA sample via oral swab. — In requesting the sample, prosecutors are trying to match Melly’s DNA profile with one of three potential DNA profiles found on a yellow jacket which was collected as evidence.",,@_TheChuck_ Oooh since you have your DNA 🧬 profile now you should totally upload it to #GEDMatch to help catch serial murderers and rapists through genetic genealogy!!!,Genetic Profiling of Cell-Free DNA From Pleural Effusion in Advanced Lung Cancer as a Surrogate for Tumor Tissue and Revealed Additional Clinical Actionable Targets https://t.co/eudBmZlubP https://t.co/mlB3W1eFaG
Love in the Molecular World: DNA fingerprinting to halt forest crime
By Ken Hickson for Focus on Forests 
Love at first microscopic sight. That’s definitely one way of describing how Dr Arif Malik felt about getting his first job. …https://t.co/GXP7b7OXRs https://t.co/6BgxXN9s5l,"@unit2plus4 I thought the manager was ruthless and showed players the if they didn't fit his plans or the UTD DNA, Culture, fingerprint etc 🤷",,,"@BrandtBrickell @J4JJOK @john_okcfop @YouTube Actually, you are wrong. Dna has long been held as reliable identification since 1983, providing the protocols are followed. You do not have my expertise. Be better keyboard warrior.",New article: sciCNV: high-throughput paired profiling of transcriptomes and DNA copy number variations at single-cell resolution https://t.co/z6E7EBLKuR #MMSM #MultipleMyeloma #hematology https://t.co/qeuTQYMtJ2,"@nle_golf I just wanted to be a smart ass. You're more than right about the DNA tests, especially since it's so high profile. His parents' role strikes me funny is all. They were there earlier and helped him, but now they're cooperating? Just seems strange.",,"@PumpkinPerson2 You probably don’t believe in natural immunity either but God created you in His image, strong enough to fight off a 99.9 survival rate flu but go ahead and change your genetic profile and go against Him. Hope for the best in a year. ✝️",
"MPharm, MSc or Ph.D Job as Consultant at CDFD - Government of India Job | Consultancy fee 75,000 pm
https://t.co/OuK4BINy7Z https://t.co/BHCTrR01dM",@slpng_giants @Facebook Kind of like when a burglary suspect starts tweeting about the unreliability of fingerprint and DNA evidence.,,,"@j_b_mcgee @PursuingMciver @CoffindafferFBI Ahhh ok that’s so interesting!!!!!!! Adds a different spin to what I was saying so I’m a bit off in my understanding of why, but for identification of male XY remains, there’s a larger family circle of DNA to pull from. Fascinating.",sciCNV: high-throughput paired profiling of transcriptomes and DNA copy number variations at single-cell resolution https://t.co/JsgEmqxFcp #bioinformatics,"@BekkaF @BrigeDanielle @BrianEntin Of course. I was just offering that as an explanation to the question about why they could tell the public it was most likely gabby, the same day they found her and not Brian. Obviously they wouldn’t have a DNA profile established on the remains within a few hours of finding them",,"I was seven months pregnant with Mila when I was handed this image of her profile. Her tiny nose, her mouth, her chin. At that time, I had no idea that she had a genetic disease and the effects of it may have already begun to take place... https://t.co/2Ap3pwcTEy",
@Gray_just_that @mx_etana @nytimes It wasn't required then and STILL IS NOT REQUIRED if identifying data isn't collected.
Advances in DNA fingerprinting &amp; public genome databases complicate that but we're talking about 1951.,"@egdeaile_writer Oh, I believe the science of it is real, but how real is the simplicity of leaving it behind is real. Shows lead us to believe that a perfect fingerprint is left behind on something that would be obvious could not be left behind. Or DNA left behind, stuff like that.",,,"@MarinaSaveTheUS @heyitsmae515 @DStorm0161 @AshleyNicole_23 @BrianEntin There was no need to do DNA for GP identification since it was done by other means (I believe visually by parents). The LE did take DNA from her body for (criminal) analysis, but this was not to identify her (which was done by ME).","“here we performed multiomics single-cell profiling—integrating DNA methylation, transcriptome and genotype within the same cells—of diffuse gliomas, tumors characterized by defined transcriptional cell state diversity.” https://t.co/CyZ67d34DV",@c4crypt0 @updatesoncrime Wouldn’t they still be able to run a DNA profile on any remains?,,"Three studies are underway at Cleveland Clinic Abu Dhabi, with the aim of offering insights on the awareness, genetic profile and demographics of Emirati women with breast cancer.

https://t.co/TedSrxjFov

#pinktober #breastcancer #AUH #health",
A powerful documentary that concluded on ITV tonight and the eureka moment that led to the discovery of DNA fingerprinting https://t.co/XfXKL7AaU4,"@EmmaKennedy In an unrelated tweet, anyone know how to remove fingerprint and DNA evidence from a crime scene?",,,"Take science learning to a new level this fall with Junior Scientists: Forensic Fun 🔎 Spend your Sunday mornings with us during this four part, 90-minute broadcast where you’ll learn all about DNA extraction, fingerprint identification &amp; more 👉https://t.co/hyMOnxEAiD https://t.co/orXMCSh4y9",@clarencehilljr Cause you can’t both compare your symptoms from the virus being vaccinated and unvaccinated… demographic data is statistical analysis (which is racist -profiling-) and doesn’t/can’t account for DNA susceptibility,"Study of DNA repair boosts prospects for gene editing technology: Researchers have developed a new method to profile the activity of cellular genes involved in correcting DNA damage, and applied this method to pave the way for dramatic improvements to… https://t.co/25fmkBjkqB",,"@mshavisham @AliceKing69 @melJsaysso @nocturne_127 @literally_chad Fails on the second count, down. There is obviously another body involved, that individual having a demonstrably separate and distinct genetic profile from its mother, with genetics appearing entirely distinct from any the mother's own body is capable of producing.",
Fantastic programme. Extraordinary that DNA fingerprinting was only invented in 1984.👏🏼 #CodeofaKiller,Fingerprint is the DNA of the 21st century.

#accuratebiometrics #minutiaealgorithms #fingerprintsensor #minutiacards #fingerprint 
#AskPoojaHegde #BoycottFabIndia #High5StockGro #ShameOnUnacademy #Suga #Diwali

https://t.co/E8s9z0RdUK https://t.co/lCqtb7UL4f,,,Impact of BMI and waist circumference on epigenome-wide DNA methylation and identification of epigenetic biomarkers in blood: an EWAS in multi-ethnic Asian individuals https://t.co/pEIIrG0gkp https://t.co/TWPpNFPZVx,@FraiseAdam @janemerrick23 I would not have expected better from a gov that has done exactly this multiple times. It will be a company linked to “ friends “ of the gov. With DNA profiling as well - the gov get the “ benefits “ it’s called Tory policy. #indynow,Study of DNA repair boosts prospects for gene editing technology Researchers have developed a new method to profile the activity of cellular genes involved in correcting DNA damage https://t.co/x0lmZpqHeI,,Selling my genetic profile as an NFT.,
Professor Sir Alec Jeffreys. 
Code of a killer on itv has got me gripped and is a "must see". One mans determination changed the future of investigations through his discovery of DNA fingerprinting.,How is a genetic DNA blood fingerprint different than a fingerprint from your hand?

 If used for identification purposes only? 

#CriticalThinking 

#GeneticGenealogy,,,Enzymeless DNA Base Identification by Chemical Stepping in a Nanopore @UniofOxford @OxfordChemistry #DNA #nanopore #Nano  https://t.co/gqbiLPNRjx,@sc_wadsy @PaxPlebiscite @Aonghas1903 @Tricky9993 1973 Stephen Downing
1975 Stefan Kiszko
1983 DNA profiling

DNA profiling has revolutionized forensic science and is improving all the time. If you want to continue living in the 70's that's up to you.,"Study of DNA repair boosts prospects for gene editing technology: Researchers have developed a new method to profile the activity of cellular genes involved in correcting DNA damage, and applied this method to pave the way for dramatic improvements to… https://t.co/bZG5bgGGqL",,"As a matter of fact, I can prove it

Here's my receipt

I'm half-Irish, half-Jewish (Ashkenazi), and my genetic profile is 33% MENA. Lebanese Druze were also in my top 3.

Piss off https://t.co/zoIq5sZUYd https://t.co/LemT1elaFk",
Excellent show on itv now #codeofakiller recommend watching on catch up if you can. Alec Jeffreys and his dna fingerprinting breakthrough for the justice system (and beyond). 🧬,DNA is a genetic fingerprint. So it's the same as regular fingerprinting.,,,"@lolavsthewrld @raymanbernardo @rocannotstop @WFLAJosh There are gators, snakes, feral hogs, and other scavengers in that area, and it's highly likely some animal has made it impossible to be 100% accurate in the identification without DNA tests.",@guardian There is nothing ethical about this at all. What next DNA profiling... They are not criminals.,🐕🦮🐩🐕‍🦺  Ahoy is a 1 year old Male Husky/Shepherd Mix - check out his DNA profile!  Adopt this sweetheart for $25. Contact VVPAL by phone or email and set up an appointment  🐕‍🦺🐕🐩🐕

#WoofWednesday #AdoptDontBuy #adoptdontshop  #cbhomesource #realestate #doggydna #vvpal https://t.co/qduCHOKFE7,,@ZealouslyQuoted @HotuHat Ashkenazim have a genetic profile which is 40% to 60% levantine. The rest of "Ashkenazi DNA" is typically gentile. So a 99.5% ashkenazi result would mean 60nto 40% of that was "gentile" whether they eventually converted or not,
@atvfriend @ITVBe @OfficialRHOCH Second part of Code of a Killer on STV. At least I think it's the second part! True story of discovery of DNA fingerprinting and its use in catching double murderer Colin Pitchfork. Recommend catching it on the player. Have a nice night ☺,"If they fingerprint &amp; do psych exams for cops &amp; FBI agents when they start employment, submitting DNA is the same thing.",,,"@AneThrope Bones are one of the best sources of DNA, and depending on what kind of remains..teeth are also used for identification",Thinking about million+ possible outcomes under the interactions of host genetics (very complex) x gut microbiome (constantly changing) x environmental factors (extremely dynamic)... 🤔 that's why I am still hesitant to try out DNA and microbiome profiling (maybe one day I will!) https://t.co/JAvYnPnuzy,,,Why does lupus develop differently from one person to the next? New #research suggests your genetic and autoantibody profile may be the key. 

Read the study. https://t.co/oDwqszgOK0,
DNA is a genetic fingerprint. So it's the same as regular fingerprinting.,@topsbycop @kennedyBrooks26 @GovStitt @Jeremiah_Hall27 Unfortunately you should reread the same transcripts. You have retold &amp; misrepresented the facts horribly. No DNA evidence is given by the State from inside Howell`s Suburban. A fingerprint of Julius' on a receipt in Jordan's Cutlass must be the DNA you are confused about.,,,"@PNav57 @LadyJayPersists Wouldn’t they DNA test the remains to verify identity, or would parents identification suffice?","Family DNA Profiling: The Gift That Keeps On Giving
This process requires the use of complex and sophisticated DNA testing and profiling, known as familial DNA profiling or family DNA profiling. 👉👉 Call us on 1800217217 https://t.co/osXV9wDCFT

#DNAProfiling #DNAFingerprinting https://t.co/j0WDg4oh0Q",,,@seahawksfan2314 I assume it's the taste right? I can't imagine anything else that might dissuade you. I guess somebody with a certain genetic profile might find white bread slightly sour.,
"If you're in the UK, the brilliant #CodeOfAKiller is being repeated tomorrow night, about the invention of DNA fingerprinting &amp; its role in catching &amp; convicting a double murderer, but also in preventing a miscarriage of justice.","@jay_snowdon @_ben_m_h @BamberHim @Kdoc321 @beaubeau888 @mwilliamsthomas Fingerprint on the gun, dna of sheila found in the moderator. Sheila was laid down, nevill shot upstairs &amp; couldn't have used the phone. Bamber saying nevill called him when he didnt. What part don't you get? Lots of evidence 👀",,,"@VABVOX They found human remains, and they'll be able to run DNA analysis on those remains, against the DNA of his parents, to make an identification.",Functional single cell proteomic profiling of cells with abnormal DNA damage response dynamics 

https://t.co/JJNoY3H1x4
 #biorxiv_bioE,,,What a wonderful profile of our friend @DrewEndy- not to be missed! His vision for bioengineering: “To create a planetary-scale civilization that harnesses bioengineering to flourish in partnership with nature…”
By @HanaeArmitage

https://t.co/GDNUTVYgzC,
"@BasedClub_Co @DeCredit001 I realized that Decredit uses a off-chain data storage plus on-chain DNA fingerprinting, so can you tell us why did you chose use this mechanism instead a typical on-chain model?","Escribo para el orto, as usual.

That's my DNA fingerprint.",,,@Real_IanScott Interesting yes..
However I'm holding my reserve until we hear of concrete DNA identification and the quantity of "remains" found.,"⬇️ Informative ⬇️  Caris’ cNAS molecular profiling assesses all 22,000 genes across DNA/RNA from blood, which are unique to an individual’s cancer, revealing a molecular blueprint in order to guide more precise and individualized treatment decisions #WTD @OncLive 🎯 See It All 🧬 https://t.co/IcztpWag21",,,@Theo_TJ_Jordan Don't forget the blood drop sample for the WEF/Gates health pass system that's likely going to be adopted internationally.

Look at what Big Tech has done with your social media data. What could go wrong when they have everyone's genetic profile data?,
Anandia's rapid cannabis DNA Fingerprinting is highlighted at StratCann this week! 
https://t.co/1KjlvNMaI8,"After watching CSI, did you ever ask yourself how they identify a person by DNA? Or what they are talking about on television when they talk about the “genetic fingerprint”? We wrote up some information about the genetic fingerprint and the scientific basis for it. The blog wants https://t.co/PTHjyvqAmu",,,"@phiilbin Yes, and Stenton‘s team made the first identification by DNA earlier this year. They are asking for all expedition descendants to come forward.",Functional single cell proteomic profiling of cells with abnormal DNA damage response dynamics  https://t.co/pyl8jSxV4k #bioRxiv,,,"@colemarisa49 @JohnOz1900 @Anvndarnamn5 @Andrewemcameron @RelampagoBlanc2 @IngersolRobert @0Sundance @Tangomitteckel @FiendInno @somebodystop_me @91996340e81d45a @GregTruman4 @ZombiePiano @DPBeachNY @fishyfish67 @KCTaz @Awesomelyautis1 @jwickers @B_Bolshevik100 @Cole44749821 @RemCent @DeplorableNinny @Mark_A_Lunn @BridgetHolmstro @Jaisans @ammocrypta @flyonthewall182 @Jamz129 @MATTP1949 @DK25769559 @Tragic4Libs @CallMeBlaise1 @joetheatheistp @OfReason23 @aSinister @Willard1951 @FChecker76 @richardwakelin3 @25_cycle @Climatehope2 @BubbasRanch @GeraldKutney @MikeDel21893959 @TheDisproof @DigitalPsyche @WeaponizedPatr1 @Birthday_Chris @davidyoung13 @SimonGr41594862 @ClimateCatastr3 And I'm sure none of these people would object to having their entire genome sequenced to identify genetic markers of disease, and the DNA profile stored indefinitely.",
"If you are interested in learning more in-depth about DNA fingerprinting, join us in our 3-day workshop to learn #genetics basics, the principles of DNA fingerprinting, and its applications and case studies.

Register Here: https://t.co/xkpFtCIf80

#Medicolegal #DNASequencing",@stevelawsreport But do they fingerprint them and take their DNA when the are escorted in by their boats and the RNLI. They apparently have no papers so how do they keep track of them?,,,9/  IMO.  There are multiple "#mindreading technologies".  The device is not essential for the target person.

In "identification and tracking" to the people.  It seems that there are cases where "DNA resonance" is used.
https://t.co/oiJAHnFDfS,@edwardpoole1975 @ScotRThomson I'm aware

Excluding pre-existing conditions
DNA profiling combined with lifestyle will supply masses of data to actuaries to price you and I in... or out - price ration

Then there's co-pay
&amp; Repoman if we misstate some detail 

We are talking control vs freedom

Best not lose https://t.co/rzfDAMqfFy,,,"The only desert in India is the Thar desert in Rajastan and ironically, the people who live there are considered aryans according to their genetic profile, so you swung and missed https://t.co/V8EFHa7RHs",
"@FeministRoar @Frances_Coppola @lnmackenzie1 Standard practice on processing after arrest (in my experience) is fingerprinting, photos &amp; cheek swabs. The cheek swabs are processed for DNA which is then entered into the the national DNA database to check for links to previous crimes.

Guess what DNA can tell us?","@YouNetflix @PennBadgley Joe:LOVE 
@JohnStamos #DocNicky:u&amp;7billion other people on thisPlanet.If we understood love,I´d be out of a job.I have to say,It´s sort of uniqueTo everybody,like a fingerprint or..a strand of DNA orThe song u lost ur virginity to."HUNGRY LIKE THE WOLF"
@YouNetflix https://t.co/JFFwfXxnH5",,,#Oncology #Genetics #Boinformatics: scientists propose a novel method for classifying the mutagenic mechanisms involved in tumorigenesis. The method could facilitate the identification of mutational signatures associated with DNA repair deficiency - https://t.co/4chOzw4a2E https://t.co/GelpDapl7C,"@edwardpoole1975 With AI, DNA profiling and lifestyle tracking via wrist band and saliva / blood tests the basic model can be revolutionized 

People can be predicted &amp; cured before major symptoms! 

That's either for wealthy &amp; people working for big companies, I.e. of use to capital

Or for all?",,,"In this large prospective cohort, even though the observed effects were relatively modest, both phenotypic and genetic analysis suggested that higher habitual coffee intake may contribute towards an adverse lipid profile.",
yes right you can see how that can be abused genetic blood dna fingerprinting https://t.co/CEHyLEBbLQ,@anomlptr @goodreads but is murder still easy with DNA and fingerprint and all that? asking for a friend.,,,"@MiekoGavia @G1Gusty @burnedoutITchic @dionnewarwick It makes sense on the cop shows. If a body is badly burned they cannot do DNA identification, just teeth or if they're lucky metal implants.https://t.co/XsNc8XYuY6",New #LiquidBiopsy study in @Clin_Chem_AACC -  large pan-cancer cohort + retrospective analysis of corr btw DNA input and sequencing success. We need diverse technologies that address all sample types so every cancer patient can access molecular profiling.
https://t.co/QFnTWCTYQu https://t.co/ASgFeRPiLc,,,"If we can focus on right diet suitable to individual's genetic profile, then definitely we can improve our gut-health and in turn, will help us improving our 'feedback mechanisms'.
.
.
.
#SportifyGlutenFreeFlours #SportifyGlutenFree #Sportify #GlutenFree #Multigrain #Multipurpose https://t.co/kp0SouSFk9",
"@CaitlinAllenPhD @PPHFutureLeader @lspees221 @LaurenPassero @mclarkeroberts @UNCPharmacy @UNCpublichealth Use: "Have you ever had any of the following type(s) of genetic tests?" HINTS options include: (i) paternity testing, (ii) ancestry testing, (iii) DNA fingerprinting, (iv) cystic fibrosis carrier testing, (v) BRCA1/2 testing, (vi) Lynch syndrome testing, and (vii) other","@markwbudde Our core mission is to use #blockchain to protect people’s #DNA datasets against misuse.  Once “tokenized” (96 SNP fingerprint) individuals can grant “tokenized” permissions to authorized parties only.  These tokens (#BioNFT), can be revoked by owner only. https://t.co/7TJKlbwWS2",,,Enzymeless DNA Base Identification by Chemical Stepping in a Nanopore https://t.co/IOupKPaNWg https://t.co/jmhhvUpqeW,DNA methylation-based profiling reveals distinct clusters with survival heterogeneity in high-grade serous ovarian cancer https://t.co/of0wUReKKj,,,"@hiskia_jager As pet lovers ourselves, we never like to hear stories like this. Unfortunately just like humans, all cats have a unique genetic profile, which regrettably means that they may sometimes have an adverse reaction. We have now contacted the owner to make sure this is  dealt with.",
"@FischerKing64 @sneaknsneak Even a say, 30% lower crime than the 1980s is still worse for social trust. In 1980, we had worse medical tech (less homicide victims survive), less fingerprinting, less DNA testing, less rape kits, etc…criminals get caught faster, but make up a higher % of the population.",@K24Tv Was Dna or fingerprint done to confirm the person. It could be mistaken identity.,,,Enzymeless DNA Base Identification by Chemical Stepping in a Nanopore https://t.co/ROY1WUAECi https://t.co/y6ayQXxRwQ,On week 5 students carried out a paper based DNA profiling activity to match the genetic fingerprints of a DNA sample to a missing persons database. Our victim was confirmed as Miss Grey https://t.co/dbCHXr6wiL,,,@Angl0sax0nGurll @BalaurDambovita @CeltRevived Please refer to my profile picture and consider am I the correct person for that discussion?

I have so many genetic origins that I could be a Beneton monodrama. I am one allahu akbar away from an all-expenses-paid trip to Cuba courtesy of the CIA.,
,"Remember when Eddie Murphy's Axel Foley used superglue to find a fingerprint in Beverly Hills Cop II? That's an actual technique for preserving DNA evidence, as Lowndes Co. Sheriff's deputies learned this week. 

Watch Full Story: https://t.co/lkKE2tQMat https://t.co/8TlEYMiitu",,,Enzymeless DNA Base Identification by Chemical Stepping in a Nanopore https://t.co/G9rRjQmowA https://t.co/9Dg6zYK9Fu,Pubmed: DNA methylation-based profiling reveals distinct clusters with survival heterogeneity in high-grade serous ovarian cancer https://t.co/pWHE9gMKG3,,,"I also have to remind my family that I’m not all black nor do I aspire to be and I am not always nor fully black and if they must categorize to please refer to me by correct and complete racial, multicultural, multinational and genetic profile. Don’t discount the other. #Fluid https://t.co/K4FZUgxzWv",
,"Lowndes Co. Sheriff’s Department gets CSI training on preserving fingerprints, other DNA evidence at crime scenes. https://t.co/ImZSXckQ9A",,,"@WFLAJosh This may sound crazy, but I’m not convinced that they’re convinced it’s him. There was no mention of DNA testing regarding identification or anything like that. Also wasn’t it last week that the lawyer said he was alive? It could have just been his stuff that floated along.","🌐 #IB News #BSBNexus
Excellent presentation by Lucie Y12 #IBDP on DNA profiling. As passionate about criminology, she wanted to raise awareness on DNA profiling as one of the best discoveries for the criminal field. 
A great exhibition of #LearningHabits https://t.co/HHDna37APu",,,@MozarabMohan hahaha if I wanted to give my genetic information to one of these companies my profile would probably look like 23 and Me's of yours and I don't need a corporation to tell me I am Ms. Worldwide,
,Still listen to just Dilla beats. He was that guy. His fingerprint. His DNA. Is all over Hip-Hop. Music in general. https://t.co/17DklpAtST,,,@MerlG_Official @PattyDeLeo1 @Nerdy_Addict @alexxandra0727 That would be one of many ways to identify human remains… any portion of the body could be used for Identification of his DNA,"@Ed_d_ie @LakotaMan1 Hi, something to consider. Ancestry and 23ME are not reliable sources. They do not enough quantitative samples from Native Americans, their databases have significantly more European and African  genetic profiles. It will improve with more Native dna profiling, need more time.",,,"@Ronald_Raygun_ I actually read once that it's a genetic thing on if you think it tastes good, or if it tastes like soap. It's actually part of my 23 &amp; Me profile 😆",
,"Every year, 800,000 children in America go missing. 

That's 1 child every 40 seconds. 

That's why I authored SB 2158, which helps locate missing children by promoting and providing voluntary, in-home fingerprint &amp; DNA identification kits to parents of children in K-6th grade. https://t.co/fPNENJBGiE",,,"@christianholt @MDaware Under a warrant, again, the civil rights issue becomes murky. Warrants can compel tissue samples or blood draws for DNA, genital photographs for identification, and other harsh demands. I’m not certain he civil rights violation claim would hold in the face of a warrant.",DNA methylation-based profiling reveals distinct clusters with survival heterogeneity in high-grade serous ovarian cancer https://t.co/8iTS0je0QZ,,,"@TonyBurnetti @MatthewPB63 @LizHIVHep Can you elaborate?  Chemotherapy is classified as cytotoxic as are cd8+ cells

I spent a big part of my career designing algorithms that would target specific cancers with specific chemotherapy regimens, based on the individual genetic profile so this is interesting to me",
,Coming back after giving an invited talk about our work on fingerprint aging at https://t.co/8hdNPwzM0V. So impressed by a talk of a mom who lost her daughter by a rapist killer and devoted her life to change the law for DNA test of detainees against CODIS https://t.co/A9Y6a3p0xw,,,So the @FBI should define what they mean by “human remains” and of course DNA identification is needed as well but the apparent coordination and timing of events related to #BrianLaundrie’s parents and their lawyer is deeply troubling to me. Law enforcement is not helping here!,PubMed_ Genetic Profiling of Cell-Free DNA From Pleural Effusion in Advanced Lung Cancer as a Surrogate for Tumor Tissue and Revealed Additional Clinical Actionable Targets https://t.co/2p4UkPThXj,,,"Will novel, gene-based therapies advance survival timelines in solid tumors, addressing each tumor’s individual genetic profile? 
https://t.co/zRW1z9zBz8
#reimagineresearch #galienfoundation #galienweekofinnovation #genebasedcancerthereapies https://t.co/fzTDEnwj7T",
,"@gotnobooks @earlmillenie Abandon by his subordinates, ZZS watches the sleeping suspect with his checklist

ZZS: Fingerprint check, DNA sample check, background-

WKX wakes up: A-A Xu... You're here!😱

ZZS looks WKX, turns back to his list: Needs to evaluate the possibility of insanity plea

WKX: A-Xu 😳",,,@GroffMarya @Newsweek Well they will do a forensic identification. Identify him through DNA/dental records. If he is alive he won't throw them off by just a body.,New article: Genetic Profiling of Cell-Free DNA From Pleural Effusion in Advanced Lung Cancer as a Surrogate for Tumor Tissue and Revealed Additional Clinical Actionable Targets https://t.co/o8trCAUCiS #lungcancer #oncology https://t.co/BoCIwELkpi,,,"1. He's in the Department of Chronic Disease Epidemiology. Emphasis is placed on fields of cancer, cardiovascular disease, perinatal &amp; reproductive epidemiology, psychosocial epidemiology, HIV/AIDS, aging &amp; genetic epidemiology.
2. Not infectious diseases.https://t.co/49ow3DzJz3 https://t.co/rohz6BmV7J",
,"Abandon by his subordinates, ZZS watches the sleeping suspect with his checklist

ZZS: Fingerprint check, DNA sample check, background-

WKX wakes up: A-A Xu... You're here!😱

ZZS looks WKX, turns back to his list: Needs to evaluate the possibility of insanity plea

WKX: A-Xu😳",,,@BrianEntin I wonder if Chris and Roberta believe the remains are Brian…or if they already know it but are waiting for FBI to make positive identification via DNA.,Genetic Profiling of Cell-Free DNA From Pleural Effusion in Advanced Lung Cancer as a Surrogate for Tumor Tissue and Revealed Additional Clinical Actionable Targets https://t.co/eudBmZlubP https://t.co/mlB3W1eFaG,,,"So when the soft spot is forming (cranial bones fuse), could the introduction of toxic HGC cause blood vessels to abnormally malform due to genetic profile program for another being being introduced &amp; cause an undetectable death by stroke? Yes.
Dr. Ezzard C Burdette JR
HGC kills!",
,"@keithbelfast Sweet jesus...
A photo of you with soot on your face, in rags, with your hand outstretched standing beside a projection of your fingerprint and holding a a2 print out of your full dna sequence in 12pt helvetica 003300#",,,"@RBReich We must have a US ID card based on DNA citizenship and using bio identification including face, finger, hand and body scans. 

The US ID card can be used for voting, travel, vaccines, etc. 

This will solve the crisis in confidence about our voting system and elections.",DNA methylation-based profiling reveals distinct clusters with survival heterogeneity in high-grade serous ovarian cancer https://t.co/z5j8yFWMrZ https://t.co/rdB7VPCIv7,,,"And here's something to think about med school students and interns. If the infant's genetic profile is altered (think bug in computer program), how could HGC negatively effect any development in the head of infant?
Dr. Ezzard C Burdette JR JD MD PhD MBA",
,"US Inspectors, military from other countries use me as a genetic poison or not? They have money to rent the house so they can collect my DNA, fingerprint to produce scientific weapon or not? I doubt that white Muslim she use the head of all to set me up or African.",,,@RachelAHerrera4 @KatieJonesTV Very curious!  It appears it may just be a setup.  DNA MATCH IDENTIFICATION O͟N͟L͟Y͟.,Such a clever adaptation of CUT&amp;TAG to profile several DNA binding proteins simultaneously with adaptation to single cell profiling from Thomas Fazio and Sneha Gopalan. Happy that my group was able to help a bit. https://t.co/bW1SFzWCKf,,,"Hear from one of our breast radiation oncologists, Dr. Nathan Kim, on the benefits of genetic counseling. #BreastCancerAwarenessMonth

Read Dr. Kim's profile: https://t.co/y4xZsBDsED https://t.co/mrI55IzyzY",
,@eNCA @SAPoliceService on December 6 2019 we had a break in at home and a DNA and fingerprint sample was taken. Almost two years later I'm still waiting for the results. That was taken in Waterval SAPS in Limpopo #bhekicele,,,@Time4Truth2020 @WFLAJB @WFLA Leads me to believe there isn't enough visual evidence to immediately make a tentative identification. Hopefully DNA will sort this out.,,,,,
,"#Lastchance to register for Saturday sessions of Junior Scientists: Forensic Fun. From DNA extraction to fingerprint identification to handwriting analysis, this workshop will have you honing your sleuthing skills. Booking closes tomorrow 👉https://t.co/hyMOnxEAiD https://t.co/g9I6vMSZ5P",,,"@jfcuntis38 @BrianEntin They made a “probable” identification based on visuals with her step dad. DNA was &gt; 24 hours later.
With BL they said “partial” remains, who knows what that means. Supposedly the area was under water too so I guess that makes it harder.
Kinda hope some animal tore him to pieces.",,,,,
,,,,So no immediate tattoo identification? Was his head there? Hands? I wonder what remains they found that “appear” to be human. With Gabby they identified her rather quickly by her sweater while awaiting DNA results. Does this mean he’s been in the water a long time? #BrianLaundrie,,,,,
,,,,"@Go65Must @PJShakesitup The former "doctor" had the murdered man dressed in the same clothing that he had been wearing at the bar that night, so the "identification" of who he was, was tainted by appearances. Same here - they found Laundrie's "possessions" near the "remains". We need DNA.",,,,,
,,,,@Shrussell1021 @Micaela45013958 @BrianEntin obviously. DNA identification takes longer than an hour or two...,,,,,
,,,,"@JeffreyGuterman The body identification has to be solid as in, DNA. I suppose, coming soon.",,,,,
,,,,@gmh8899 @TheHTown @CNN Yes. But I not sure there will be any answers other than (they found this and they cannot make an identification until dna testing)

unless he left a suicide note.,,,,,
,,,,@Sceptrus @Micaela45013958 @FBITampa @FBIDenver Well Gabby’s body was out in the woods for four weeks and they were able to make an identification quickly even though they waited for further forensic investigation to confirm with a certainty. I’m pretty sure they’ll tell us today that it’s likely him. Then do DNA testing,,,,,
,,,,@GlowdellC @WSMV You think he’s unaware of DNA identification?,,,,,
,,,,"@ccousineau311 @Oneironautilus @DrilllKnight @impliedChoppy no that's all bullshit. Hair follicle identification is based on the idea that the shape is unique, not DNA, and it has sent innocent men to prison. So has the false idea that bullets can be uniquely matched to an individual gun. Especially considering guns are mass produced!",,,,,
,,,,"@knives_are_cool @Oneironautilus @DrilllKnight @impliedChoppy Prints are a great secondary identification to DNA, if the technician is properly trained, ethical, and if the technology used is functioning properly. Hair follicle is DNA. Bullets I sorta agree, but that comes down to the statistical analysis honestly.",,,,,
,,,,"@NONBlNARY @Oneironautilus @DrilllKnight @impliedChoppy The DNA part is, but other than that it’s all pretty much just physical identification of stuff and statistics.",,,,,
,,,,New Research: Identification of a DNA Methylation-Driven Genes-Based Prognostic Model and Drug Targets in Breast Cancer: In silico Screening of Therapeutic Compounds and in vitro Characterization: DNA methylation is a vital epigenetic change… https://t.co/TPpxJrrBlI #immunology,,,,,
,,,,"Often faced with weathered remains and fragmented DNA, Dr. Kate Spradley, @TXStateAnthro professor and the director of Operation Identification, relies on affinity estimations to “help to provide a preponderance of evidence.” via @nytimes #TXST https://t.co/P1RMzfpI0O",,,,,
,,,,Leaf-reading tool could replace DNA analysis for plant identification https://t.co/2ROx5oz40Y,,,,,
,,,,"#LiteratureNotice Frolov et al. Identification of larvae of two Aphodius Helwig, 1798 (#Coleoptera: #Scarabaeidae: Aphodiinae) species using morphology and DNA barcode https://t.co/EpVMrLXTrF #Beetle #Beetles #ScarabBeetles #Immatures https://t.co/rNvh8eemXh",,,,,
,,,,"@GramrgednAngel I discovered that word in the saddest way, writing a report on bush fires that spread so fast that people couldn't escape. DNA identification was difficult: people had been holding each other so their remains were commingled.
Sorry. The word sends shivers down my spine now.",,,,,
,,,,"Mitochondrial DNA is not positive identification, as nuclear DNA is.",,,,,
,,,,@alvavasanth @Swamy39 @dna @AmitShah Sir at least in BJP ruled states identification &amp; deportation (pushing across borders- the way they came)of all Bangladeshi should start immediately Nation we liberated in 1971 is now in Chinese orbit 
In Pak Afghanistan Bangladesh Kafirs persona non grata This is fact,,,,,
,,,,"DNA ANALYST, Raleigh/Wake City-County Bureau of Identification, Raleigh, North Carolina, apply by Nov 15, 2021, https://t.co/PDLJ8XMu5v",,,,,
,,,,Each week one winner!🌱💪🍍

#30 Dole! 💚
Insect DNA barcoding for identification and knowledge
🔬🦠🧬🧫🧪🦋🐝🐜🦟🦗

https://t.co/7PveRZ6CA5

#FromFarmToFork #DelCampoAlPlato
@giz_gmbh
@iki_bmu
@Global_Nature_F https://t.co/Zn0TdcujBS,,,,,
,,,,"Combining automation with patented MolYsis™ technology, Micro-Dx™ is the first walk-away solution for human DNA removal &amp; selective pathogen DNA extraction integrated with broad-range PCR-based species identification for daily clinical practice. https://t.co/dglYcqH2ik https://t.co/WmqH6fjFrZ",,,,,
,,,,If you think the “vacc…” is not about global identification and control of the population think again. Why would you need to submit your DNA if they are telling us it doesn’t impact an individual’s DNA? #markofthebeast #Revelations https://t.co/S73Gk09Qop,,,,,
,,,,@John38934556 @RobertB20617044 @AntonyRobart Trying to share the video link but anyway this video indicates that you need to send your blood in for DNA analysis to get the global pass. Why would they need your DNA for a “vaccine” that supposedly doesn’t impact your DNA. Global digital identification for control.,,,,,
,,,,@DrJenGunter How do you feel about the WEF wanting you to register your DNA through a drop of blood as part of such identification as they are currently promoting? Is there any limit to your compliance?,,,,,
,,,,"Performing Judaism? 

The Nigerians who want Israel to accept them as Jews.
"Chidi Ugwu, an anthropologist at the University of Nigeria, says this identification with Judaism emerged only after the Biafran civil war...a DNA test found no Jewish connection.
https://t.co/RTycTNhbXr",,,,,
,,,,How is a genetic DNA blood fingerprint different than a fingerprint from your hand?

 If used for identification purposes only? 

#CriticalThinking 

#GeneticGenealogy,,,,,
,,,,▪️Priti Patel wants to X-ray migrants suspected of lying about their age

▪️She wants to use “scientifically verifiable” measurements of bones or take DNA samples to check age

This news is truly shocking 

We know where such vile identification of ‘others’ by the Nazis led https://t.co/W1xpoL8hxj,,,,,
,,,,Benchmarking tools for DNA repeat identification in diverse genomes
https://t.co/ufvgVAYqHq,,,,,