dna fingerprinting,dna fingerprint,genetic fingerprinting,genetic fingerprint,dna identification,dna profiling,dna profile,dna typing,genetic profile,genetic profiling
@mariannaspring Give these to the Police for fingerprinting and DNA,A spatial fingerprint of land-water linkage of biodiversity uncovered by remote sensing and environmental DNA  https://t.co/dgnRcKbpIN #biorxiv_ecology,"Genetic fingerprinting has linked all cases of a rare tropical disease called melioidosis that affected four people in Georgia, Texas, Minnesota and Kansas and killed two of them to an aromatherapy spray sold at Walmart, the CDC says https://t.co/EGXE9E77d6",High pressure reaper pawn. Think our enemies are allergic to a genetic fingerprint?,"Identity of Sitting Bull's great-grandson confirmed w/ 130-year-old DNA. The novel method of identification involved using hair from the Lakota leader, who died in 1890. Findings confirm Ernie LaPointe, 73, of S. Dakota, as the closest living descendant https://t.co/DKiGDoi6OF https://t.co/LcThrYIrHy",PubMed_ Comprehensive Genomic Profiling of Circulating Cell-Free DNA Distinguishes Focal MET Amplification from Aneuploidy in Diverse Advanced Cancers https://t.co/IC1n3xtrMw,@PaulTassi They’ll just end up giving out a free first Gen Oculus to everyone that willingly shares their medical history and DNA profile.,Fundamentals of Forensic DNA Typing -  ppt download https://t.co/RVG4c7liPF,Tarim mummies have nothing to do with Indo-Europeans; it's far more likely they were ancient Fugrics.

"... one of the few known Holocene-era genetic descendant populations of the once widespread Pleistocene ANE ancestry profile ..." https://t.co/UxOkOekNfY,"Marine Drugs, Vol. 19, Pages 607: Hidden Diversity in an Antarctic Algal Forest: Metabolomic Profiling Linked to Patterns of Genetic Diversification in the Antarctic Red Alga Plocamium sp. https://t.co/YRvH6hyN05"
"#Jammu University Signs (MoU) with Centre for DNA Fingerprinting and Diagnostics (CDFD), Hyderabad 

#JammuAndKashmir @UniversityJammu @diprjk

https://t.co/3qj32M17jF",A spatial fingerprint of land-water linkage of biodiversity uncovered by remote sensing and environmental DNA  https://t.co/K3VBZF6WCD #bioRxiv,"Genetic fingerprinting has linked all cases of a rare tropical disease called melioidosis that affected four people in Georgia, Texas, Minnesota and Kansas and killed two of them to an aromatherapy spray sold at Walmart, the US CDC says https://t.co/1JTDO8E6JL","#OnThisDay in 1984, Professor Sir Alec Jeffreys identified the world’s first ‘genetic fingerprint’ at 09.05am 👏 

👉 https://t.co/vzo1L1ukym  👈

#UoL100 | #CenturyOfChange https://t.co/1tdJ3F8wqf","Coroner, buoyed by recent DNA identification of Gacy victim, perseveres in trying to identify young Black woman found slain in Grundy County in 1976 https://t.co/0BXKwhiZpi","Researchers at @DanaFarber and @broadinstitute developed a novel tumor-profiling tool that captures a wider array of cancer-related genomic changes in a patient's tumor and germline DNA, an important step for precision oncology. https://t.co/2BphpkJAkC","@saturdayobrien @jthomson1992 Seriously four court petitions denied for ID info for me and by that time I was w/ my husband. He had an unknown bio sister out there, I was adopted no info, and he fit the physical, ethnic, and age profile of what could have been my brother. DNA proved otherwise fortunately.","Hmn.  Decided to try googling one of the possible fathers, try and find a phone number, based on the DNA test results. Its like he doesn't exist except for a divorce, some obituaries, and birth records, and real estate. But I tried typing his ex wife in and all sorts of results.","Huge thanks to @ICR_London Scientific Officer, Denzil James, for talking through the PROFILE study on @PackedLunchC4, which looks into genetic factors that influence men's risk of #prostatecancer. https://t.co/gMWtm1T0jW","critical race theory Systemic racism is a genetic and essentialist fallacy. Systemic (structural, institutional) racism involves the same sort of thinking that led to eugenics; and is now elevated to a notion of national racial profiling."
@sebatlab I remember Alec Jeffreys reading out letters he had from landlandies asking him to do DNA fingerprinting to work out who had soiled their beds 😀,@qdawg4472 @RTCowboysNation But that’s a fingerprint not dna evidence. https://t.co/KgW0SqXiVO,𝗚𝗡/ Fighting viruses with interchangeable defense #genes
#Genetics biweekly vol.14

• Fingerprinting proteins with force
• Targeting tumors with intracellular precision
• #Genetic secrets of stress-tolerant mangrove trees revealed
• And more!
https://t.co/J8AB9fyMvy,"This genetic condition is also known as "Immigration Delay Disease," because affected individuals experience difficulty in passing through security or checkpoints where fingerprint identification is required.

There are only 4 families on earth till date known with this condition https://t.co/Id5rjxaMqq","Coroner, buoyed by recent DNA identification of Gacy victim, perseveres in trying to identify young Black woman found slain in Grundy County in 1976 https://t.co/lngM5YZlzi https://t.co/cVpsuQFc4t","Calling for solidarity with #migrant workers subjected to racial profiling in massive DNA sweep at upcoming #HumanRights hearing starting on November 22nd, 2021 EST. PM for details for this historic hearing for 54 #migrants https://t.co/6Dco17FFXj","Parents of baby found in trash 30 years ago arrested after DNA links them to remains, police say via @FP_Detectives https://t.co/7e3nzTFlaH","accidentally typing “!” instead of “?” at the end of a question over text can change the entire identity, mood, and DNA of that text. A simple question turns into a momentary death threat","Men are not okay. I’m not sure if it’s a genetic or chemical imbalance that lays dormant until the age of puberty, but there’s a trend and an uptick in not only virtual violence against women but in real life violence against women amongst a specific profile of male.",The Diagnostic Value of Genetic Mutation Analysis and Mutation Profiling of cfDNA in Intraocular Fluid for VRL  https://t.co/cP1eQepOi4 #medRxiv
"JU  signed  (MoU) with Centre for DNA Fingerprinting &amp; Diagnostics (CDFD), Hyderabad. Prof.M K. Dhar, VCJU opined that this MoU shall usher a new era of collaborations in research &amp; academics of both the institutes.@OfficeOfLGJandK @nitishwarKumar @ugc_india @EduMinOfIndia https://t.co/l5ZRowAjCa",And when they arrest you I hope they fingerprint you and take your dna and I hope they open up all your texts and video chats and social media,@TheOfficialSBI Wow! The next update will be for genetic fingerprinting to validate the transaction. I can bet on it.,@ProudOfNickiana @NICKIMINAJ Pinkprint was a super personal cover. Think about the art of make up and your fingerprint which is part of your makeup (genetic). So clever and artistic and personal,@ItsElsaBaby Yes it is !!! Those statements are not TRUE !! DNA HAS NOT COME BACK YET AND TGEY IDENTIFICATION WAS DONE THROUGH DENTAL THAT ALONE IS AS ACCURATE! Please do NOT SPREAD MIS INFORMATION!!!!!!,We make DNA methylation profiling accessible to you - try the new premium RRBS kit for DNA inputs down to 25ng and with better accuracy with UMIs!
https://t.co/OAUSDsmEyT https://t.co/jpixevHfaK,"@KCNep95 @washingtonpost Shafts of hair do contain nuclear DNA.  It's just . . . different . . . from ordinary nuclear DNA.  It can produce an autosomal DNA profile, but it takes special methods, software, and equipment. 

https://t.co/Lx7mgHAlEI","Tomasetti, Li, Vogelstein (2017) Science 2017 Mar 24;355(6331):1330-1334 https://t.co/cZsJCMgpAA

Repeat testimony -&gt; 95.6% of NHL can be attributed to normal (random replication error) in DNA (now using typing analogy)

I'll highlight.. https://t.co/Hug1wA4y3B",White guy who reflexively produces a printout of his 23andMe genetic profile &amp; points out 5% west African ancestry as “proof” it’s “totally cool” that he keeps saying the n-word,U.S. Warns of Efforts by China to Collect Genetic Data https://t.co/EhiL6qaLzJ @julianbarnes @paulkrugman Julian profiling is age old process. data analytics &amp; AI in the field of medicine &amp; science done by any is a blessing.scaring us that in the hands of China/its govt’s hands👎
We’ve partnered with Bristol University in DNA fingerprinting research to tell us more about each apple variety in our Exhibition Orchard. We hope this will lead to creating new varieties of apples with the characteristics that as cider makers we love! 🍎
https://t.co/BAfJK0olJf https://t.co/QvB0mQQV1n,"Always follow the money. Money being spent, money being paid, money being taken...money has its own fingerprint &amp; DNA. https://t.co/YAFOt71tFw",,@BWJones I guess the trick is to find the right balance. On the one hand they provide a nice unique identifier. On the other hand if handled poorly they form the basis for identity theft and other abuses (see for example problems with mass fingerprint or genetic databases).,#BrianLaundrie... i’ve gotten a lot of really good information from people over the last couple of days regarding dental identification DNA etc.… But the dumbass in me thinks he’s still alive and the parents and the attorney pulled some shit...,Comprehensive Genomic Profiling of Circulating Cell-Free DNA Distinguishes Focal MET Amplification from Aneuploidy in Diverse Advanced Cancers https://t.co/pMPgmbvBKf https://t.co/DjIT17v2qK,"Instead of teasing me with “we’ve updated your DNA profile!” https://t.co/CBJAIqpa9P should just be honest and say “yeah, you just keep getting whiter” accompanied by a sad trombone.",I really have a smart mouth so i really b typing so much shit then erasing it,"@Dan76011692 @Jaambudweepa @Mike02183318 @kadian_anurag @Vritrahan2014 @anshikashukla_ Again asking you

are you assuming every individual from balochistan in the west to the sunderbans in the east, from  Kanyakumari in the south to the high mountains in the north

During the bronze age had uniform genetic profile?

And mtDNA from Rakhigrahi female is that?",A bill in India 🇮🇳 proposing to collect genetic data to tackle crime has been criticized by rights advocates.

Campaigners say the database can be misused for caste-based profiling and can damage people’s right to privacy: 

https://t.co/WoovL6DuEa 

#GoodID👍🆔
"FYI dental records are not 100% accurate like DNA fingerprinting. In fact, it’s least accurate forensic procedure. 
I smell a huge cover up by fbi here.. to save their face maybe?? 

#BrianLaundrie https://t.co/Wjufp6ohx3","The #CSIEffect is in full force. "Sure you checked dental records, but did you perform #DNA matching and #fingerprint matching and #facialrecognition and fiber analysis? They can all be done in 5 minutes! I saw it on TV! Until you do ALL these things..." https://t.co/b7lRDcbiXE",,The CDC is continuing testing to see if the genetic fingerprint of the bacteria in the bottle matches those of the bacteria identified in the four patients. https://t.co/3UjS9Dg2p6,"Error rates by forensic dentists are perhaps the highest of any forensic identification specialty still practiced" 

That's why he is Alive until we have DNA results. #BrianLaundrie is ALIVE. His family FAKED his death,@art_never_found didn't know they had dna profiling in the 1800s,"According to police, the lab “recovered human DNA from the bone and used that hereditary material to conduct a genealogical profile, which led to a family in North Carolina https://t.co/yG4OsqW7ar","@SCS_Disputes @CollinSLKoh @graham_euan For certain, the Yellow Vests would’ve been grabbed before dawn and put safely into concentration camps in Algeria. They would get the most accurate DNA typing and wait for matching Customers.

Healthy food, lots of exercise working as laborers to make money for France &amp; Algeria",Midnight 76 @midnight76music https://t.co/WpJu7TyYAA - Just Another Animal (Genetic Lab),"@thu_hv @RALCW1 @baldcold @waaaatt76 share the most similar genetic profiling to modern Egyptians, Palestinians and etc than to Arabians who appear to be a mixture of Natufian and Mesolithic Levantines and high Iranian Neolithic farmer DNA as well. BedouinA are different from BedouinB as well. https://t.co/cclooqoQq8"
Fingerprinting Proteins with Force

https://t.co/rPFzqMSpnm

#Fingerprinting #Protein #Force #DNA_Nanoswitch_Calipers #DNAChallenge #Caliper #molecule #single_molecule_proteomics #Harvard_University #University #StatNano #NBIC #nanotechnology #Nano https://t.co/o8P9XSc5v4,"4ARTechnologies is the first company to provide fingerprint and visual identifier encryption methods for digital artwork. The watermarks act like a digital DNA, only decryptable by the artist who created it 🔐

#4art #4artcoin #nft #nft+ #crypto https://t.co/uZXM220xyn",,The CDC is continuing testing to see if the genetic fingerprint of the bacteria in the bottle matches those of the bacteria identified in the four patients. https://t.co/e6GPsZJos3,@DailyMail Um…autosomal DNA has been used in genetic analysis and identification of historical figures for literally decades. None of this technology is new.,Before the 80s you could get away with murder since nobody knew about DNA profiling.,"@DarpaHydrogel @CanAlbertaHuman Modern vaccines are created with animal DNA and it introduces animal retro viruses into our system. It can cause a range of illness from neurological to cancers, depending on your own genetic profile.",AAAAAAAJDJJDJDJNDJRJJENRRKTKF.... DNA. 😭😭😭😭 I'M NOT ALIVE ANYMORE.. IT'S MY GHOST TYPING... #PTD_ON_STAGE,"@DarpaHydrogel @CanAlbertaHuman Modern vaccines are created with animal DNA and it introduces animal retro viruses into our system. It can cause a range of illness from neurological to cancers, depending on your own genetic profile.","Genetic discrimination is illegal, but in practice genotype profiling is used to identify valids to qualify for professional employment while in-valids are relegated to menial jobs."
"📏 The world's tiniest ruler?

A recent @NatureNano paper from scientists at @HarvardMed, @WyssInstitute, &amp; @BostonChildrens describes "DNA Nanoswitch Calipers" that can perform distance measurements on single peptides by applying small amounts of force.
https://t.co/Q1y2hWnSzm","@MikeCubfan @RepThomasMassie No like every important detail about yourself tied to a Global Unique Identifier controlled by a private company or government. Everything including health records, biometric data (iris, fingerprint), DNA data, financial data and statements, work history, addresses, interests.",,The CDC is continuing testing to see if the genetic fingerprint of the bacteria in the bottle matches those of the bacteria identified in the four patients. https://t.co/mgbewvTkj2,"@BBCWorld crazy
it's for the identification, only the DNA should talk https://t.co/ZcaKcN0aqb","Y‐chromosome short tandem repeats in forensics—Sexing, profiling, and matching male DNA https://t.co/MMEBMNJZj1",@shohlution2 @IzzRaifHarz There are concerns about your dna profile being taken advantage…but meh…with how technology made life too difficult to be discreet…it’s up to individual to decide,"I am typing slowly for you so that you can keep up, just because you injected a lot of people very quickly and they didn't immediately drop dead is not  scientific evidence that the experimental synthetic mRNA and DNA technology shots are safe or effective. https://t.co/K73d20bHpE","@cookiec75190643 @kadian_anurag @Vritrahan2014 @anshikashukla_ India being a vast region, surely there must have been endogamic neolithic cultures with different genetic cluster profile which over 1000s yrs intermingled which by bronze age starts to become what is seen in modern times",But many people believe that the genetic profiling companies we send our saliva to have some reasonable answers to where we came from.
"Jan 9, 1950:

Sir Alec John Jeffreys was born in Oxford.  He invented DNA fingerprinting, used to uniquely identify organisms by their DNA. https://t.co/eb3JdcZDUP","@marshallmaresca I've heard what impact Quincy had on the credibility of fingerprint evidence, and I really worry about the analogous effect of CSI and NCIS for that and especially DNA testing.
(Horse has left the barn, of course...)",,"Yikes!

"@CDCgov is continuing testing to see if the genetic fingerprint of the bacteria in the [#aromatherapy] bottle matches those of the bacteria identified in the four patients – one each in Georgia, Kansas, Texas, and Minnesota. Two of the four patients died." https://t.co/z7pCuTLrUU",What is the Potential of DNA Probes based Diagnostics in New Disease Identification - https://t.co/oFTKQwOUU7 https://t.co/HhwUmQTsmQ,KBC has experts in DNA profiling - find out more. 
https://t.co/bAjzjI2dgT
#DNA #forensics #solicitors #criminallaw https://t.co/TiHqpCfot3,So how does lil miss niggas have this as a profile name if it’s racist? Like do she got to show ID and have a background and DNA check?,"@prickly_gator @LynnBCO @TreinaLouise @theJaredPilon I am typing slowly for you so that you can keep up, just because you injected a lot of people very quickly and they didn't immediately drop dead is not  scientific evidence that the experimental synthetic mRNA and DNA technology shots are safe or effective.","thinking deke shaw could possibly be an LMD, I ran a genetic profile to see if he was biologically linked to anyone.
and it came up with a match?
no. It came up with two.","GENETIC PROFILING 
Although there's big teams of scientists working on it, we still don't know everything there is to know about genetic and certainly ancestral DNA inheritance."
Single-molecule mechanical fingerprinting with DNA nanoswitch calipers https://t.co/7cj6KHCEwx,"@iBobbyShell @Upwork @sama Your wrong bro. Upgrade to protocol will include fingerprint, DNA, and heart beat.",,"CDC is awaiting test to see if the genetic fingerprint of the bacteria in the aromatherapy matches those of the patients – one each in GA, MN, KS and TX. That includes Lylah Baker, the little girl I wrote about recently: 
https://t.co/WJvKieutOh and
https://t.co/yC9Tx4muXM","came back inconclusive. Identification of the remains was made by dental record comparison, not DNA. https://t.co/LasSj3XUGl via @crimeonlinenews (2/2)",Check out the new blog by @GuerinLindsey from @Hodges_Lab on Joint-Profiling of DNA Methylation and Chromatin Accessibility 👇https://t.co/EDfTIs9pIL #method #protocol #BehindThePaper,"$DNA - @Ginkgo's Annual Ferment Conference is today with some high profile speakers and attendees, including @CathieDWood, @RickABright, @ScottGottliebMD, @rwegrzyn, @Arie_Belldegrun, Tom Knight and others. https://t.co/zPRnxGn16B",,"@SLCnotUtah @tsteinnnn @frederikthegr8 That is correct, and there is nothing wrong with that. The studies never showed a 100% effectiveness rate, and they don’t have to. That doesn’t mean the drugs don’t work. It means you have to find the correct one for your genetic and biological profile.
1/","What genetic profiling is doing for us. But still, it can be fun to find out this kiwi part Maori is of Icelander stock. Or am I?

An essay and linked thread. https://t.co/wcBL0HQztv"
This is fascinating! @thatchers_cider has been partnering with the University of Bristol in a ground-breaking project that is using DNA fingerprinting techniques to identify apple tree varieties. Find out more at https://t.co/736FpqsndY. https://t.co/xe6XCk0x8a,"@KhullarSidharth @SwipeWright What it might come down to is the purpose of an ID document, the renewal time, and the type and amount of data stored on it. Assuming that the aim is to identify an individual, fingerprint, retina scans or DNA would be most reliable. But this raises the question if you want any",,"@j1mmyeth To be clear, since 288 characters is limiting, I also use Windows, MacOS, own an iPad which has my face, Android with fingerprint, etc.

You can't functionally opt out 100%. And in a worst case scenario, I have genetic/wealth privilege to fallback on.

I still dont support it tho",Maybe the teeth were not Brian’s teeth teeth are not absolute identification do you need DNA https://t.co/Dtf80LoCBC,Many fair skinned people are claiming to be Dravidian and trending  #BanNeet. This is scam. Use DNA profiling to determine who is Dravidian.,"@CarlRMay @rohan_aziz_ Every single transaction in my place, even the most trivial like making a query/complaint, even in the glorified pvt. sec., requires furnishing elaborate details. The list of details is just short of information like DNA test, carbon dating and genomic profile. R u guys jealous?",,"@amuendelheim @KimIversenShow Well given than Alpha, Beta and Delta all have very similar genetic profile it's pretty safe to assume that immune response to any from infection to one would be robust. 

That's why the vaccines work.",
"@CryptoClash1 @DeCredit001 I realized that Decredit uses a off-chain data storage plus on-chain DNA fingerprinting, so can you tell us why did you chose use this mechanism instead a typical on-chain model?
@Ojanaloveferi
@jkdog8
@Smit89k",@NobelPrize @novaya_gazeta #Science
#nobelprize2021
#DNA
DNA FINGERPRINT BY Sir Alec John Jeffreys
🍏Alan Turing (RIP) a Genius hounded to death for being gay a crime that was as serious in GB as in NAZI Germany the country brought to its knees These brilliant men should have won the Nobel peace prise https://t.co/VT4J1DukSz,,@LightBu51377903 @RubinReport There may be. Our immune systems are very complex. Each individual’s is like a fingerprint and depends on genetic and environmental exposures. So much we don’t know about the virus and our response to it. Vaccine will mitigate these unknowns substantially.,@PamelaP1967 @neevie48 @BrianEntin dental record identification is a lot quicker then DNA identification,Reservations should be based on DNA profiling to ensure no aaariyan steals seats. https://t.co/QQmygw2K5h,"Cmon Mark, just hire Zach Kouwe and you too can get a slobbering fake news planted PR "profile" from Rich TeitelBUM telling world what a brave and brilliant hero you are. Cmon Mark, its a lot easier than actually doing the work. Wise up! 
@alderlaneeggs $OSTK $MDXG $BUR $DNA $AMC https://t.co/ZCOMBrOp8M https://t.co/eowctAJQ4Z",,"@FFRF In relation to non-citizens, a non citizen can not demand cancer treatment, HIV treatment or treatment for any type of terminal illness that involves experimental research which is often privately funded and specific to a persons genetic profile.",
"#royalty #showtime #socialmedia #YouTubeShorts #INSTA 
#Online #learning #education #History #realhistory #reelhistory 
Theme/plot: Big Dowry marries Old Building FOLLO THREAD A DAY BACK,
OR A DNA Fingerprinting FAMILY TREE DIGITAL CERT. going back to CHARLEMAGNE OR LangueDoc.",Check out this course!
https://t.co/K4kfiMNw5K
https://t.co/cN9L9hsmKp
&gt; DNA &amp; Fingerprint Evidence &amp; Identification
&gt; Why this is important to your case

#InvestigativeCourses #ContinuingEducation #PrivateInvestigators #LegalInvestigators #DeathExperts #DefenseInvestigators,,,New Research: Cryptococcus neoformans and Other Opportunistic Cryptococcus Species in Pigeon Dropping in Saudi Arabia: Identification and Characterization by DNA Sequencing https://t.co/2QQL2rg8AZ #microbiology,"There is only one solution, as eminent thinkers opined - DNA profiling to decide Mulnivasi status and level of mulnivasiness. Add it to AADHAAR as an additional attribute. https://t.co/2GD4BlkAO4",@SeeCaroline Who are "the English"?...  Look at the DNA profile and colloquial language in Northern England,,@ReadyToStand4US @fox12oregon There are variations; not every genetic profile is xx or xy.,
"#royalty #showtime #socialmedia #YouTubeShorts #INSTA 
#Online #learning #education #History #realhistory #reelhistory 
Theme/plot: Big Dowry marries Old Building FOLLO THREAD A DAY BACK,
LAST THING THEY r : r LUXURY RESORTS.
OR DNA Fingerprinting FAMILY TREE DIGITAL CERTIFICATE",@WendyDa93770599 @BrianEntin I don't.  But there is so much detail and uniqueness in each person's jaw skull and teeth that courts have ruled it is as valid as a fingerprint.  I just wouldn't put much investment in the DNA coming back as non-conclusive or nonmatching  Pretty sure they found BL.,,,"@alisab08 @Craig_D_Vincent @WFLAJosh ...by the DNA sample they test- which will be after they're done examining the remains. 
No two people have the same teeth, also, from the angles they come out of your gums at, to the length of your roots, to the number of fillings, cavities, crowns, etc- dental identification...","#FreeDownloads! Read #FREE chapter “Challenges in the #DNA Analysis of Compromised Samples” https://t.co/dDIVEBDQDe from our #OnlineFirst #Handbook of DNA Profiling (eds. H.R. Dash, P. Shrivastava, J.A. Lorente) https://t.co/Ie5kiO0K1U #FreeAccess #Forensics #MicrobialForensics https://t.co/8T6ixnj2qr",@athavale_abhi @nawabmalikncp should first share about his parents and forefathers DNA and history before showing others profile.  

Have he balls to show it  ❓
His father's DNA will match some #MohanDas or #Pyarelal who accepted partition but left his leftover in our country.,,@Sean17285366 @BaruchKogan I have no shame in my background at all. I shared my genetic profile with you and I call myself the "Hebrew" conservative. Where exactly did you get shame from?,
"#OnThisDay in 1984, Professor Sir Alec Jeffreys identified the world’s first ‘genetic fingerprint’ at 09.05am 👏 

👉 https://t.co/vzo1L1ukym  👈

#UoL100 | #CenturyOfChange https://t.co/1tdJ3F8wqf",‘We all have the same dna’ Brin Edward’s @swlanaturaleye ( artist) adding his #fingerprint to #SPOTtimespotTIME #conservationmeanslife #alllife #sittingequally #artaunifyinglanguage #nature #naturalworld  #wildlife #https://www.instagram.com/p/CVhreytKSom/?utm_medium=copy_link https://t.co/gkq3lkf2wH,,,"@kylegriffin1 As a means of identification, we are just pushing closer and closer to our ultimate ID - DNA.","How to human ‘rho0’ cells devoid of #mitochondrial DNA survive?
Complexome profiling by Susanne Arnold, Ulrich Brandt et al @RIMLSInstitute reveals widespread remodeling of mitochondrial protein complexes underlying adaptation
https://t.co/SsTiiQo28o https://t.co/IasX8IiNEJ",@SriRudyBABA @love_a_man @MyNation_net @MensDayOutIndia @rashtrapatibhvn @narendramodi @RahulGandhi @RajThakre09 @ThakreUddhav @ArvindKejriwal @BJP4India @INCIndia @theShivsena @RSS4India @AITCofficial @HMOIndia @ndtv @News24 @aajtak @ABPNewsTV @dna @republic @mid_day @mumbaimirror @Ani_News @BBC @nytimesworld @Independent @SkyNews @smritiirani @sharmarekha @SwatiJaiHind @fayedsouza @poojabeditweets @BDUTT @Nidhi @sagarikaghose @AnjaliB_ @MinistryWCD @NCWIndia @SmritiIraniOffc @unwomenindia @SheThePeople @sonal_mansingh @DrKiranmayee1 @kapoors_s @SayftyCom #CrimeByBharatkiLaxmi - 1202

#FakeCases_498A_DV_125_307_354_376_377 
#HelpMeMyNation 
#GenderBiasedLaws
#BreakingNews

#HR: Yogesh Batra High Profile Murder Case: District Court sentenced 4 people including wife Priyanka aka #AblaNari to life imprisonment
https://t.co/R4mdkWla2o,,"@TDisputations @FractalBryan @StayRight1776 @HauntedBeaker @NerianSilver @EronFas Dogs did not always exist, and they have diverse populations. Therefore, no single definition of "what a dog is," because there is no single dog and no single genetic profile that corresponds to all dogs.",
"Scientists from the @wyssinstitute, @harvardmed, and @BostonChildrens used DNA to create "DNA Nanoswitch Calipers" (DNC), technology that permits distance measurements on single #peptides with high precision. #medtech #research #DNA

Learn more here: https://t.co/ZImQpblD0K","@Craig_D_Vincent @WFLAJosh It means that DNA testing hasn't been done yet, but it will be.

Dental records are extremely accurate because everyone's dental composition is as unique as their fingerprint.",,,"This summer, a detective from the Cook County Sheriff’s Office contacted the family in search of DNA to test against human remains from a cold case, not mentioning Gacy’s name at first. The wait for DNA confirmation was "excruciating."
 https://t.co/Ekt0LwPOFc","@KenKamau96 @gpdkaluma @UDAPartyKe @JunetMohamed UDAku DNA and mindset... full of anger, violence and vengeance

Marking, profiling and later kuwashughulikia...SEE, SEE bro

Anyways tumuachie mungu isorait 😂

https://t.co/W8otP1Bhbs",@azfamily As I am a political refugee since I was an infant and my DNA profile comes up as Nikola Tesla. Tesla actually might be part mine. So if that 2% was mine I would give it to stop world hunger,,"I URGENTLY NEED TO SELL MY WORKS

MY SISTER DOESN'T HA E CANCER, BUT A COMPLEX GENETIC DISEASE: INFECTIOUS ARTHRITIS

this treated only in Moscow

if you want to help me, then check my profile

I will be grateful even for $1: 

https://t.co/ZD8odbYdxs

https://t.co/QruwSHnPkL",
DNA Nanoswitch Calipers Created as Possibly World’s Tiniest Ruler for Fingerprinting Proteins https://t.co/SEdYN57Tfw via @GENbio https://t.co/EcKqvveyBm,"@tiobraidarann @Seanie4you DuPlantier had clumps of hair In her hands and material under her nails from scratching. The DNA didn't match Bailey, the fingerprint on the gate didn't match Bailey and the same with the blood on the gate wasn't Baileys. The DNA evidence pointed to another unknown suspect.",,,"@MissMiaMina @JamiBuch @mistaken_body @BrianEntin Dental identification is used to identify 46% of Jane/John doe victims. It is unique to an individual. The dna that is being collected is coming from the pulp within the teeth found, as all other tissue was lost. They can use the other bones found as well.",Oh. I don't get antibiotics either apparently they're DNA profiling unconvicted protestors,@TruthAbtChina Plot twist. It’s actually a rapid DNA test and if you fit the profile they will take you and harvest your organs.,,@FREOGIRL @qldhealthnews So I'm guessing your happy handing over your genetic profile? That's all your doing when you get tested..,
"Fingerprinting proteins with force: What if we could identify proteins as easily as we can sequence DNA and RNA? Perhaps soon we will, thanks to new DNA Nanoswitch Calipers. DNA Calipers create a unique 'fingerprint' for peptides (the building blocks of… https://t.co/jKLRfKUECA","@christinaa_xoxo @HuttonNatalia @WFLAJosh When have dental identifications been wrong in recent years? Dentition is as unique as a fingerprint, and more specific than DNA. Also, the FBI would not have announced an ID in such a high-profile case unless they were absolutely sure.",,,"@mnfugitive @jdawg1601 @DannyCantTweet @FOX9 DNA doesn’t affect what a person identifies as. Since a passport is a identification document, I’m not sure why people are upset about this.","@jkllehari_naka @hloni_jurist @JasonKhumalo2 @zulu_fly @Abramjee Too much movies and invastigatives journals will make us believe that even SAPS  is competent. In South Africa we don't have DNA profiling, SAPS data bases are not linked with Home Affairs and we will never have a database for sex offenders.","#OnThisDay in 1993 the IRA murdered John Gibson, 51. Father of 1. A director of Henry Bros shot in his drive, Glengormley. Earlier he had been told of award for his work with British Diabetic Association https://t.co/PbA07VWdqe
https://t.co/jYyaf0PPAB
https://t.co/189sIE39w5 #OTD https://t.co/HKDqveKGK8",,"The PROFILE study aims to understand the genetic factors that influence men's risk of #ProstateCancer. Denzil James, Scientific Officer at the ICR, explains more below. 

Video credits to @PackedLunchC4.

#BlackHistoryMonth @cancerBRC @royalmarsdenNHS @ProstateUK @realpaulparker2 https://t.co/d2dagTL6Et",
The Centre for DNA Fingerprinting and Diagnostics Invites Application for Computer Programmer Grade A Recruitment 2021 

 https://t.co/uK3i8yskj8,@DiggersOfNews This why a fingerprint and DNA database has to be created to fight such gross crimes in 🇿🇲,,,@ABC7 I don’t really care about this. It’s an identification document. It represents your identity. 

The Make-up of your DNA has nothing to do with a passport.,"As a reminder, current seq-based protein profiling utilize DNA barcode conjugated antibodies. Large such panels are difficult to prepare, limiting us from profiling thousands of epitopes. To pave the way for that, we introduce genetically barcoded phage nanobody libraries. 2/n https://t.co/TEfsW42B5q",@hfrfromthefloor @MissTrade Gene therapy &amp; personalized medicines are going to change this but needs another 10-15 years of research. But ur telling me people that don't accept vaccinations are going to accept gene therapy that modifies DNA. Or personalized medicine that uses your DNA profile to customize!,,@NPugliese16 1/ Tricky to definitively say without genetic analyses...

But note:
-Pt had a pan-S PsA ~1mo prior to this isolate. Was treated w/ Levo PO 500mg QD x 10d 😑. Now this R profile

-FQs will do a heck of a job selecting out Mex-Opr efflux overproducing mutants. Each Mex-Opr ...,
"📢Methods and Measurement Conference by @poverty_action &amp; @NorthwesternU

📅Oct 28, 3pm CET

SPIA Chair Karen Macours presents a review of studies that both collect self-reported data from farmers &amp; carry out DNA fingerprinting on samples from their plots

https://t.co/Wqmh06Y5DS","#HUMINT #Tradecraft #OPSEC #Toebbe 
US Forever Stamps are self adhesive, so could perhaps be stuck on an envelope using gloves &amp; or tweezers, without leaving fingerprint or DNA #Forensic clues. As sold in sheets of 20, the other 16 may provide circumstantial evidence if found. https://t.co/RNAY9KzUOP",,,"@louvlyhee so i’m a forensic chemistry major! which means i study the identification of unknown materials (dna, blood samples, bodily fluids, etc. to be specific) found at crime scenes! it takes a lot of biochemistry + law knowledge to do so tho ☹️",@ChrisRic1984 @mchevns @khtb677 @NBCNews 🤣🤣🤣🤣🤣🤣🤣🤣🤣🤣🤣🤣🤣🤣🤣🤣🤣🤣🤣🤣🤣🤣🤣🤣🤣🤣🤣🤣🤣🤣🤣🤣🤣🤣🤣🤣

Your own PM was racially profiling Africans..

Are you saying it wasn't in the UK that someone said that Meghan's DNA would taint the RF? Or her mother is a descendant of slaves who picked cotton?,DNA recovered from the baby's rib bone helped investigators create a “genealogical profile” that led to a North Carolina couple. https://t.co/GZfuWQ9Oyq,,The Mutated Bacteria in The Blob Explained | Origins and Genetic Profile... https://t.co/Zo2aW6RQl4 via @YouTube,
DNA Nanoswitch Calipers Created as Possibly World’s Tiniest Ruler for Fingerprinting Proteins https://t.co/7QeS0JCBIb #dna,@Smilan317 Walk is the same and in the 
Olden days it could mark you like a fingerprint or a DNA test can 
Now.
Who else makes a pipebomb 
That doesn't go off.,,,Somethings fishy about Brian laundrie’s death.  I’m not sure I believe it was him.  I hope the coroner did dna on the bones and not just a “dental identification”.  🤨🤔 https://t.co/KqfPCBFORo,@EmmanuelTalam UDAku DNA and mindset...bro Talam hata hamfichi

Anyways continue with the profiling if that is what will give Arap Mashamba the presidency

https://t.co/W8otP1Bhbs,DNA recovered from the baby's rib bone helped investigators create a “genealogical profile” that led to a North Carolina couple. https://t.co/1qkGRnl169,,"@ShadowJediRb @thebilldozertx @mmpadellan My bent of my studies profile I am a Polymath, I love genetic details, I bred things, as a gardener, fish keeper, Chef, writer of complex genetic mutations in a future lab on a generational Space Ship sci fi epic. I dig deeply into all the current genetic knowledge and expand out",
"@Based_FIN OK, so register them AS illegal migrants complete with fingerprinting and DNA sampling.
Then investigate every one of them and, should there be the slightest doubt about their claimed background, deport immediately.","#OnThisDay in 1984, Professor Sir Alec Jeffreys identified the world’s first ‘genetic fingerprint’ at 09.05am 👏 

👉 https://t.co/vzo1L1ukym  👈

#UoL100 | #CenturyOfChange https://t.co/1tdJ3F8wqf",,,I know it’s not the most common identification method. But dental records are a 100% identification. I’m sure we will see DNA down the road as well. I talk about this more on today’s Emily Show podcast. https://t.co/3GVEE8zzh4,@gpdkaluma @ekisiangani @ahmednasirlaw @OmbetaC @KBonimtetezi @NduyaMuthama_ @MohaJichoPevu @HassanOmarH Mhesh the unfortunate but true reflection of UDAku DNA and mindset...

Prepare for profiling na kushughulikiwa sawa sawa by none other than @scherargei 

https://t.co/W8otP1Bhbs,DNA recovered from the baby's rib bone helped investigators create a “genealogical profile” that led to a North Carolina couple. https://t.co/IkHn5s3agy,,@__justplaying My dad has taken much more than that. I have a very thorough genetic profile.,
"DNA Nanoswitch Calipers Created as Possibly World’s Tiniest Ruler for Fingerprinting Proteins

Researchers suggest DNC technology could be applied to fields spanning proteomics and nanotechnology, structural biology, and drug discovery. Learn more: https://t.co/kdjrRTlDPF https://t.co/iVzDHzh1SV",@OldNormality @AbbeyTheatre Next will be fingerprint or DNA ...sure takes the .."let's go clubbing" to a whole new level...and sure more to come,,,Check out this course!
https://t.co/K4kfiMNw5K
https://t.co/cN9L9hsmKp
&gt; DNA &amp; Fingerprint Evidence &amp; Identification
&gt; Why this is important to your case

#InvestigativeCourses #ContinuingEducation #PrivateInvestigators #LegalInvestigators #DeathExperts #DefenseInvestigators,#NoMorePromises - instead create a fund for Care Experienced people  that guarantees a provisional driving licence and as many lessons and tests as it takes to pass.

Fund access to DNA profiling so people can understand their family background and chance of medical conditions.,DNA recovered from the baby's rib bone helped investigators create a “genealogical profile” that led to a North Carolina couple. https://t.co/6BzeXK2P1z,,"They wanted me to consent to the use of my genetic profile for a long-term study, and so I said sure, as long it wasn’t used for any criminal investigation. 

So they asked if I had ever committed a serious crime and I said no, but we don’t know what I’m capable of yet. Test me.",
@takesthecake2 @RErbium @krisgracehely @RageSheen @slsandpet @NjbBari3 @YouAreLobbyLud @sidherian @AlamYoosuff @RACGP @brookmanknight @JHRural @RealOzSAGE @imaanjoshi @drbecs @CdrHBiscuitIII @drajm @drgregkelly @emmaandollie @AndrewHewat @Randall87454048 @AlanBixter @xuchuanmei @CountryBee2 @RichardfromSyd1 @matt_barrie It's a bit like trying to use DNA fingerprinting in a world where everyone was a clone of everyone else and incest was the rule not the exception.,Covid pass...ID cert..tickets for indoor events..next will be fingerprint or DNA??,,,#Oncology #Genetics #Boinformatics: scientists propose a novel method for classifying the mutagenic mechanisms involved in tumorigenesis. The method could facilitate the identification of mutational signatures associated with DNA repair deficiency - https://t.co/4chOzw4a2E https://t.co/GelpDapl7C,@ranikhet That is one of the dark directions DNA studies (profiling) is taking.,My DNA profile updated again. Lol these damn epithelial cell databases just keep growing and growing. Now it's tagged me in the Baltics and my first time getting Native American.,,@lil_doc_b No.  But there are some medical things to consider.  Mage genetic profile.  Find a great doc for advice.,
#UQ researchers are DNA fingerprinting Taro to identify salinity tolerance traits which may boost food security in the Pacific region. 🍠 https://t.co/iowZ8olGYk

@UQ_News @UQscience @DAFQld @millicent_smith @Godwin_UQ https://t.co/v0gErcoYTO,To read more about our Forensic Services @SPA_Forensics.  
✅500 highly-trained and skilled scientists and staff.
✅4 main laboratory sites across Scotland.
✅ Biology: DNA; Chemistry &amp; Document: Drugs and Toxicology:Fingerprint Comparison:Firearms:Scene Examination plus!,,,@shelster07 @BrianEntin Number one DNA should be done for identification. Number two a FORENSIC ODONTOLOGIST specializes in identifying remains through dentistry. Try looking it up. One should have been called in. No one in the ME's office is one.,"Colin Pitchfork was the first person to be convicted for rape and murder using DNA profiling.  He was arrested on September 19, 1987, and sentenced to life imprisonment. He was granted release on licence in June 2021 and released on September 1.

https://t.co/sNOz0ABPFC","🐕 TERRY went #missing at Matara wedding venue #Kingscote #Tetbury #GL8 26/9
SUBSTANTIAL REWARD FOR SAFE &amp; FAST RETURN
He has VERY IDENTIFYING MARKINGS,
🔴LONG LEGS
🔴DISTINCTIVE KINK IN TAIL
🔴WHITE CHIN
🔴WHITE SPOT TO CHEST
🔴DNA PROFILE HELD FOR TERRY 
https://t.co/p87s5mps4t https://t.co/9CFhgbQ6uU",,@_Carroh How can you change what is in your genetic profile ?!?,
DNA fingerprinting the 'food of the gods' #DNA #fingerprinting #foodofthegods #research #newspaper

Read more about this here: https://t.co/Oev3d661wy

Subscribe for free to ResearchNews Newsletter: https://t.co/Kn45WMffGU https://t.co/70njQWltKL,"When we talk about DNA &amp; consider the DNA of our organisation, how can we go deeper &amp; understand the unique values that represent us? or our staff? our players? What does your fingerprint look like? How can you use this for player development? #SparkYourCuriousity #FingerPrint https://t.co/J5hFxge1BS",,,"@CatherineMasie @BrianEntin Yes, sorry I replied and then reread your tweet again and was like oh okay comprehended that wrong 😑. Exactly I just wish no identification would have been made until they verified with DNA it would’ve really helped with some people spreading false ℹ️ or conspiracy’s","The correct answer was DNA profiling. Technology caught up DeAngelo, like I keep saying it's a tough job being a serial killer nowadays, not like back in 70s.","@snaxodus well for one it's not even always accurate and sex isn't a letter it's many layers of gene expression, DNA structure, hormonal profile and receptor sensitivity/quantity.",,Expression Profile and Prognostic Value of Wnt Signaling Pathway Molecules in Colorectal Cancer: Colorectal cancer (CRC) is a heterogeneous disease with changes in the genetic and epigenetic levels of various genes. The molecular assessment of CRC is… https://t.co/gjNMusKaxA,
@Smooch10046744 @PhilM22524472 @MailOnline Interesting timing. Just after the rerun of Code of a Killer on ITV. A case famous for the first use of DNA screening &amp; genetic fingerprinting.,"Fingerprinting proteins with force: What if we could identify proteins as easily as we can sequence DNA and RNA? Perhaps soon we will, thanks to new DNA Nanoswitch Calipers. DNA Calipers create a unique 'fingerprint' for peptides (the building blocks of… https://t.co/jKLRfKUECA",,,@AussieShellz @Misstiblu @BrianEntin I definitely agree with you I don’t think any identification should have been made without running DNA. This makes everyone handling this case look incompetent imo. They’ve definitely made a mess of this case.,"@thu_hv @RALCW1 @baldcold @waaaatt76 share the most similar genetic profiling to modern Egyptians, Palestinians and etc than to Arabians who appear to be a mixture of Natufian and Mesolithic Levantines and high Iranian Neolithic farmer DNA as well. BedouinA are different from BedouinB as well. https://t.co/cclooqoQq8","@badboyntx @BadVaccineTakes The problem is that this doesn’t add a 3rd whole DNA profile.

It adds a gene or two.

To add a 3rd profile, it’s messy, and quite simply, not possible.

If you count one parent as profile A, the other as profile B, the fetal cells have 2 more parents, with unstable chromosomes.",,"Great to see Denzil James discussing the BRC- supported @ICR_London @royalmarsdenNHS PROFILE study on @PackedLunchC4 , investigating the genetic factors that influence men's risk of #prostatecancer 👇

#FutureofCancer #WhyWeDoResearch https://t.co/OAKhinOfmP",
"@huggies7th @Traxxtra Should be fingerprinting, photographing and taking a dna profile from every one of them",@PplsCityCouncil @digitalurn @LAPDHQ Our cops not only refuse to tell you who they are or if they're even cops but won't even tell you what they're arresting you for

I didn't know it was a felony until the fingerprint lady took my DNA

https://t.co/rF9z7e7eIs,,,"@shazlick79 @joe_klement I am more than well aware as I live in a similar climate to Florida, however if you read my previous tweets from today, identification of human remains by dental records is not completely foolproof, ONLY DNA is considers the gold standard. 
#BrianLaundrie 
#GabbyPetito","@AdamCornett81 ada, thanks again 🤗 my profiling abilities are on point 🤣",@2_fiat @jhillmd This is what they would ideally study. What are the commonalities between ppl who have bad reactions to the V? What their DNA profile? Etc.,,"@Europa144 @siIver_wind @Mythioto @TheRightCant Whilst I can only agree we should care for genetic health just as we mandate masks and vaccines to stop pathogens, I disagree with the 20th century prejudice aspect.  Given your profile, you don't look like the scientific kind.",
"Single-molecule mechanical fingerprinting with DNA nanoswitch calipers | Nature Nanotechnology" https://t.co/BWYb3gYWUP,"Lowndes Co. Sheriff's Department gets CSI training on preserving fingerprints, other DNA evidence at crime scenes https://t.co/6kSHKKdE4z #forensicscience #Udemy #CSI #forensicscienceacademy #crimescene #evidence #fingerprint https://t.co/K2EJepHMa8",,,@Misstiblu @SimplySeleste @BrianEntin Identification should NOT have been made without DNA &amp; do your research as they don’t make DNA the “gold standard” for identification of human remains just for laughs. Sorry but I agree to disagree. LE has made this case a total cluster F from the start!,"Project Elephant Division and Elephant Cell convened a meeting under the Chairmanship of Shri Ramesh Kumar Pandey,  IGF (PE) to discuss modalities for conducting DNA profiling of captive elephants in the country. https://t.co/zJ2It3J7D4","The lab was able to examine DNA from the rib and conduct a genealogical profile. It led to a family in North Carolina, and two people are facing charges.
https://t.co/5XRZWG1ZPU",,Genetic Profile of Endotoxemia Reveals an Association With Thromboembolism and Stroke

https://t.co/4Th97Q0AMK,
"DNA Nanoswitch Calipers Created as Possibly World’s Tiniest Ruler for Fingerprinting Proteins

Researchers suggest DNC technology could be applied to fields spanning proteomics and nanotechnology, structural biology, and drug discovery. Learn more: https://t.co/kdjrRTlDPF https://t.co/pdSNy12H8u","@ashleyyhickmann I wonder if they actually extracted DNA from the tooth root pulp or if they did a radiological comparison. I'm not sure if the second is as accurate as fingerprint or dna. I do know that with bite mark analysis, they tend to not be accurate and people have been wrongly convicted",,,"@mark_riedle Ummm, this is not quite how dental identification works. You can't just pop a tooth or two out.

Now had they said it was a #DNA match (to a tooth) then that would be a different story. 
#BrianLaundrie #justiceforgabby #heyjb",The development of forensic DNA profiling helped identify when we got it wrong  — @KeithAFindley,Oxidized Cell-Free DNA Rapidly Skews the Transcriptional Profile of Brain Cells toward Boosting Neurogenesis and Neuroplasticity https://t.co/09u3vQy3Im https://t.co/df5pQG1yiW,,"#ArrestFauci has the same genetic profile as #TrumpRussia. Find dirt—any dirt—and blow it up.

America has become obsessed with engineering foes and publicly crucifying them. We need Awakenings, we get Rambo.",
"DNA Nanoswitch Calipers Created as Possibly World’s Tiniest Ruler for Fingerprinting Proteins

Researchers suggest DNC technology could be applied to fields spanning proteomics and nanotechnology, structural biology, and drug discovery. Learn more: https://t.co/kdjrRTlDPF https://t.co/gsqWtenhf7",@ReverendAliks @MetvphorRaps There was no national fingerprint database at that time and dna testing was non-existent,,,@rachyr71 The DNA is not back. But dental record identification is a 100% identification. It’s an accurate ID method and was done by the FBI.,"@BrianEntin Generally, the best profiling results are obtained using demineralization protocols that aim to fully dissolve the bone matrix to release the DNA.",@b_t_s_4life BTS pink hair guy (Jimin) 😭😭😭
Bts deep voice guy in their recent song (dna 2017) 
BTS member profile 
Bts songs 
Bts guide 
Bts song translation (the first thing I wanted to know was the meaning of their songs),,"no longer have to rely on DNA samples from bones or teeth to gather enough genetic material to recreate a profile of ancient DNA. Same technique has been used during the pandemic to test the sewage of human populations to detect, track and analyse Covid-19 https://t.co/kWQQv97zjF",
@palesa07901048 WHY IS HOME AFFAIRS &amp; LAW ENFORCEMENT AGENCIES ALLOWING FOREIGN NATIONALS SYNDICATES TO TURN OUR COUNTRY INTO FREE FOR ALL CRIMINAL SYNDICATES BANANA REPUBLIC??
ALL FOREIGN NATIONALS IN OUR COUNTRY MUST HAVE SPECIAL DNA FINGERPRINTING DATABASE FILE FOR CRIMINAL RECORDS PURPOSES!!,"@Velislava777 @amazon @Google Genetics should not be used as a form of “personalized” learning. Just like your fingerprint or iris scan, DNA can’t be changed. This type of #biometric student data collection should be prohibited as the risk of misuse, breach outweighs any #edtech promise.#privacy #surveillance",,,@ZuFromTheBando How? The FBI was prepared for the contingency that #BrianLaudrie might be found dead. They were ready to make a dental record identification. The DNA results are to come &amp; will say the same.,An Epigenetic 2-for-1 Deal: Joint-Profiling of DNA Methylation and Chromatin Accessibility https://t.co/dThpebQxZ1 #method #protocol,DNA recovered from the baby's rib bone helped investigators create a “genealogical profile” that led to a North Carolina couple. https://t.co/u6XpUe2jSS,,"@Surgeon_General @HHS_ASH I think you are wrong. If we look at the genetic profile, it is clear that Levine has an XY-profile. That is defined as a man by all biological standards whether you like it or not. XY = male. Female = XX. So this is misleading information imo and should be taken down! #woke",
"ARS Ag Genetic Resources Preservation Research Lab uses genetic fingerprinting to compare DNA profiles of Apple trees from 1800 &amp; 1900s w/ those stored in USDA Nat'l Plant Germplasm Sys. Apple Collection, to ID cultivar names guiding conservation efforts➡️ https://t.co/XYKT72vXMH https://t.co/Kknr19DVHj",Yargi fans do you guys remember did they do dna test of the clothes inji was wearing when she died?  If yes then it must have engin's fingerprint on it???
#Yargi,,,@AussieShellz Identification via teeth is way different than bite marks. He’s dead. It’s over. People hate to accept the truth. DNA will prove it’s him as well. Give it up,"How long does it take to get DNA from skeletal remains?
Generally, the best profiling results are obtained using demineralization protocols that aim to fully dissolve the bone matrix to release the DNA. These protocols often take 12 h or more. #brianlaundrie #justiceforgabby",Your Baby Name DNA is made up of a combination of types unique to you. Analyze your Baby Name DNA genome here to create your individual profile and generate lists of names chosen especially for you.,,"@SintashtaRape Tagarians were Andronovo + a bit of (~20%) Siberian ancestry, no modern population resembles them, closest would be Uralics 
Caucasian Alans of that time had a modern Northwest Caucasian genetic profile
The Saka were like Pamiri Tajiks, but with additional Sintashta (65% vs 40%)",
New content online: Single-molecule mechanical fingerprinting with DNA nanoswitch calipers https://t.co/ZXCqqq6bvL https://t.co/yWNpVUL1ED,"We are created with a unique DNA and unique fingerprint, that shows us God cares us as a unique and individually person. He is very serious about you, me and everyone. You are holy because you are life and life is holy, and everyone are expecting people to respect them(life).",,,"From my research, I see dental identification isn’t always foolproof? I still believe DNA being the “gold standard” should have been used first for ID of #BrianLaundrie  

Accuracy of dental identification of individuals with unrestored perma... https://t.co/fXRZNviWGZ",PubMed_ High-throughput and affordable genome-wide methylation profiling of circulating cell-free DNA by methylated DNA sequencing (MeD-seq) of LpnPI digested fragments https://t.co/vnZbfaReE1,@FPLKSI The topic of race and North African’s (esp Egyptians) is v complex. Standardised definitions are western. Fwiw from a dna pov a in Egyptian is more likely to have a closer profile to a black African than a Caucasian European.,,"@aliatifsaeed @SmogNotFog @MaryamNSharif Yours right? Even at the time of Champions trophy, genetic unhappiness and hate took over. You're also the one with the same one-line shit posts consistently for almost 10 years on MN's profile. Hope the mental illness isnt genetic. https://t.co/7YtOeyuLZe",
"Fingerprinting proteins with force: DNA nanoswitch calipers allow scientists to measure distances within single molecules using force, opening a new avenue for single-molecule proteomics. https://t.co/YwYVn52uud","PART-IV REF 6880
WE MEAN CERTAINTY ABOUT A FINGERPRINT, WHEN THERE IS NO SUCH THING AS A 100 PERCENT MATCH? WHERE IS QUALITY CONTROL IN  LABORATORIES &amp; AT THE CRIME SCENES? SHOULD WE SO READILY ADOPT POWERFUL NEW TECHNOLOGIES LIKE FACIAL RECOGNITION SOFTWARE -RAPID DNA MACHINES?",,,@JackNotANumber Teeth and bones are frequently the only sources of DNA available for identification of degraded or fragmented human remains. #Brianlaundrie,New article: High-throughput and affordable genome-wide methylation profiling of circulating cell-free DNA by methylated DNA sequencing (MeD-seq) of LpnPI digested fragments https://t.co/abWfP891MI #colorectalcancer #oncology https://t.co/niVF94C9RX,"@pinkmonkeygin @tescgreen @BixWeetabecke As I said, Irish is not British. You yourself are living proof of migration in Britain. I have done an Ancestry DNA profile. English/NW Europe is 1 DNA category. Maybe they do a special ‘pureblood’ one for people who really really need it.",,"@egavactip Yes, I’m sure some would advocate for a Brides adaption of the Grooms genetic profile as well. However, I suppose a culturally perceived Majority Share of any progeny’s genetic make-up, is an acceptable… Compromise.",
DNA Nanoswitch Calipers Created as Possibly World’s Tiniest Ruler for Fingerprinting Proteins https://t.co/odx12ykUSw 
@GENbio 
#nanobiotechnology #molecularbiology #biomolecules #Biotechnology #sciencetwitter #scicomm,"If variations in rate of squamous cell oesophageal cancer do not have a DNA mutational fingerprint, perhaps the high UK adenocarcinoma rate doesn't either? https://t.co/JLFc4hYnTS",,,"@JackNotANumber his dentist did. HIPPA allows for them to be released for identification purposes. They were collecting DNA samples from the house weeks ago assuming they would find him dead, you dont think they got the dental records in advance? Even if they didn't xrays can be emailed","GENETIC PROFILING 
Although there's big teams of scientists working on it, we still don't know everything there is to know about genetic and certainly ancestral DNA inheritance.","@Antlad30 @BourgeoisViews @TomOBrien0401 @gkylilghost @marvinskyelo @AnnaEsse @5haronl @Francis60905029 @PamGurney70 @poppypippa2 @bob93265343 @MikeJakey1947 @Babs108164110 @forevershallon @MayklWalker @SidShite @Madamdefa @Shannon_McCann @vera_broughton @PhilipTann1961 @jam_J_M @Maddiesvoice1 @MistyDa83907643 @debgee9 @Shirley60483124 @MaverickLite @MikeJakeman5 @artsmarse @Irissykes14 @ScamHunter487 @craig_c83 @Patriot_4_MAGA @Lostinthecity7 @chickienob @emily23800584 @Esjabe1 @D_Owanlen @Andreamariapre2 @JBLittlemore @lindale22381726 @D_Dobrovetsky @milesbetter73 @Shatnerella @njbennett @ElizabethKeesey @LostCuriously @MMTRUTHORLIE @Neil81417504 @McCannCaseTweet @kathypriestley5 In other words, you haven’t seen any reports from the FSS that claim Madeleine's full DNA profile was found in the boot of the hire car. Thanks for confirming that. I knew you wouldn’t let me down.",,"@mistergoodgod My genetic profile says different. Since junior year in high school, there hasn't been a time when I couldn't throw up 300 on bench. Even with a decade of lethargy and sedation. Muscles in atrophy, tossed up 300 still to prove to my bro-in-law I wasn't lying.",
"Scientists working @wyssinstitute @Harvard, @harvardmed, and @BostonChildrens have used DNA to create a #DNA #nanoswitch #caliper, possibly the world’s tiniest ruler for measuring #proteins. https://t.co/MEXaGErRCn (Work funded by @NIH and @DeptofDefense)",@AnneLeb123 @LadyKethry @WFLAJB @NorthPortPolice Exactly.  And if it was planted.  At least bag it.  Fingerprint. Do a DNA Profile on it if can etc 
And charge the person that would do something like that..

Too just nope nothing ...
Weird,,,"@teaplings @imsdac @_ReggieG_ @BrianEntin It’s not 100% accurate. Generally around 70% accurate, so they use DNA which can be around 95% effective. Dental identification, although generally reliable for quick identification, has had many cases turn up where the identification was wrong.",,"@christinaa_xoxo @HuttonNatalia @WFLAJosh When have dental identifications been wrong in recent years? Dentition is as unique as a fingerprint, and more specific than DNA. Also, the FBI would not have announced an ID in such a high-profile case unless they were absolutely sure.",,"@ScheidsVI @joshrogin @KenanRahmani @EcoHealthNYC @emilyakopp If it's so debatable, then find me a genomicist who has examined the genetic profile of WIV-1 and SARS-CoV-2 and thinks it's possible the former could have evolved into the latter

Otherwise, I'm content to rely on the uncontradicted statements of the experts that it's impossible",
DNA fingerprinting the ‘food of gods’.

Taro is under threat from rising sea levels but wild Australian plants being cultivated by #UQ may help boost food security in the Pacific region. @millicent_smith @Godwin_UQ
@QAAFI

https://t.co/o1VqWMjwG8 https://t.co/egSDQwWwnk,imagine being like a murderer the day before like DNA or fingerprint analyzing was invented
just got away with everything cleanly and then get arrested and told "yeah you left a fingerprint so we got your home address" like they'd have no idea whats going on,,,"@RyleeMaddoxox @DStorm0161 @BrianEntin From when I took college level forensic science in high school, I remember the stories of dental identification messing up. Hell, even DNA can, but dental was more likely.",,@v_gholave @TOIMumbai @ie_mumbai @mid_day @dna @HTMumbai @thaver_mohamed @disha2791 @LegalLro @swatidTOI @DiwakarSharmaa @PTI_News @barandbench High profile celebrity cases are so important that such important case of appointing members of SHRC is kept aside!No media wants to pursue it too.,,"@SarahOC_MECFS @carolbinks a classic case of how ME is indeed caused by an infectious agent that causes disease in those with a certain genetic profile.

3 generations in one family ! gosh !

of course, bastard shrinks will say its mass hysteria  but those not into 19th Cen' pseudo science know otherwise !",
"Scientists from @wyssinstitute, @harvardmed, and @BostonChildrens have utilized #DNA to create what might be the world’s tiniest ruler for measuring #proteins.

Read more @GENbio:  
https://t.co/xDNayGgiLN",@Opinion_Daddy Why are you even bothering to question this? If it belongs to Brian or Gabby there will probably be some kind of DNA or fingerprint somewhere on it. Let them look at it and make the determination rather than you just guessing and talking trash like a weenie.,,,@AliceRosex93 @JulianaTheJaded @KimGlynn @BrianEntin So bone destruction shouldn’t be your problem. We could have a DNA identification by now.,,"This case gets even weirder.

Apparently in 1995, the statute of limitations for rape and assault was five years.

DA Ray Gricar and Thomas Jordan filed an arrest warrant for a DNA profile to prevent that.

Ray Gricar went missing in 2005. https://t.co/ivMzvPgIXr",,@GrowingCures @heknowsgrows He must have added auto trim to the genetic profile https://t.co/jzlJRTp0va,
DNA fingerprinting taro: The 'food of gods' https://t.co/vOIUSrnBV0,To figure it out with fingerprint &amp; dna test? How many @davidhowell @MartinDempsey01 or @DavidPetraeus do you have 530 or more?,,,@SaraInStereo @TracyDAustralia @Bertica520 @BrianEntin Dr Joseph Scott Morgan stated the same.  Dental identification is 75%. (Without DNA)

https://t.co/YS2HoSMEpm,,"@IamL3J3ND If you wanna be a criminal you gotta keep an extremely low profile there are millions of cameras, crazy dna technology and 80% of the guys on the street are rat informants you have to be super careful it’s hard to get away with anything now.",,"@cia Leslie Ann Shedd fits the profile of a Eugenics program related birth tied Queen Ann and Queen Annes Seatle, and German intelligence working with OSS CIA MI5. Her name is a flag of possible genetic connection to the program, and her death may have silence her on the porgram.",
"A new tool for identifying #proteins “integrates molecular biophysics with cutting-edge DNA #nanotechnology to allow us to interact with and analyze biological molecules in a truly novel way,” says our @DonIngber @wyssinstitute. https://t.co/m2XSSGE0qf","@Carti_Mandua It needs a DNA/Fingerprint database of all ‘immigrants’ shared with all European countries. All ‘immigrants’ are checked against the database, and that of all Police Forces to root out the chancers and criminals. Any with no verifiable docs are rejected immediately and deported.",,,@JosephMorrisYT @lakmustang_kerr DNA samples from skeleton remains can only come from bone marrow. @BrianEntin reports that no DNA analysis has been done yet on the skeletal remains. The identification of BL was made using dental records which is highly accurate.,,"FDA Advisory Committee voted today to approve Pfizer COVID-19 vaccines for children age 5-11 at one-third the adult dose. The side effect profile seems better than for adults. With vaccines against COVID, children will be protected against MIS-C, long COVID, and myocarditis.",,"The ancient horses bred in the lower Volga-Don region ofRussia were'nt the 1st to b domesticated by humans –there're older examples of horse riding in CentralAsia Iberia&amp;Anatolia– but the particular genetic profile of these creatures seems to have been the most useful to humans" https://t.co/rk7RkewVan,
"Ms. Gambaro-Gunn's genetic biotechnology walked to the Genetics and Biotechnology center  @UWMadison and met with 4 scientists about their work in DNA Fingerprinting, work toward growing organs using cells from pigs &amp; using DNA to locate soldiers missing in action during WWII. https://t.co/FfTsrW9A4L","@telegraaf @mariannezw People want to take Control ,from something that's already Out of Control? To late?
The Internet ,Facebook ,Instagram ,Tik Tok,Twitter, Cameras WhatsApp,  Eyes&amp;fingerprint ,DNA ,Apps,shopping ,Paying,The Farmaceutic🧩Industrie,our Smartphone&amp;productOkay?Rich&amp;our Data/a numbre😷🩺",,,@neevie48 @BrianEntin You might not care about cause of death but FBI certainly will if it enables them to further investigate a homicide case. DNA testing wasn’t done first as per my previous reply. They’re not going to state they have a positive identification based on a few teeth.,,"@alishaharveyx I’m thinking due to the high profile of this case, they are doing DNA identification as well.",,Application of Cluster Analysis of Time Evolution for Magnetic Resonance Imaging -Derived Oxygen Extraction Fraction Mapping: A Promising Strategy for the Genetic Profile Prediction and Grading of Glioma https://t.co/ZAmnDLOEQH,
Single-molecule mechanical fingerprinting with DNA nanoswitch calipers
https://t.co/n8gOKcKDjS,@topsbycop @kennedyBrooks26 @GovStitt @Jeremiah_Hall27 Unfortunately you should reread the same transcripts. You have retold &amp; misrepresented the facts horribly. No DNA evidence is given by the State from inside Howell`s Suburban. A fingerprint of Julius' on a receipt in Jordan's Cutlass must be the DNA you are confused about.,,,"They faked the dental identification, but they'd never fake the DNA results! https://t.co/Fuamdk9Gfy",,"#TalkNerdyToMe #Coralreefs #OSU
@AVompe  investigates coral resilience to local and global stressors in Mo'orea, French Polynesia. Alex uses 16S sequencing to better understand the effect of stressors on the microbial ecology of these Coral reefs.   follow-https://t.co/49gwVoS852 https://t.co/UZMZtFasBT",,"This could also backfire. For one, #China is lusting after the genetic profile of the world. If they can infiltrate our corrupt governments, so will they our DNA banks to help them engineer the most deadly virus. Just saying https://t.co/0MA5xEwtpL",
"Single-molecule mechanical fingerprinting with DNA nanoswitch calipers

Nature Nanotechnology, Published online: 21 October 2021; doi:10.1038/s41565-021-00979-0

DNA nanoswitch calipers can measure distances within single molecules with atomic resolution… https://t.co/CKaGNK7GO1","@CALMwildflowe No. I know it sounds crazy and like I've been watching too many true crime dramas, but I need DNA evidence at this point. The dental records aren't enough. And yes, I know they are "as unique as a fingerprint"",,,"@Em_meh That would mean it was done properly. However, the identification was only confirmed through comparison. No dna confirmation. https://t.co/dxxVkIBPWK",,"@scrlovelife @Izzie78500068 @WFLAJB @NorthPortPolice I believe the remain’s are Brian’s 🤦🏻‍♀️ I don’t understand what made you assume I thought otherwise. Like you said, this is a high profile case with many mess ups so it’s natural people would rather await DNA analysis to be completed to be sure it’s him",,"As long as these corrupt people know our entire genetic profile, they will be able to interfere with it.  And not only the genetic, our profile of behavior, character, etc. https://t.co/93guEIJclo",
"Brain fingerprinting is to me more attractive than DNA fingerprinting, because it is dynamic. I just cannot wrap my head around (literally) putting magnets everywhere for, say, shopping. Great to see advances: https://t.co/F5sYzvbXrK","A retinal hash would appear to be a plausibly effective way to do this. They probably have good reasons not to use a fingerprint hash. Other alternatives are what, a fictional “instant DNA hash”? (Immediacy is also important.)",,,"@BrianEntin Dental records are extremely accurate for identification purposes. Nuclear DNA is difficult to get from skeletal remains so mDNA would have to be used which is maternally inherited, meaning everyone in a maternal line have the same mDNA",,"@TrueCrimeCTime @Izzie78500068 @WFLAJB @NorthPortPolice well DNA wasn’t available at the time the remains were found &amp; this case is high profile so they did the next best thing which was dental records. &amp; you know what, once the dna comes back as Brian’s you people will still find some reason to not believe it",,"@MisterRan @Amosberg As long as these corrupt people know our entire genetic profile, they will be able to interfere with it.  And not only the genetic, our profile of behavior, character, etc.",
Fingerprinting proteins with force: DNA Nanoswitch Calipers allow scientists to measure distances within single molecules https://t.co/lJzJz3KI0I,"@Ginger_Devil19 The thing is that no one's dental records are the same, and if it wasn't clearly him they would've ruled inconclusive. The way your teeth pivot, sit, any fillings, chips, etc...it can be as unique as a fingerprint. They ofc will likely get the DNA from it &amp; test as well.",,,@BrianEntin Is this normal?
I mean: is DNA testing that complicated? Isn't it the most reliable form of identification? Shouldn't it be the first thing to do?

What am I missing here?,,"@Antlad30 @BourgeoisViews @TomOBrien0401 @gkylilghost @marvinskyelo @AnnaEsse @5haronl @Francis60905029 @PamGurney70 @poppypippa2 @bob93265343 @MikeJakey1947 @Babs108164110 @forevershallon @MayklWalker @SidShite @Madamdefa @Shannon_McCann @vera_broughton @PhilipTann1961 @jam_J_M @Maddiesvoice1 @MistyDa83907643 @debgee9 @Shirley60483124 @MaverickLite @MikeJakeman5 @artsmarse @Irissykes14 @ScamHunter487 @craig_c83 @Patriot_4_MAGA @Lostinthecity7 @chickienob @emily23800584 @Esjabe1 @D_Owanlen @Andreamariapre2 @JBLittlemore @lindale22381726 @D_Dobrovetsky @milesbetter73 @Shatnerella @njbennett @ElizabethKeesey @LostCuriously @MMTRUTHORLIE @Neil81417504 @McCannCaseTweet @kathypriestley5 You've repeatedly claimed the FSS changed the results of the DNA tests, but you've never substantiated this claim. 

Have you seen any reports from the FSS that claim Madeleine's full DNA profile was found in the boot of the hire car? I'll even give you a clue: you haven't.",,Aromatherapy spray linked to US deaths faces recall | US and World News | https://t.co/epYV8aa1Dm: The spray found in the Georgia patient's home was made in India. The genetic profile of the ... US kills senior al Qaeda leader in Syria… https://t.co/X25oVOfJ7L #isis #aqis,
Single-molecule mechanical fingerprinting with DNA nanoswitch calipers https://t.co/IRpqaJHRZt nanotechnology https://t.co/IX1VpQeyKI,"Some of the most common types of reasons why expert witnesses are called upon include:

Forensic science, Accident reconstruction, DNA analysis, Fingerprint analysis, Cases involving breathalyzers, Mental health assessments, Handwriting analysis.

#Oklahomapersonalinjurylawyer https://t.co/SCxNzCPBJL",,,"@alishaharveyx I’m thinking due to the high profile of this case, they are doing DNA identification as well.",,"Association of a body fluid with a DNA profile by targeted RNA/DNA deep sequencing - ScienceDirect" https://t.co/BHxYBVgT0I,,"@VladPapi To my understanding each sperm carries half the dna necessary for a functioning human.

Each will have a unique genetic profile, which is why in vitro works, you select the best combo.

So yeah each one would contribute to a different phenotype, inherited from the parents’.",
"@RneLrk @thehill Dental records, like fingerprinting, are the classic method of forensics, predating DNA. DNA forensics have only really been a thing for about 30 and can take days while the other two have existed for over a century and thus can be completed much quicker and cheaper",Of Police System .... Prone To https://t.co/8rxHOfOGPL A Mickey Finn of Odd Behaviour ? detected in DNA Fingerprints Test as ATM DNA Fingerprints Card Scan as Mobile Phone DNA Fingerprint Screen Scan as Bank Note Counter Scan so on ?,,,"@neevie48 @BrianEntin Dental records are a commonly used method of identification, cause of death has to be determined first before DNA analysis is undertaken as it may require some form of damage to the skeletal remains. Not complicated and not a conspiracy.",,Oxidized Cell-Free DNA Rapidly Skews the Transcriptional Profile of Brain Cells toward Boosting Neurogenesis and Neuroplasticity https://t.co/sRg0t7wXbq https://t.co/BWRwdNm3lP,,CONGRESS|#COSTEM21| Robin Foa discussed that the patient with a favorable genetic profile at diagnosis with no ABL mutations on MRD+ cells and sustained CMR can use allo-SCT #leusm https://t.co/vU9nXCvGEQ,
"Single-molecule mechanical fingerprinting with DNA nanoswitch calipers
Prakash Shrestha, Darren Yang, Wesley P. Wong 
@Nature Nanotechnology (2021) https://t.co/xJEfsjStCJ @NatureNano","“biometric identifiers are extremely dangerous, they can’t be revoked, they can’t be reissued.” You’re pretty much stuck with your iris, fingerprint, and DNA forever—this isn’t a password that can be changed whenever it’s compromised."

https://t.co/biPBU9b4IX",,,@BrianEntin But why hasn't that been done yet? Isn't DNA the most accurate form of identification of remains? I know dental is also accurate but DNA is better.  Especially in a case like this with so many mistakes.  Gabbys was done fast.,,Great Job @sudhirchaudhary Sir!

Thanks for taking the lead and busting a very high profile #FakeNews of this week #ShamiKiFarziTrolling 

Keep up the good work! 
@ZeeNews @dna https://t.co/3wSvUpFkHv,,,
,"@MsEvaLordes @olguith @FOX13News That's traditionally not how dental records work. They don't pull DNA, they match the teeth. It's kinda like your fingerprint, it's unique to you.",,,@BrianEntin Can y'all believe they id'd that body off a partial skull and dental records when DNA is gold standard for identification?  It's unreal how backwards this investigation is.,,How DNA helped find two parents that allegedly left a baby in the trash 30 years ago. 

https://t.co/2UPbBHHRxG,,,
,"@MarcMixy @digitalcooki3 Let's get sciencey here, white gloves reflect light but black gloves absorb it, light normally makes you hot, typically if you wear white gloves it is much less likely for your sweat to cause your fingerprint or DNA to be left on what you touch, hence why when you see people 1/2",,,@Dutch_oma @Hager_bomb___ @WFLAJB @NorthPortPolice But they’re not saying they couldn’t get DNA and don’t they usually back up the initial identification? WHY. HAVEN’T. THEY. DONE. THIS!? sorry not yelling at you. I’m just so frustrated!,,⭐ NEW RESEARCH! Konigsberg et al. profile DNA methylation in blood samples from SARS-CoV-2 cases &amp; controls. The authors use machine learning to classify infected vs. non-infected individuals &amp; predict clinical outcomes related to disease severity. 

https://t.co/hvn9zP5KWT,,,
,"Really cool new paper out from Wesley Wong's lab (my postdoc lab and longtime collaborator @wyssinstitute). A real tour de force (literally!), using DNA nanoswitches and single molecule techniques to mechanically fingerprint molecules. https://t.co/CaOOYYIxqC",,,@WFLAJB @NorthPortPolice I can't believe that he was identified solely on dental records from a partial skull to start with.  Nothing wrong with comparing but you can get DNA from bones and teeth.  DNA would have been first line in identification and then release for certain.  Botched investigation!,,"DNA Agency Owner Tip:

Setting up your Google My Business profile is critical! 

People aren’t searching for paternity testing services on Facebook, Instagram, or Twitter. They’re looking on Google. 

Get on Google Search and Maps! 

https://t.co/I9xQbrpVH4",,,
,@Sherri761 @jwcarlson1984 @Nerdy_Addict You know dental records are like the most accurate form of dna right? Just as much as a fingerprint.,,,@KendallRaeOnYT @FoxNews @NancyGrace This is one of the things that bothers me so much about the news. Dental match is all the identification you need and the DNA takes time.,,"@Daliyaholender Where have you read their is no dna match?

Do you mean the results haven’t come back yet, or the results are in and they don’t match his dna profile?",,,
,"@WFLAJB Although it's not DNA confirmation, dental records and each person's single tooth is as unique as a fingerprint, no 2 people are identical. A Forensic Dentist can confirm with just a few teeth and his dental x-rays that it's him.",,,DNA analysis from skeletal remains led to Francis Wayne Alexander’s identification after 45 years. https://t.co/YmZfSNTQPk,,@porleahhh @goldfishfund Like if he wanted a Black kid he would’ve fckd with a Black woman.  Dealing down his DNA is irrelevant. Mfs say niggas everyday and aren’t asking for their DNA profile 🤣,,,
,I see no press release announcing DNA or fingerprint match to marks around #GabbyPetito's throat here: https://t.co/0MdqqVtGN3,,,@WFLAJosh @WFLA I won't believe anything until the DNA identification,,Interested in the DNA methylation profile of e-cig use? Read our new paper here: https://t.co/1cSgwdCr60 with @BeckyRichmond90 @MarcusMunafo @soozaphone @csrejon et al.,,,
,"@WFLAJB Apparently, DNA can be extracted from the teeth and roots, also any amalgams, and bite pattern.  Also, interesting is that teeth have an enamel rod print that is similar to a person's fingerprint - unique to an individual.",,,@swissmiss most shelters are mixed dogs but they usually have a good idea of what makes it up. you can also get a Dog Breed DNA kit because that will help you with diet and then what forums you read.

https://t.co/8yyFzsHghR,,@AymannJames The same red bandana found wrapped around the murder weapon that his defense said world exonerate him through DNA testing which came back with only one clear DNA profile...Julius Jones. He's guilty.,,,
,"DNA them, photograph them, fingerprint them, and send them on their way. Pedos are constantly looking for new victims. Let Rep. Veronica Escobar be an advocate for them, in Mexico. Every nationality; Somali, Sudan, Syrian, etc come through the border. There are Pedos mixed in.",,,"@revjohnmckay @Nerdy_Addict For reference, look at the case on wfla where they got dna from 30 year old bones of a dead infant. They couldnt even determine the sex of the baby because of 30 yrs of composition. But they got DNA. So, if they claim they cant after an identification from a partial skull....",,"In the high-profile #AryanKhan alleged drug case, former Attorney General of India, Mukul Rohatgi is appearing for his bail plea before the Bombay High Court 

#AryanKhanArrested #AryanKhanDrugsCase 

https://t.co/yRUFgxIT8x",,,
,"@Alex_A_Simons @Yubico @IBM So, where is Yubikey fitting in between. In my view you are supporting a product which is old. We are in the era of Face ID and Device (phone) detection. Next level is DNA based authentications for highly secure computers. USB with fingerprint is a gone case. Here is my Yubikey. https://t.co/lhUp2DPOwh",,,@debra25579548 I didn’t say they had positive identification from DNA I said they might have been able to get identification from the pulp of the tooth which we knew they had for positive identification to run against other body parts,,DNA profile. Only ninety three percent human. What's the other seven percent? Who is this guy?,,,
,"@Si_G871 @BigBaldDr @drphiliplee1 Actually it doesn't differentiate it is only triggered by heat. Same as a PCR  which ONLY detects SARS-CoV-2. It tests for a tiny fragment of DNA specific to SARS-CoV-2 and not found in other SARS viruses, eg a fingerprint.",,,"@rondamc123 @AriseChevelle @meganweeber Thanks, I'm questioning loose/intact e.g jawbone BECAUSE we've been told dental records were used for identification

If/as there wasnt (viable?) DNA, suggests NO soft tissue including roots, &amp;IMO teeth would fall out before skull breaks!

I'll keep awaiting the verification, so!",,"The lab was able to examine DNA from the rib and conduct a genealogical profile. It led to a family in North Carolina, and two people are facing charges. https://t.co/HfxdjwkZUN",,,
,"#folding money #jigsaw puzzle #folding money #tea leaf #fingerprint &gt;&gt;&gt; These technologies have given us the Human Genome Project, medical genetics, biobanks, DNA fingerprinting, etc. https://t.co/g1sbtyssm2",,,@TheRyanCole Do you understand that its the initial identification and that dna will also be extracted from the teeth for secondary confirmation once they are done attempting to determine cause of death. They will not remove teeth until that's done in case it might hinder that ID.,,"@jkass99 I just learned that a great grandmother I never met was alive until I was 22.  My DNA profile shows Ashkenazi, bu zero connections to living Eastern Europeans.  So these people think the vaccine mandate will do that to their family?",,,
,"@Rosemar97681868 @WFLAJB @WFLA Usually they want to do fingerprint analysis, dental analysis and DNA analysis. x-rays can also be useful, to identify known fractions, or skeletal features.. one can also look at tattoos, piercings,..",,,"@thedailymuse2 The autopsy was inconclusive regarding time and manner of death. They used dental records for identification, not DNA. The remains have been sent to a forensic anthropologist to ascertain cause of death. Will likely also confirm ID and time of death.",,"@TManitowoc @drrichardselden @FBIDenver Funny how fast they identified Bin Laden, however they can’t use rapid DNA testing on Brian considering this is a huge, worldwide, high profile case? Why not? They have spent millions trying to find Brian? DNA is considered “gold standard” for identification of human remains.",,,
,"What if we could identify proteins as easily as we can sequence DNA? Soon we will, w/ DNA Nanoswitch Calipers, created by scientists at the Wyss, @BostonChildrens &amp; @harvardmed. These tools make a unique "fingerprint" for peptides using force measurements. https://t.co/NTscAy9zMR",,,Among Industrial Vending Systems.
Which are GESMATIK ´s advantages for PPE Vendors?
Industrial DNA
All types of Items
Largest Capacity
User Identification options
100% engineered &amp; manufactured in Europe
Plug&amp;Play Solution
Technology Partners
#AplusA 3F84 #industrialvending https://t.co/oaW4jZ6EsW,,"If @ManUtd are worried about Conte fitting their Club DNA/profile, Im surprised Steve Holland isn't a candidate. He's a 2-time @premierleague winner with @ChelseaFC &amp; works as @England #2. I hope #CFC will if we ever split with TT which I hope never happens.",,,
,"Take science learning to a new level this fall with Junior Scientists: Forensic Fun 🔎 Spend your Sunday mornings with us during this four part, 90-minute broadcast where you’ll learn all about DNA extraction, fingerprint identification &amp; more 👉https://t.co/hyMOnxEAiD https://t.co/orXMCSh4y9",,,"@Timccopeland You forget DNA blood sample, two finger nails, and lets not forget a deep PCR test is needed to complete human identification.",,@RK800_63 &lt; strokes. He knows that he'd have a DNA profile on him now and he didn't care. His fingers stroke the back of Xanders's neck. The dancer pauses a moment watching the pair with a smile before they get up and then lean in the corner of the room &gt;,,,
,@ExoAcademian @TOEwithCurt context here was that DNA (hypothetically) would be something of a "fingerprint" which is capable of standing the test of time in a way that leaving an obelisk or other material object would not.

this had overtones of being factual rather than speculative 🤷,,,"@oloojl Why can't we use dental formula for identification or dna data base, if ever, they ever existed?",,The police spokesperson being interviewed didn't show any sense of urgency. They r still waiting for DNA results. This is a rural area which is sparsely populated. It wud b easy to profile the alleged perpetrator/s and narrow it down to a small no of suspects.,,,
,The way we experience love is unique to everyone. Like a fingerprint or strand of DNA.,,,"@TManitowoc @drrichardselden @FBIDenver Funny how fast they identified Bin Laden, however they can’t use rapid DNA testing on Brian considering this is a huge, worldwide, high profile case? Why not? They have spent millions trying to find Brian? DNA is considered “gold standard” for identification of human remains.",,"Anyone use one of those Everlywell test kits? I’m looking to find out if they “own your dna for all of eternity” like the ancestry dna kits do. I want to do the food sensitivity test, but not at the expense of selling my dna profile.",,,
,@Carrie32794279 @summerlinauthor @BrianEntin New or old if it's dipped  water it counts as old. It should have his fingerprint or DNA in them notebook.,,,"@drrichardselden 

Just curious but have you reached out to the @FBIDenver to use your ANDE rapid DNA identification technology to help with testing of #brianlaundrie's body?

I mean, you have a track record..

https://t.co/kRYy0XtLl1

https://t.co/jjhKHzStsq",,"Highlighted my #genealogy and family history activities for the past week - CVGS, MwM, biography, deed transcription, DNA matches, record hints, data entry, source citations, profile matching, birthday celebration and family trip, and real life in https://t.co/FRqCR3QBVb",,,
,,,,"@pam_bernard4 What’s the bet LE won’t do DNA testing &amp; DNA is considered the “gold standard” in identification? So many mistakes have been made in this case, why not be 💯 percent sure? I don’t care what anyone says, I don’t believe in coincidence or wild conspiracy theories either. Only Truth",,@HPolymenis @BioNTech_Group Have you sequenced your non-tumour DNA? Are you looking for a gene expression profile as well? I personally don’t think it’s crazy but it would be good to have a reference to compare it to. A gene expression profile (transcriptome analysis) would be more informative I think.,,,
,,,,@WFLAJB 
#HeyJB are they running DNA analysis on #BrianLaundrie bones to go with the dental identification?,,"@FnkyColdModerna @ScooterCasterNY PS ~ Don’t take a DNA test, your pure blooded profile proclamation will be shattered.",,,
,,,,@WFLAJosh 
#HeyJosh are they running DNA analysis on #BrianLaundrie bones to go with the dental identification?,,Ancient DNA points to origins of modern domestic horses - horses with the modern domestic DNA profile lived in the Western Eurasian steppes https://t.co/H6hebwS8Aq via @Nature #Archaeology #genomics #science #SciChat,,,
,,,,Records which I also believe they might have been able to extract some #DNA from the pulp of #BrianLaundrie tooth/teeth aswell which we know they have bc they were able to match #dentalrecords to him bc they released a positive identification to the public.,,The #methylation profile and signatures of cerebrospinal fluid #cfDNA revealed for the first time in early-onset #ParkinsonsDisease
📚https://t.co/yHmnW366xQ
#EOPD #PD #DNA #biomarkers #diagnosis https://t.co/6HOzRngMY4,,,
,,,,"Distant relatives may be criminals or victims. These criminals or victims may not have sent DNA information ever in their lives, but with distant relatives' DNA, coupled with field research, the probability of identification improves.",,@BabyLyssaC Hey I seen a post on Facebook saying his skull didn’t match the dna profile with mean the parents trying to end this I believe he still alive on the border of nc an tc .,,,
,,,,"@jcatapane @BrianEntin ...there was some decomposed tissue found among the body remains. DNA would have been the obvious method for identification, yet not much has been reported about the DNA testing/IDing, and dental records were reported to be used and conclusive surprisingly quicker than usual.",,"@photomikeyhere According to my DNA profile, somewhere along my Mother’s line I have Tuareg genes.

Does that mean I am free to break the law and use the “It’s OK, I’m a Sand-Nigger defence” ?",,,
,,,,"@britzkrieg_AF @marcy_sheridan @jon_eric_ @R_I_C_H_E_S They found bones &amp; teeth not a body, there was no DNA match the only identification was dental records! He could of killed someone else scattered their bones and pulled out his teeth and faked his death!!!!",,@HarishNarayan08 @RamboFYI “Profile” 😭 stop this nonsense. United’s profile is WINNING. You saw what happened with a manager obsessed with “Pashun &amp; DNA”. The United way is winning. He’ll win. End of.,,,
,,,,"If you served in the military and had specimens like DNA collected and want them destroyed, here is a link.   You have to send a copy of your DD 214 as well as providing some personal information.

https://t.co/n5rGu1y2hE",,@LawDawe @nathcatalano @p_ry3 @michaelryan756 @westaustralian Yeah I just scrolled through your twitter profile and I’m not surprised that you would think his claims that the vaccine alters our DNA is a valid point. You are literally one internet search away from finding loads of reputable information that would refute this.,,,
,,,,@cjrmurphy1 @tired_ohio_man I assume they had enough to make a positive identification. Maybe they are doing a DNA test. That takes longer.,,"@stottle_harry @KimJohnsonMP @UKLabour My kettle is Rose Gold. Takes about 1 minute to boil. I also believe Dan Carden is Mike Carden's boy. You should ask for DNA results or a better idea, stop trolling with an anonymous account. Stop hiding behind a profile, what a sad life.",,,
,,,,"@laurenblock024 @SSproul @NicoleL30108346 @BrianEntin Because they didn't do a dna test, they didn't need to. The dental records matched. Everyones teeth are unique, a portion of the jaw/teeth is more than enough to make an identification.",,"no longer have to rely on DNA samples from bones or teeth to gather enough genetic material to recreate a profile of ancient DNA. Same technique has been used during the pandemic to test the sewage of human populations to detect, track and analyse Covid-19 https://t.co/kWQQv97zjF",,,
,,,,@SullyBusiness On 2 new multifamily projects we were involved in the developer required all dog owners to submit a "sample".  The samples were tested and the DNA was logged (no pun intended) to allow for identification and fines for sloppy pet owners in the future.,,Next manager at ‘Disneyland for adults’:
1) Available. Don’t want to be paying any compo.
2) Famous. Can’t make headlines by choosing someone without existing profile.
3a) Club legend. Understands ‘United DNA’. Gets it.
or
3b) Highly successful. It doesn’t matter how long ago.,,,
,,,,@katelyn_schempp I heard GP’s fam was challenging the autopsy and identification of BL’s remains – They’re petitioning the court to run all identification and DNA at a federal lab with unbiased opinions. Haven’t seen it confirmed by a credible source yet though 👀,,@bronwynwilliams Is that a DNA helix made to look like an infinity symbol on his profile page? He’s definitely going for the Bond villain vibe.,,,
,,,,Our work "Enzymeless #DNA Base Identification by Chemical Stepping in a #Nanopore" led by @YQing_ing is out on @J_A_C_S .

@OxfordChemistry @OxChemRF @OxWiChem @magdalenoxford @mplsoxford @nanopore 

https://t.co/IWsOZbtwbB,,@schmmuck @ANI Mangalorean aunties have been put on the job. We will get everything including his DNA profile in no time.,,,
,,,,Another victim of serial killer John Wayne Gacy identified https://t.co/jV8fHRaCne #Gacy #DNA #identification,,@BucFansMatter @MyDogsArePissed Right. I wish they would be more specific than what they’re putting on the screen. “No DNA match” so did they run the DNA and it didn’t match or are they not even bothering bc the dental records matched? I’m guessing the latter but why wouldn’t they in such a high profile case?,,,
,,,,"@allysha_lazar The forensic anthropologist has the remains now, including the skull. S/he will test the DNA for a 100% positive identification, then determine COD and possibly TOD",,,,,
,,,,First identification of telomeric DNA sequences in Trichomonas vaginalis https://t.co/tTHYk2jSIr https://t.co/DCORsXdYb0,,,,,
,,,,Licorice Germplasm Resources Identification Using DNA Barcodes Inner-Variants https://t.co/hnpKaLsqD7,,,,,