dna fingerprinting,dna fingerprint,genetic fingerprinting,genetic fingerprint,dna identification,dna profiling,dna profile,dna typing,genetic profile,genetic profiling
DNA fingerprinting the ‘food of gods’.

Taro is under threat from rising sea levels but wild Australian plants being cultivated by #UQ may help boost food security in the Pacific region. @millicent_smith @Godwin_UQ
@QAAFI

https://t.co/o1VqWMjwG8 https://t.co/IsRYsMiADq,"@CarryBr63438066 @pendulumatrest @FoxNews They can't say definitively if they belong to him until a DNA test or fingerprint analysis is completed. This is probably due to decomposition. As for the term "Partial Remains", it means that one or more parts of the body were unable to be recovered.","@fesshole Easily done. I look back on my third class honours thirty years ago, and I still have no idea how I passed. In a second year exam on genetic fingerprinting I coloured my thumb in ink and pressed it on the paper with the words 'I've failed haven't I'.","#imaginary being #biometric authentication #fictional character #fingerprint #mathematical notation :) As a genetic fingerprint technique, this method of visualization is used in forensic science to establish identity and family relationships. https://t.co/NTcDrmA9K4",@GroffMarya @Newsweek Well they will do a forensic identification. Identify him through DNA/dental records. If he is alive he won't throw them off by just a body.,"Published today! Methods for dual profiling of DNA CNV and RNA in single cells. These improve (a) scRNA-seq normalization (b) CNV detection from RNA, enabling study of CNV effects on transcription at single cell level. https://t.co/cDaASnQx0b @PMResearch_UHN @SingleCellMedia","#OnThisDay in 1993 the IRA murdered John Gibson, 51. Father of 1. A director of Henry Bros shot in his drive, Glengormley. Earlier he had been told of award for his work with British Diabetic Association https://t.co/PbA07VWdqe
https://t.co/jYyaf0PPAB
https://t.co/189sIE39w5 #OTD https://t.co/HKDqveKGK8","@2AMthou52768608 @julialachowiczz @WFLAJosh @NBCNews @PeteWilliamsNBC The feds will do DNA typing, regardless. The will evaluate whether a finger was neatly  sliced off or otherwise separated from the body.",Midnight 76 @midnight76music https://t.co/WpJu7TyYAA - Just Another Animal (Genetic Lab),Profiling of Nascent Lariat Intermediates Reveals Key Genetic Determinants of the Timing of Human Co-transcriptional Splicing  https://t.co/ac7WQndcez #bioRxiv
#DNA fingerprinting 'food of gods' 
https://t.co/TTloRUWn31
#Agriculture #Australia #Australian #Biosecurity #Fiji #Groundwater #Innovation #Millicent #Pacific #Production #Professor #Queensland #Samoa #University #UniversityOfQueensland https://t.co/px6u4TUncx,"Our DNA, eye iris and fingerprint confirm that despite being part of the collective human race, we have found personal individuality. Our unique form of meditation brings you from individuality to universality Face-2-Face or online courses - @ https://t.co/zdQrNtYekw https://t.co/sDXMLB1PnC","@seanjward It’s the same mechanism as genetic fingerprinting - you take a sample of genetic material, apply enzymes and indicators, then compare the resulting segments for a recognisable  and unique pattern","2. WGS acts like a fingerprint of the virus. We aren't all being infected by the same thing. Thousands of versions with tiny differences are circulating. These tiny differences can link cases, like a fingerprint. That means we could link cases based on these genetic traces....",@BrianEntin I wonder if Chris and Roberta believe the remains are Brian…or if they already know it but are waiting for FBI to make positive identification via DNA.,The authors of this study sought to evaluate the concordance between tumor DNA (tDNA) profiling and utDNA or ctDNA assays using a UBC patient cohort from the intended-use population https://t.co/kuVZIjSPSH https://t.co/aXUNSxRMQ6,"After 4 years of tenure-track, a førsteamanuensis position with my profile (environmental DNA and metabarcoding) is open in @UiTGenetics.
It's an open (and fair) competition, so anyone interested is welcome to apply for it. Deadline: 9th November 2021! 
https://t.co/o1hjGQFrEy",@NeilCouling @mrfrankzola @rightsnet @publiclawcentre @SWLLawCentres @SouthwarkLawCen @CPAGUK @crisis_uk @camdenlc @WORCrights @turn2us_org @HF_LawCentre @MerseyLawCentre @gmlawcentre @DWP @APPG_UC @The_SSAC So when your saying when you can't yet do FAR worse...DNA typing? Bone scans?,Genetic Profile of Endotoxemia Reveals an Association With Thromboembolism and Stroke https://t.co/iZLzPQ47cr,Steroid profiling and genetic variants in Chinese women with gestational diabetes mellitus #JSBMB #MassSpec  https://t.co/zfeSwQohCx
Eureka moment that led to the discovery of DNA fingerprinting https://t.co/UDynSJzDqW,"@dickius @Oneironautilus @DrilllKnight @impliedChoppy Fingerprint &amp; DNA evidence isn't perfect but it is very reliable, unlike what this tweet says (fingerprints ARE unique due to randomness,dna unreliability can be easily mitigated). Eyewitness however is not reliable at all, assuming you're not being sarcastic.",Very interesting drama on ITV tonight about the first time genetic fingerprinting caught a killer - would definitely recommend.,"genetic fingerprint of memories that were once fluid but have since crystallized out from the crucible of possibility, encouraged by the catalyst of the European colonial adventure.”I have often thought that you need a similar kind of layered map to understand Sudan’s civil war.-","@RBReich We must have a US ID card based on DNA citizenship and using bio identification including face, finger, hand and body scans. 

The US ID card can be used for voting, travel, vaccines, etc. 

This will solve the crisis in confidence about our voting system and elections.","2/n

AIT was propounded at the time when most of the technologies were not available (e.g. Astronomical S/w, DNA Profiling, Paleontologist studies). AIT states that Aryan were Europeans who came on horses with 'Ayas' and settled during ~2000 BC.",@c4crypt0 @updatesoncrime Wouldn’t they still be able to run a DNA profile on any remains?,As of now while I'm typing this tweet 37 verified deaths have been confirmed by the Uttarakhand police.. heavy floods there.. Nainital floating.. tourists sufferings without food and water.. why no DNA by Tihaadi yet?,"@abledoc @ArainGang possible but imo unlikely. at some point the paper with the dzundna samples will be published, but it looks like the west asian genetic profile was around before LGM in western near east (the west-east division in this model is due to paleosiberian influx to the east)",Genetic profiling and biomarkers in peripheral T-cell lymphomas: current role in the diagnostic work-up https://t.co/Gk9kpY36mW
DNA fingerprinting technology should be widely available to Bitcoiners.  It should be illegal to cost so much.,#PoliticsLive -Sir David Ames RIP mortally wounded - scene contained cordoned off log commenced- a suspect was immediately arrested contained providing no threat -emergency services contaminating original scene as a priority preserving life-Priest log DNA Clothing Fingerprint,DNA is a genetic fingerprint. So it's the same as regular fingerprinting.,How is a genetic DNA blood fingerprint different than a fingerprint from your hand?

 If used for identification purposes only? 

#CriticalThinking 

#GeneticGenealogy,@RachelAHerrera4 @KatieJonesTV Very curious!  It appears it may just be a setup.  DNA MATCH IDENTIFICATION O͟N͟L͟Y͟.,Dont accept partial results! Only comprehensive genomic profiling of DNA and RNA will reveal all potential biomarkers a patient may respond too. Check out our:
Solid Tumor Profile Plus: https://t.co/baWGGAyioP
Hematology Profile Plus: https://t.co/4njGljIwuc

#GTC #DNA #RNA #TAT https://t.co/WBNOpV8wmN,"Study of DNA repair boosts prospects for gene editing technology: Researchers have developed a new method to profile the activity of cellular genes involved in correcting DNA damage, and applied this method to pave the way for dramatic improvements to… https://t.co/25fmkBjkqB",Typing DNA Command Line Authenticator - https://t.co/QkqBXwL9oS

 #angular #development #programming #python #swift https://t.co/TcOgbSUpB9,Why does #lupus develop differently from one person to the next? New research suggests your genetic and autoantibody profile may be the key. 

Read the study. #LupusResearch,Genetic profiling and biomarkers in peripheral T-cell lymphomas: current role in the diagnostic work-up https://t.co/iZfaNfV5qM
"@MollyJongFast Or the simple act of gathering facts in a crime. Or investigating with the evidence gathered. If they can't trust the scientist who gathered the vaccine facts for them, why would they trust the DNA facts, the fingerprinting facts, the ballistic facts, the hair and fiber facts?","@PresentsJam literally no one has any evidence of anything at the moment. A fingerprint, no, DNA, no or even some trace evidence, no. But Freddie looks dodgy boom boom boom.",Anandia's rapid cannabis DNA Fingerprinting is highlighted at StratCann this week! 
https://t.co/1KjlvNMaI8,DNA is a genetic fingerprint. So it's the same as regular fingerprinting.,@Time4Truth2020 @WFLAJB @WFLA Leads me to believe there isn't enough visual evidence to immediately make a tentative identification. Hopefully DNA will sort this out.,@demarionunn Roddy's law - the mandatory registration and DNA profiling of dogs. Any dog shit not bagged up and disposed of properly will be DNA tested and posted through the letterbox of the registered owner. Or smeared over their windows.,Study of DNA repair boosts prospects for gene editing technology Researchers have developed a new method to profile the activity of cellular genes involved in correcting DNA damage https://t.co/x0lmZpqHeI,"Mitosis, https://t.co/ZYIndK9NK6
Blood Typing, https://t.co/vgADXpcWky
RNA, https://t.co/iqHIBns8ml
Meiosis, https://t.co/LekfCe4uH3
What does DNA Look Like?, https://t.co/sSW13nm9XO
Good &amp; Bad Bacteria, https://t.co/py4MutzPAv
General Genetics, https://t.co/FCHPMbUN26","thinking deke shaw could possibly be an LMD, I ran a genetic profile to see if he was biologically linked to anyone.
and it came up with a match?
no. It came up with two.",The Diagnostic Value of Genetic Mutation Analysis and Mutation Profiling of cfDNA in Intraocular Fluid for VRL  https://t.co/cP1eQepOi4 #medRxiv
"Here’s another: Our Forensics class designed their own “murder” crime scene, then walked guests through fingerprinting, blood spatter analysis, DNA, and behavioral analysis to figure out “who did it”! @OdysseyOLA https://t.co/z6fdlCjitg https://t.co/NIJpAa0b5D","@IanMCalvert @AkwyZ @dcallahan2 @dez_blanchfield @imoyse @NigelTozer @nigelwalsh @NevilleGaunt @robmay70 @sarbjeetjohal The complaint is valid
When your #password is compromised you can reset it. When your #biometric identifiers (#DNA, #fingerprint, face) are compromised you cannot. So if schools and firms don't protect it effectively, you could be open to ID theft for the rest of your life
BEWARE",yes right you can see how that can be abused genetic blood dna fingerprinting https://t.co/CEHyLEBbLQ,"Indonesian Woman Who Died 7,000 Years Ago Reshapes Early Human Migration Theories Theories about early human migration in Asia could be transformed by the genetic fingerprint of the woman who was given a ritual burial in an... #LatestNews by #News18 https://t.co/wXa10cf5Vm","@jfcuntis38 @BrianEntin They made a “probable” identification based on visuals with her step dad. DNA was &gt; 24 hours later.
With BL they said “partial” remains, who knows what that means. Supposedly the area was under water too so I guess that makes it harder.
Kinda hope some animal tore him to pieces.",The authors of this study sought to evaluate the concordance between tumor DNA (tDNA) profiling and utDNA or ctDNA assays using a UBC patient cohort from the intended-use population. https://t.co/wrkI3Oc5W6 https://t.co/sitZ4KVzgC,"Study of DNA repair boosts prospects for gene editing technology: Researchers have developed a new method to profile the activity of cellular genes involved in correcting DNA damage, and applied this method to pave the way for dramatic improvements to… https://t.co/bZG5bgGGqL","Automate your HLA typing🤩
#HLAtyping is an important, commonly used genetic test in diagnostic labs. Learn how to automate it with the ASSIST PLUS pipetting robot, which frees up staff time while increasing accuracy and reproducibility.
Learn more: https://t.co/aWbHzbUaoc","The multidisciplinary team at #ClevelandClinicAbuDhabi is conducting three studies that are set to provide insights into the awareness, genetic profile, and demographics of Emirati women with breast cancer.

Read more at: https://t.co/YQcaXV4aO7 https://t.co/1VTWFo5v6F","On profiling our Volunteers:

Pharm.Chizoba Chidiobi is my name. I am a Pharmacist, a Genetic Counsellor, a dedicated Sickle Cell Advocate, and a serial Entrepreneur (Pharmapreneur)

I’m a volunteer with Audrey Sickle Cell Foundation and I currently serve as the https://t.co/CUpFXx6ULA"
"M.Pharm, https://t.co/M0iAQQ5rrQ or Ph.D. Recruitment at Centre for DNA Fingerprinting and Diagnostics (CDFD) https://t.co/IEtUUj6Qjx","@CHRISTINAMCLAR1 @yona1959 @Grouse_Beater Schools retaining fingerprint identities of innocent children, only criminals have their fingerprints, DNA swabbed and mugshots taken. Did the teachers have their fingerprints taken, DNA swabbed and stored in a publicly accessible database?","@CaitlinAllenPhD @PPHFutureLeader @lspees221 @LaurenPassero @mclarkeroberts @UNCPharmacy @UNCpublichealth Use: "Have you ever had any of the following type(s) of genetic tests?" HINTS options include: (i) paternity testing, (ii) ancestry testing, (iii) DNA fingerprinting, (iv) cystic fibrosis carrier testing, (v) BRCA1/2 testing, (vi) Lynch syndrome testing, and (vii) other","After watching CSI, did you ever ask yourself how they identify a person by DNA? Or what they are talking about on television when they talk about the “genetic fingerprint”? We wrote up some information about the genetic fingerprint and the scientific basis for it. The blog wants https://t.co/PTHjyvqAmu",So no immediate tattoo identification? Was his head there? Hands? I wonder what remains they found that “appear” to be human. With Gabby they identified her rather quickly by her sweater while awaiting DNA results. Does this mean he’s been in the water a long time? #BrianLaundrie,"@LukeJSmith33 @AFLcomau Is it similar to AFL WADA mandate?  "directed by WADA pursuant to the monitoring program described in Article 4.5 of the WADC; or to assist in profiling relevant parameters in a Player’s urine, blood or other matrix, including DNA or genomic profiling;"",🐕🦮🐩🐕‍🦺  Ahoy is a 1 year old Male Husky/Shepherd Mix - check out his DNA profile!  Adopt this sweetheart for $25. Contact VVPAL by phone or email and set up an appointment  🐕‍🦺🐕🐩🐕

#WoofWednesday #AdoptDontBuy #adoptdontshop  #cbhomesource #realestate #doggydna #vvpal https://t.co/qduCHOKFE7,@IndiasGT2 @dna Even u are typing in english venna,@_TheChuck_ Oooh since you have your DNA 🧬 profile now you should totally upload it to #GEDMatch to help catch serial murderers and rapists through genetic genealogy!!!,Ricardo Albanus @rdalbanus 
Single-cell gene expression and chromatin accessibility profiling of human pancreatic islets at basal and stimulatory conditions nominates mechanisms of type 1 diabetes genetic risk
https://t.co/Lnr3A8BE45

Thursday talk
5/7
If you ever get the chance to watch the two part drama Code of a Killer don't miss it. It's about the true story of how DNA fingerprinting was used for the first time in the 1980s to solve a double murder in England.,"@unit2plus4 I thought the manager was ruthless and showed players the if they didn't fit his plans or the UTD DNA, Culture, fingerprint etc 🤷",,Ever wanted to know what a genetic fingerprint is? Here is your answer 🙃 https://t.co/WRV7fsVHfI,"@Go65Must @PJShakesitup The former "doctor" had the murdered man dressed in the same clothing that he had been wearing at the bar that night, so the "identification" of who he was, was tainted by appearances. Same here - they found Laundrie's "possessions" near the "remains". We need DNA.","Beware of this Winter!!! | Tom Hughes W/ Monkey https://t.co/nGTcb5VKOD via @YouTube DNA mapping profiling personal lives, now monitor buying and selling.",@Andrew67500920 @unclewaffffles How sure are you that's really your son on your profile ?shapa DNA test o kla bona,"@JennJonesGA @AriB2783 @SmallHotChilli @kushielx3_sarah @EliseRCook OMFG

It is not a gene

A copy of a gene is not a  gene.  It’s doesn’t reside in the DNA, it doesn’t act like genes act.  Genes make mRNA to encode for proteins

The mRNA in the vaccine doesn’t enter your nucleus

Please just stop typing. This is embarrassing","@PumpkinPerson2 You probably don’t believe in natural immunity either but God created you in His image, strong enough to fight off a 99.9 survival rate flu but go ahead and change your genetic profile and go against Him. Hope for the best in a year. ✝️","Implications for #GeneticTesting in #UrothelialCancer. @sonpavde @DanaFarber  and Maria Carlo, MD @sloan_kettering join @PGrivasMDPhD @UW to discuss recent publications on germline testing and genetic profiling. #WatchNow on UroToday &gt; https://t.co/pvP5bN9DyV @SeattleCCA https://t.co/7qEVmYab9h"
Love in the Molecular World: DNA fingerprinting to halt forest crime
By Ken Hickson for Focus on Forests 
Love at first microscopic sight. That’s definitely one way of describing how Dr Arif Malik felt about getting his first job. …https://t.co/GXP7b7OXRs https://t.co/6BgxXN9s5l,@slpng_giants @Facebook Kind of like when a burglary suspect starts tweeting about the unreliability of fingerprint and DNA evidence.,,to help you understand what we are analysing in the lab and build a foundation for future blogs talking about the usage of the genetic fingerprint. It also provides information on PCR and STR and other weird abbreviations 🤣

#fgih #forensic #genomic #innovation #hub #startup,"@WFLAJosh This may sound crazy, but I’m not convinced that they’re convinced it’s him. There was no mention of DNA testing regarding identification or anything like that. Also wasn’t it last week that the lawyer said he was alive? It could have just been his stuff that floated along.",Just finished watching #codeofakiller  What a fantastic discovery by Sir Alec Jeffrey with DNA profiling. David Threlfall and John Simm portrayed their roles brilliantly #welldone #dna,"【RED Profile】
Name: Xiao
Animal DNA: Trimeresurus stejnegeri

"From now on, I will be your sword."

Xiao is a RED with an unusual aura, who always uses special garments and rare equipment.

#Prideofeden #redprideofeden https://t.co/74YR0HJNX3","@Mio_fancies @PietersenJohny @tillytiny10 @MagdalenaMbute How do I open the space 🤦🏽‍♀️🤦🏽‍♀️cos typing long threads eish. Cos the thing is you go to groove, fuck in the parking lot, khante you slept with an ex murderer, an ex abuser, an ex nton nton. An ex ANYTHING guys. Ku rough out here. So they leave their spiritual DNA inside you nje🤞🏽🤦🏽‍♀️","I was seven months pregnant with Mila when I was handed this image of her profile. Her tiny nose, her mouth, her chin. At that time, I had no idea that she had a genetic disease and the effects of it may have already begun to take place... https://t.co/2Ap3pwcTEy","Could this be a way to fund my work? 

Dear Twitter, I am selling excellent, tested, mostly organic, very vaccinated carnivore lures.$10/ml.
All funds donated towards genetic profiling of spotted hyaena
#GoFundMe #CreateTheDemand"
"MPharm, MSc or Ph.D Job as Consultant at CDFD - Government of India Job | Consultancy fee 75,000 pm
https://t.co/OuK4BINy7Z https://t.co/BHCTrR01dM","@egdeaile_writer Oh, I believe the science of it is real, but how real is the simplicity of leaving it behind is real. Shows lead us to believe that a perfect fingerprint is left behind on something that would be obvious could not be left behind. Or DNA left behind, stuff like that.",,"@PeachMint17 @ButterflyEm1110 @C64761187 You would probably need a combined electromagnetic and chemical or X-ray or EM system to find the missiles. This though is visual. Which makes me wonder, there are certain genetic code items that light up under specific wavelengths.  When scanned. Its like a fingerprint on organc",@Shrussell1021 @Micaela45013958 @BrianEntin obviously. DNA identification takes longer than an hour or two...,sciCNV: high-throughput paired profiling of transcriptomes and DNA copy number variations at single-cell resolution https://t.co/WI1OcuyL8S @Dr_Rodg https://t.co/OzclMhWV8q,"@methactivity Like your entire DNA is built on swift counter attacks, even though Conte plays that way, this is just not his profile",@CIA @007 I met the elderly ladies that lived there circa 1961. Two spy gals from the Chicago DDR/DNA/NSA “typing pool” wanted to take over their home/redecorate. They sent one to the hospital &amp; locked another in her room. We flagged down spies in transit to try to get the old gals help.,"Three studies are underway at Cleveland Clinic Abu Dhabi, with the aim of offering insights on the awareness, genetic profile and demographics of Emirati women with breast cancer.

https://t.co/TedSrxjFov

#pinktober #breastcancer #AUH #health",#GINA I'm sure there's good practice to build on to protect the rights of humans against genomic profiling by insurance companies

Newsroom: Genetic discrimination in NZ insurance undermining research.
https://t.co/LlYrD6acER
@Gray_just_that @mx_etana @nytimes It wasn't required then and STILL IS NOT REQUIRED if identifying data isn't collected.
Advances in DNA fingerprinting &amp; public genome databases complicate that but we're talking about 1951.,"@EmmaKennedy In an unrelated tweet, anyone know how to remove fingerprint and DNA evidence from a crime scene?",,"What if all that we'd ever read and all the music that we'd ever listened to, all the dances that we'd danced and all the art we'd experienced formed our unique emotional &amp; ethical genetic creative fingerprint? What would it look like? How would it sound and feel? #FreeThought ♥️","@JeffreyGuterman The body identification has to be solid as in, DNA. I suppose, coming soon.",sciCNV: high-throughput paired profiling of transcriptomes and DNA copy number variations at single-cell resolution https://t.co/vr1L3bWNnL @scell_papers https://t.co/7I7gXKABz4,"@dna Y-Axis @yaxis  a fraud company looting money form overseas carrier aspirants by fake profile evaluations, Cheating and manipulating. Y-Axis operations is a big scam @yaxis  @xavieraugustin",Brandon 
Let's go 
Brand On - Mark 
Br and NO 
Bromine and nitric oxide 🤨
Letting go of 
Cheers 
Think typing again 🤔🤷🏼‍♀️
No DNA rb 
Dan born https://t.co/0ZMgz2AtZX,Thank you to our speakers at the APPG meeting today @alexTLCsupport @karencamsmum and to @LizTwistMP for chairing and helping raise the profile of #rare #genetic and #undiagnosed conditions!,"@Crisalba60 reducing2genetic, cellular, molecular, genetic design feels like eugenic profiling in my book, when in reality, pre-disposition, mentioned in article, is more often2do with multilayered contexts/experiences that near crown emergent psychological potentials through transitions🙃😉"
A powerful documentary that concluded on ITV tonight and the eureka moment that led to the discovery of DNA fingerprinting https://t.co/XfXKL7AaU4,Fingerprint is the DNA of the 21st century.

#accuratebiometrics #minutiaealgorithms #fingerprintsensor #minutiacards #fingerprint 
#AskPoojaHegde #BoycottFabIndia #High5StockGro #ShameOnUnacademy #Suga #Diwali

https://t.co/E8s9z0RdUK https://t.co/lCqtb7UL4f,,"US Inspectors, military from other countries use me as a genetic poison or not? They have money to rent the house so they can collect my DNA, fingerprint to produce scientific weapon or not? I doubt that white Muslim she use the head of all to set me up or African.",@gmh8899 @TheHTown @CNN Yes. But I not sure there will be any answers other than (they found this and they cannot make an identification until dna testing)

unless he left a suicide note.,"@BreesAnna Also they already announce the next steps. They are not hiding.
WEF proposed the vax mandates, passports and scanning everywhere in July 2020. Now they "propose" blood samples and DNA profiling to live! Can tell you 10 excused to impose it by April 22
2/2
https://t.co/rXIYRCLeg2",@RetroCrone read your profile. From 1 resister to another I agree Dems need more junkyard dog in our DNA. I’m so disgusted over not killing filibuster I’ve stopped donating til they do.,@urkagurka @CanadaCrypt0 @DrTomFrieden Every single human has a different set of DNA typing,"I URGENTLY NEED TO SELL MY WORKS

MY SISTER DOESN'T HA E CANCER, BUT A COMPLEX GENETIC DISEASE: INFECTIOUS ARTHRITIS

this treated only in Moscow

if you want to help me, then check my profile

I will be grateful even for $1: 

https://t.co/ZD8odbYdxs

https://t.co/QruwSHnPkL","reducing2genetic, cellular, molecular, genetic design feels like eugenic profiling in my book, when in reality, pre-disposition, mentioned in article, is more often2do with multilayered contexts/experiences that near crown emergent psychological potentials through transitions🙃😉 https://t.co/mE2u92aL9X"
Fantastic programme. Extraordinary that DNA fingerprinting was only invented in 1984.👏🏼 #CodeofaKiller,How is a genetic DNA blood fingerprint different than a fingerprint from your hand?

 If used for identification purposes only? 

#CriticalThinking 

#GeneticGenealogy,,,@Sceptrus @Micaela45013958 @FBITampa @FBIDenver Well Gabby’s body was out in the woods for four weeks and they were able to make an identification quickly even though they waited for further forensic investigation to confirm with a certainty. I’m pretty sure they’ll tell us today that it’s likely him. Then do DNA testing,World Economic Forum is after our BLOOD ! 
What then ? DNA profiling for insurance/jobs etc ? https://t.co/NB6Q8yEzfT,"@Datanerdkim @NONBlNARY @Oneironautilus @DrilllKnight @impliedChoppy If your dna is on the handle of a knife, you either touched that bitch or someone you touched, touched it. Real investigation can easily prove that. Also that other persons DNA would be there too, meaning a mixed profile. So look at those people and investigate.",@emilybalcerak @SuperStraightWM @frenfarAway @JolieVieille @aintyourbud @ElectionLegal You're typing on a computer manufactured with slave labour and a bevy of human rights abuses. Racism is genetic. We feel a kinship with beingswho have a more similar genetic code. Lewantin's fallacy if you happen to mention typical nonsense about black white DNA similarity.,"@mshavisham @AliceKing69 @melJsaysso @nocturne_127 @literally_chad Fails on the second count, down. There is obviously another body involved, that individual having a demonstrably separate and distinct genetic profile from its mother, with genetics appearing entirely distinct from any the mother's own body is capable of producing.",Our team retrospectively analysed 202 #UvealMelanoma px cases (largest UM dataset in 
🇦🇺!) to characterise the relationship between certain mutations &amp; disease progression + prognosis of UM in px using cytogenetics and molecular genetic profiling of UM tumours  #SVCRS2021 2/5
Professor Sir Alec Jeffreys. 
Code of a killer on itv has got me gripped and is a "must see". One mans determination changed the future of investigations through his discovery of DNA fingerprinting.,DNA is a genetic fingerprint. So it's the same as regular fingerprinting.,,,@GlowdellC @WSMV You think he’s unaware of DNA identification?,@Kukicat7 The same people in July 2020 proposed the vax passports and scanning to on all life activities. 
Now they want blood sample for DNA profiling. Last time heard about mandatory DNA profiling was on a country which is harvesting organs and selling them.....,@_TheChuck_ Oooh since you have your DNA 🧬 profile now you should totally upload it to #GEDMatch to help catch serial murderers and rapists through genetic genealogy!!!,,Selling my genetic profile as an NFT.,On week 5 students carried out a paper based DNA profiling activity to match the genetic fingerprints of a DNA sample to a missing persons database. Our victim was confirmed as Miss Grey https://t.co/dbCHXr6wiL
Excellent show on itv now #codeofakiller recommend watching on catch up if you can. Alec Jeffreys and his dna fingerprinting breakthrough for the justice system (and beyond). 🧬,"If they fingerprint &amp; do psych exams for cops &amp; FBI agents when they start employment, submitting DNA is the same thing.",,,"@ccousineau311 @Oneironautilus @DrilllKnight @impliedChoppy no that's all bullshit. Hair follicle identification is based on the idea that the shape is unique, not DNA, and it has sent innocent men to prison. So has the false idea that bullets can be uniquely matched to an individual gun. Especially considering guns are mass produced!","@JoshuaBaer DNA profiling to identify old varieties of crops and fruits to create new clones. Then, look for new areas to cultivate due to higher temperatures, diseases, etc",@KB_BUT @asmashirazi One already introduced his father in his profile picture and other one texting every bitch's DNA to match with his DNA...,,"As a matter of fact, I can prove it

Here's my receipt

I'm half-Irish, half-Jewish (Ashkenazi), and my genetic profile is 33% MENA. Lebanese Druze were also in my top 3.

Piss off https://t.co/zoIq5sZUYd https://t.co/LemT1elaFk",[patent] @GeneticAnalysis  receives an important #patent allowance in China.

✅ “A METHOD FOR DETERMINING GASTROINTESTINAL TRACT DYSBIOSIS” covers GA’s unique algorithm incorporated in the GA-map® technology for profiling #gut #microbiota.

➡️ read: https://t.co/2SOCp6ipT0 https://t.co/yzdDMM7spD
@atvfriend @ITVBe @OfficialRHOCH Second part of Code of a Killer on STV. At least I think it's the second part! True story of discovery of DNA fingerprinting and its use in catching double murderer Colin Pitchfork. Recommend catching it on the player. Have a nice night ☺,@topsbycop @kennedyBrooks26 @GovStitt @Jeremiah_Hall27 Unfortunately you should reread the same transcripts. You have retold &amp; misrepresented the facts horribly. No DNA evidence is given by the State from inside Howell`s Suburban. A fingerprint of Julius' on a receipt in Jordan's Cutlass must be the DNA you are confused about.,,,"@knives_are_cool @Oneironautilus @DrilllKnight @impliedChoppy Prints are a great secondary identification to DNA, if the technician is properly trained, ethical, and if the technology used is functioning properly. Hair follicle is DNA. Bullets I sorta agree, but that comes down to the statistical analysis honestly.",New article: sciCNV: high-throughput paired profiling of transcriptomes and DNA copy number variations at single-cell resolution https://t.co/z6E7EBLKuR #MMSM #MultipleMyeloma #hematology https://t.co/qeuTQYMtJ2,"@DNABaitsUK Fluoro Range Milky Malts 10mm Pop Ups
👍Hi-viz hookbaits with unrivaled buoyancy and nutritional profile!
👍Packed with high levels of attractors, betaine and unique, carefully blended flavours. 
Available online and in store!
#AnglingUK 
https://t.co/mvAE3MN2YC https://t.co/pvlYqkGn0H",,@ZealouslyQuoted @HotuHat Ashkenazim have a genetic profile which is 40% to 60% levantine. The rest of "Ashkenazi DNA" is typically gentile. So a 99.5% ashkenazi result would mean 60nto 40% of that was "gentile" whether they eventually converted or not,"@Ed_d_ie @LakotaMan1 Hi, something to consider. Ancestry and 23ME are not reliable sources. They do not enough quantitative samples from Native Americans, their databases have significantly more European and African  genetic profiles. It will improve with more Native dna profiling, need more time."
DNA is a genetic fingerprint. So it's the same as regular fingerprinting.,"@jay_snowdon @_ben_m_h @BamberHim @Kdoc321 @beaubeau888 @mwilliamsthomas Fingerprint on the gun, dna of sheila found in the moderator. Sheila was laid down, nevill shot upstairs &amp; couldn't have used the phone. Bamber saying nevill called him when he didnt. What part don't you get? Lots of evidence 👀",,,"@NONBlNARY @Oneironautilus @DrilllKnight @impliedChoppy The DNA part is, but other than that it’s all pretty much just physical identification of stuff and statistics.",sciCNV: high-throughput paired profiling of transcriptomes and DNA copy number variations at single-cell resolution https://t.co/JsgEmqxFcp #bioinformatics,@Virat18_Vijay @AmIinnocent1 @dna if u were a  high profile person THEN Your doubt can cause serious issue :) you could be in jail too :) lol,,"🧬LS screening for endometrial and ovarian malignancies in Canada
🧬Immuno profile of epithelial ovarian cancers
🧬Impact of genetic testing on relationships, family planning and psychosocial well being
Check out Sept #Lynch publications! @huntsmancancer
https://t.co/9SJoieInVi",PubMed_ Genetic Profiling of Cell-Free DNA From Pleural Effusion in Advanced Lung Cancer as a Surrogate for Tumor Tissue and Revealed Additional Clinical Actionable Targets https://t.co/2p4UkPThXj
"If you're in the UK, the brilliant #CodeOfAKiller is being repeated tomorrow night, about the invention of DNA fingerprinting &amp; its role in catching &amp; convicting a double murderer, but also in preventing a miscarriage of justice.","Escribo para el orto, as usual.

That's my DNA fingerprint.",,,New Research: Identification of a DNA Methylation-Driven Genes-Based Prognostic Model and Drug Targets in Breast Cancer: In silico Screening of Therapeutic Compounds and in vitro Characterization: DNA methylation is a vital epigenetic change… https://t.co/TPpxJrrBlI #immunology,"“here we performed multiomics single-cell profiling—integrating DNA methylation, transcriptome and genotype within the same cells—of diffuse gliomas, tumors characterized by defined transcriptional cell state diversity.” https://t.co/CyZ67d34DV","@songpinganq I applied for my residence permit but had to have a biometric photo taken for govt records. Eventually we will all be recorded as a digital image and a DNA profile on a national database. I understand why it might need to happen, but it doesn't feel nice",,Why does lupus develop differently from one person to the next? New #research suggests your genetic and autoantibody profile may be the key. 

Read the study. https://t.co/oDwqszgOK0,New article: Genetic Profiling of Cell-Free DNA From Pleural Effusion in Advanced Lung Cancer as a Surrogate for Tumor Tissue and Revealed Additional Clinical Actionable Targets https://t.co/o8trCAUCiS #lungcancer #oncology https://t.co/BoCIwELkpi
"@BasedClub_Co @DeCredit001 I realized that Decredit uses a off-chain data storage plus on-chain DNA fingerprinting, so can you tell us why did you chose use this mechanism instead a typical on-chain model?","After watching CSI, did you ever ask yourself how they identify a person by DNA? Or what they are talking about on television when they talk about the “genetic fingerprint”? We wrote up some information about the genetic fingerprint and the scientific basis for it. The blog wants https://t.co/PTHjyvqAmu",,,"Often faced with weathered remains and fragmented DNA, Dr. Kate Spradley, @TXStateAnthro professor and the director of Operation Identification, relies on affinity estimations to “help to provide a preponderance of evidence.” via @nytimes #TXST https://t.co/P1RMzfpI0O",@clarencehilljr Cause you can’t both compare your symptoms from the virus being vaccinated and unvaccinated… demographic data is statistical analysis (which is racist -profiling-) and doesn’t/can’t account for DNA susceptibility,"@Lamontay87 
HEY COUSIN LAMONT DIAZ!
What's up Primo?
I ran across your Profile on my COUSINS
page on ANCESTRY DNA. Let's connect
soon &amp; compare Family History notes
to see how, where &amp; through who we are
connected on Our Family Trees.
I Am in CHICAGO too. Let's connect soon. https://t.co/zSXHkY3Fuo",,@seahawksfan2314 I assume it's the taste right? I can't imagine anything else that might dissuade you. I guess somebody with a certain genetic profile might find white bread slightly sour.,Genetic Profiling of Cell-Free DNA From Pleural Effusion in Advanced Lung Cancer as a Surrogate for Tumor Tissue and Revealed Additional Clinical Actionable Targets https://t.co/eudBmZlubP https://t.co/mlB3W1eFaG
Anandia's rapid cannabis DNA Fingerprinting is highlighted at StratCann this week! 
https://t.co/1KjlvNMaI8,@stevelawsreport But do they fingerprint them and take their DNA when the are escorted in by their boats and the RNLI. They apparently have no papers so how do they keep track of them?,,,#Oncology #Genetics #Boinformatics: scientists propose a novel method for classifying the mutagenic mechanisms involved in tumorigenesis. The method could facilitate the identification of mutational signatures associated with DNA repair deficiency - https://t.co/4chOzw4a2E https://t.co/GelpDapl7C,@FraiseAdam @janemerrick23 I would not have expected better from a gov that has done exactly this multiple times. It will be a company linked to “ friends “ of the gov. With DNA profiling as well - the gov get the “ benefits “ it’s called Tory policy. #indynow,Business and #LinkedIn DNA should be straight forward.
Does what you do and your profile tick these 3 boxes?
Do you stand out? Are you noticeable by people outside of the linkedin in crowd? Do you attract attention and new prospects?
#linkedInDNA https://t.co/sA1lNcp7hJ,,What a wonderful profile of our friend @DrewEndy- not to be missed! His vision for bioengineering: “To create a planetary-scale civilization that harnesses bioengineering to flourish in partnership with nature…”
By @HanaeArmitage

https://t.co/GDNUTVYgzC,
"If you are interested in learning more in-depth about DNA fingerprinting, join us in our 3-day workshop to learn #genetics basics, the principles of DNA fingerprinting, and its applications and case studies.

Register Here: https://t.co/xkpFtCIf80

#Medicolegal #DNASequencing","@YouNetflix @PennBadgley Joe:LOVE 
@JohnStamos #DocNicky:u&amp;7billion other people on thisPlanet.If we understood love,I´d be out of a job.I have to say,It´s sort of uniqueTo everybody,like a fingerprint or..a strand of DNA orThe song u lost ur virginity to."HUNGRY LIKE THE WOLF"
@YouNetflix https://t.co/JFFwfXxnH5",,,Leaf-reading tool could replace DNA analysis for plant identification https://t.co/2ROx5oz40Y,@sc_wadsy @PaxPlebiscite @Aonghas1903 @Tricky9993 1973 Stephen Downing
1975 Stefan Kiszko
1983 DNA profiling

DNA profiling has revolutionized forensic science and is improving all the time. If you want to continue living in the 70's that's up to you.,Submitted my DNA profile to GEDmatch. Hope to fuck I don’t help catch a badguy 😬,,@Theo_TJ_Jordan Don't forget the blood drop sample for the WEF/Gates health pass system that's likely going to be adopted internationally.

Look at what Big Tech has done with your social media data. What could go wrong when they have everyone's genetic profile data?,
"@FeministRoar @Frances_Coppola @lnmackenzie1 Standard practice on processing after arrest (in my experience) is fingerprinting, photos &amp; cheek swabs. The cheek swabs are processed for DNA which is then entered into the the national DNA database to check for links to previous crimes.

Guess what DNA can tell us?",@anomlptr @goodreads but is murder still easy with DNA and fingerprint and all that? asking for a friend.,,,"#LiteratureNotice Frolov et al. Identification of larvae of two Aphodius Helwig, 1798 (#Coleoptera: #Scarabaeidae: Aphodiinae) species using morphology and DNA barcode https://t.co/EpVMrLXTrF #Beetle #Beetles #ScarabBeetles #Immatures https://t.co/rNvh8eemXh",@guardian There is nothing ethical about this at all. What next DNA profiling... They are not criminals.,Third. The profile from the underwear was also a match to the DNA found on JB’s pajama pants.,,"@colemarisa49 @JohnOz1900 @Anvndarnamn5 @Andrewemcameron @RelampagoBlanc2 @IngersolRobert @0Sundance @Tangomitteckel @FiendInno @somebodystop_me @91996340e81d45a @GregTruman4 @ZombiePiano @DPBeachNY @fishyfish67 @KCTaz @Awesomelyautis1 @jwickers @B_Bolshevik100 @Cole44749821 @RemCent @DeplorableNinny @Mark_A_Lunn @BridgetHolmstro @Jaisans @ammocrypta @flyonthewall182 @Jamz129 @MATTP1949 @DK25769559 @Tragic4Libs @CallMeBlaise1 @joetheatheistp @OfReason23 @aSinister @Willard1951 @FChecker76 @richardwakelin3 @25_cycle @Climatehope2 @BubbasRanch @GeraldKutney @MikeDel21893959 @TheDisproof @DigitalPsyche @WeaponizedPatr1 @Birthday_Chris @davidyoung13 @SimonGr41594862 @ClimateCatastr3 And I'm sure none of these people would object to having their entire genome sequenced to identify genetic markers of disease, and the DNA profile stored indefinitely.",
yes right you can see how that can be abused genetic blood dna fingerprinting https://t.co/CEHyLEBbLQ,"@markwbudde Our core mission is to use #blockchain to protect people’s #DNA datasets against misuse.  Once “tokenized” (96 SNP fingerprint) individuals can grant “tokenized” permissions to authorized parties only.  These tokens (#BioNFT), can be revoked by owner only. https://t.co/7TJKlbwWS2",,,"@GramrgednAngel I discovered that word in the saddest way, writing a report on bush fires that spread so fast that people couldn't escape. DNA identification was difficult: people had been holding each other so their remains were commingled.
Sorry. The word sends shivers down my spine now.",Thinking about million+ possible outcomes under the interactions of host genetics (very complex) x gut microbiome (constantly changing) x environmental factors (extremely dynamic)... 🤔 that's why I am still hesitant to try out DNA and microbiome profiling (maybe one day I will!) https://t.co/JAvYnPnuzy,So one of the sites I use for surveys wanted me to update my profile..... They asked what I have been diagnosed with.  This is ridiculous. I feel like a broken DNA strand. https://t.co/7pX8wl6dgk,,"The only desert in India is the Thar desert in Rajastan and ironically, the people who live there are considered aryans according to their genetic profile, so you swung and missed https://t.co/V8EFHa7RHs",
"@CaitlinAllenPhD @PPHFutureLeader @lspees221 @LaurenPassero @mclarkeroberts @UNCPharmacy @UNCpublichealth Use: "Have you ever had any of the following type(s) of genetic tests?" HINTS options include: (i) paternity testing, (ii) ancestry testing, (iii) DNA fingerprinting, (iv) cystic fibrosis carrier testing, (v) BRCA1/2 testing, (vi) Lynch syndrome testing, and (vii) other",@K24Tv Was Dna or fingerprint done to confirm the person. It could be mistaken identity.,,,"Mitochondrial DNA is not positive identification, as nuclear DNA is.","Family DNA Profiling: The Gift That Keeps On Giving
This process requires the use of complex and sophisticated DNA testing and profiling, known as familial DNA profiling or family DNA profiling. 👉👉 Call us on 1800217217 https://t.co/osXV9wDCFT

#DNAProfiling #DNAFingerprinting https://t.co/j0WDg4oh0Q","@JanNewsom According to my DNA profile I have, I just need help in finding them!",,"In this large prospective cohort, even though the observed effects were relatively modest, both phenotypic and genetic analysis suggested that higher habitual coffee intake may contribute towards an adverse lipid profile.",
"@FischerKing64 @sneaknsneak Even a say, 30% lower crime than the 1980s is still worse for social trust. In 1980, we had worse medical tech (less homicide victims survive), less fingerprinting, less DNA testing, less rape kits, etc…criminals get caught faster, but make up a higher % of the population.","Remember when Eddie Murphy's Axel Foley used superglue to find a fingerprint in Beverly Hills Cop II? That's an actual technique for preserving DNA evidence, as Lowndes Co. Sheriff's deputies learned this week. 

Watch Full Story: https://t.co/lkKE2tQMat https://t.co/8TlEYMiitu",,,@alvavasanth @Swamy39 @dna @AmitShah Sir at least in BJP ruled states identification &amp; deportation (pushing across borders- the way they came)of all Bangladeshi should start immediately Nation we liberated in 1971 is now in Chinese orbit 
In Pak Afghanistan Bangladesh Kafirs persona non grata This is fact,Functional single cell proteomic profiling of cells with abnormal DNA damage response dynamics 

https://t.co/JJNoY3H1x4
 #biorxiv_bioE,@ZealouslyQuoted @HotuHat Ashkenazim have a genetic profile which is 40% to 60% levantine. The rest of "Ashkenazi DNA" is typically gentile. So a 99.5% ashkenazi result would mean 60nto 40% of that was "gentile" whether they eventually converted or not,,"If we can focus on right diet suitable to individual's genetic profile, then definitely we can improve our gut-health and in turn, will help us improving our 'feedback mechanisms'.
.
.
.
#SportifyGlutenFreeFlours #SportifyGlutenFree #Sportify #GlutenFree #Multigrain #Multipurpose https://t.co/kp0SouSFk9",
,"Lowndes Co. Sheriff’s Department gets CSI training on preserving fingerprints, other DNA evidence at crime scenes. https://t.co/ImZSXckQ9A",,,"DNA ANALYST, Raleigh/Wake City-County Bureau of Identification, Raleigh, North Carolina, apply by Nov 15, 2021, https://t.co/PDLJ8XMu5v","⬇️ Informative ⬇️  Caris’ cNAS molecular profiling assesses all 22,000 genes across DNA/RNA from blood, which are unique to an individual’s cancer, revealing a molecular blueprint in order to guide more precise and individualized treatment decisions #WTD @OncLive 🎯 See It All 🧬 https://t.co/IcztpWag21",@TomOBrien0401 @harryrag @bob93265343 @jam_J_M @Maddiesvoice1 @MikeJakey1947 @Francis60905029 @MistyDa83907643 @NotFakeyNatalie @MaverickLite @MayklWalker @Antlad30 @AnnaEsse @PamGurney70 @BourgeoisViews @MikeJakeman5 @5haronl @poppypippa2 @artsmarse @marvinskyelo @Irissykes14 @ScamHunter487 @craig_c83 @Patriot_4_MAGA @Lostinthecity7 @chickienob @emily23800584 @Esjabe1 @D_Owanlen @Andreamariapre2 @SidShite @JBLittlemore @lindale22381726 @forevershallon @PhilipTann1961 @D_Dobrovetsky @milesbetter73 @Shatnerella @Shirley60483124 @njbennett @ElizabethKeesey @LostCuriously @MMTRUTHORLIE @debgee9 @Neil81417504 @McCannCaseTweet @kathypriestley5 @bka @I_Love_Cats2014 @fiorifan That's never been proven.. no match to Madeleine's DNA profile was ever found anywhere.. if you mean the chance match then it could belong to her sibs or parents as Dr Lowe said or be secondary transfer as Dr Perlin said.,,"@hiskia_jager As pet lovers ourselves, we never like to hear stories like this. Unfortunately just like humans, all cats have a unique genetic profile, which regrettably means that they may sometimes have an adverse reaction. We have now contacted the owner to make sure this is  dealt with.",
,Still listen to just Dilla beats. He was that guy. His fingerprint. His DNA. Is all over Hip-Hop. Music in general. https://t.co/17DklpAtST,,,Each week one winner!🌱💪🍍

#30 Dole! 💚
Insect DNA barcoding for identification and knowledge
🔬🦠🧬🧫🧪🦋🐝🐜🦟🦗

https://t.co/7PveRZ6CA5

#FromFarmToFork #DelCampoAlPlato
@giz_gmbh
@iki_bmu
@Global_Nature_F https://t.co/Zn0TdcujBS,Functional single cell proteomic profiling of cells with abnormal DNA damage response dynamics  https://t.co/pyl8jSxV4k #bioRxiv,Dont accept partial results! Only comprehensive genomic profiling of DNA and RNA will reveal all potential biomarkers a patient may respond too. Check out our:
Solid Tumor Profile Plus: https://t.co/baWGGAyioP
Hematology Profile Plus: https://t.co/4njGljIwuc

#GTC #DNA #RNA #TAT https://t.co/WBNOpV8wmN,,@Angl0sax0nGurll @BalaurDambovita @CeltRevived Please refer to my profile picture and consider am I the correct person for that discussion?

I have so many genetic origins that I could be a Beneton monodrama. I am one allahu akbar away from an all-expenses-paid trip to Cuba courtesy of the CIA.,
,"Every year, 800,000 children in America go missing. 

That's 1 child every 40 seconds. 

That's why I authored SB 2158, which helps locate missing children by promoting and providing voluntary, in-home fingerprint &amp; DNA identification kits to parents of children in K-6th grade. https://t.co/fPNENJBGiE",,,"Combining automation with patented MolYsis™ technology, Micro-Dx™ is the first walk-away solution for human DNA removal &amp; selective pathogen DNA extraction integrated with broad-range PCR-based species identification for daily clinical practice. https://t.co/dglYcqH2ik https://t.co/WmqH6fjFrZ",@edwardpoole1975 @ScotRThomson I'm aware

Excluding pre-existing conditions
DNA profiling combined with lifestyle will supply masses of data to actuaries to price you and I in... or out - price ration

Then there's co-pay
&amp; Repoman if we misstate some detail 

We are talking control vs freedom

Best not lose https://t.co/rzfDAMqfFy,@BenEast89032469 @kenolin1 Considering it most likely came from a lab I like to think they had the DNA profile before it even existed.,,"I also have to remind my family that I’m not all black nor do I aspire to be and I am not always nor fully black and if they must categorize to please refer to me by correct and complete racial, multicultural, multinational and genetic profile. Don’t discount the other. #Fluid https://t.co/K4FZUgxzWv",
,Coming back after giving an invited talk about our work on fingerprint aging at https://t.co/8hdNPwzM0V. So impressed by a talk of a mom who lost her daughter by a rapist killer and devoted her life to change the law for DNA test of detainees against CODIS https://t.co/A9Y6a3p0xw,,,If you think the “vacc…” is not about global identification and control of the population think again. Why would you need to submit your DNA if they are telling us it doesn’t impact an individual’s DNA? #markofthebeast #Revelations https://t.co/S73Gk09Qop,"@edwardpoole1975 With AI, DNA profiling and lifestyle tracking via wrist band and saliva / blood tests the basic model can be revolutionized 

People can be predicted &amp; cured before major symptoms! 

That's either for wealthy &amp; people working for big companies, I.e. of use to capital

Or for all?",Profile. 2 DNA Books. 
High Priest Father Savior Jesus DNA Book Of Life For Not Covid19Vacs. High Priest Son Me DNA Book For Covid19Vacs. https://t.co/7tEvfGpypt,,@MozarabMohan hahaha if I wanted to give my genetic information to one of these companies my profile would probably look like 23 and Me's of yours and I don't need a corporation to tell me I am Ms. Worldwide,
,"@gotnobooks @earlmillenie Abandon by his subordinates, ZZS watches the sleeping suspect with his checklist

ZZS: Fingerprint check, DNA sample check, background-

WKX wakes up: A-A Xu... You're here!😱

ZZS looks WKX, turns back to his list: Needs to evaluate the possibility of insanity plea

WKX: A-Xu 😳",,,@John38934556 @RobertB20617044 @AntonyRobart Trying to share the video link but anyway this video indicates that you need to send your blood in for DNA analysis to get the global pass. Why would they need your DNA for a “vaccine” that supposedly doesn’t impact your DNA. Global digital identification for control.,New #LiquidBiopsy study in @Clin_Chem_AACC -  large pan-cancer cohort + retrospective analysis of corr btw DNA input and sequencing success. We need diverse technologies that address all sample types so every cancer patient can access molecular profiling.
https://t.co/QFnTWCTYQu https://t.co/ASgFeRPiLc,@kwhitaker_ @MrAlAnderson Pitiful😥 But my younger brother is 6 feet. Does it count? I mean close DNA profile and all_____ https://t.co/k5ZHZpxQX5,,"@Ronald_Raygun_ I actually read once that it's a genetic thing on if you think it tastes good, or if it tastes like soap. It's actually part of my 23 &amp; Me profile 😆",
,"Abandon by his subordinates, ZZS watches the sleeping suspect with his checklist

ZZS: Fingerprint check, DNA sample check, background-

WKX wakes up: A-A Xu... You're here!😱

ZZS looks WKX, turns back to his list: Needs to evaluate the possibility of insanity plea

WKX: A-Xu😳",,,@DrJenGunter How do you feel about the WEF wanting you to register your DNA through a drop of blood as part of such identification as they are currently promoting? Is there any limit to your compliance?,DNA methylation-based profiling reveals distinct clusters with survival heterogeneity in high-grade serous ovarian cancer https://t.co/of0wUReKKj,"@colemarisa49 @JohnOz1900 @Anvndarnamn5 @Andrewemcameron @RelampagoBlanc2 @IngersolRobert @0Sundance @Tangomitteckel @FiendInno @somebodystop_me @91996340e81d45a @GregTruman4 @ZombiePiano @DPBeachNY @fishyfish67 @KCTaz @Awesomelyautis1 @jwickers @B_Bolshevik100 @Cole44749821 @RemCent @DeplorableNinny @Mark_A_Lunn @BridgetHolmstro @Jaisans @ammocrypta @flyonthewall182 @Jamz129 @MATTP1949 @DK25769559 @Tragic4Libs @CallMeBlaise1 @joetheatheistp @OfReason23 @aSinister @Willard1951 @FChecker76 @richardwakelin3 @25_cycle @Climatehope2 @BubbasRanch @GeraldKutney @MikeDel21893959 @TheDisproof @DigitalPsyche @WeaponizedPatr1 @Birthday_Chris @davidyoung13 @SimonGr41594862 @ClimateCatastr3 And I'm sure none of these people would object to having their entire genome sequenced to identify genetic markers of disease, and the DNA profile stored indefinitely.",,"@TonyBurnetti @MatthewPB63 @LizHIVHep Can you elaborate?  Chemotherapy is classified as cytotoxic as are cd8+ cells

I spent a big part of my career designing algorithms that would target specific cancers with specific chemotherapy regimens, based on the individual genetic profile so this is interesting to me",
,"@keithbelfast Sweet jesus...
A photo of you with soot on your face, in rags, with your hand outstretched standing beside a projection of your fingerprint and holding a a2 print out of your full dna sequence in 12pt helvetica 003300#",,,"Performing Judaism? 

The Nigerians who want Israel to accept them as Jews.
"Chidi Ugwu, an anthropologist at the University of Nigeria, says this identification with Judaism emerged only after the Biafran civil war...a DNA test found no Jewish connection.
https://t.co/RTycTNhbXr",On week 5 students carried out a paper based DNA profiling activity to match the genetic fingerprints of a DNA sample to a missing persons database. Our victim was confirmed as Miss Grey https://t.co/dbCHXr6wiL,@JohnOz1900 @Anvndarnamn5 @colemarisa49 @Andrewemcameron @RelampagoBlanc2 @IngersolRobert @0Sundance @Tangomitteckel @FiendInno @somebodystop_me @91996340e81d45a @GregTruman4 @ZombiePiano @DPBeachNY @fishyfish67 @KCTaz @Awesomelyautis1 @jwickers @B_Bolshevik100 @Cole44749821 @RemCent @DeplorableNinny @Mark_A_Lunn @BridgetHolmstro @Jaisans @ammocrypta @flyonthewall182 @Jamz129 @MATTP1949 @DK25769559 @Tragic4Libs @CallMeBlaise1 @joetheatheistp @OfReason23 @aSinister @Willard1951 @FChecker76 @richardwakelin3 @25_cycle @Climatehope2 @BubbasRanch @GeraldKutney @MikeDel21893959 @TheDisproof @DigitalPsyche @WeaponizedPatr1 @Birthday_Chris @davidyoung13 @SimonGr41594862 @ClimateCatastr3 Ah so you'd willingly give your DNA profile to Big Pharma?,,"Will novel, gene-based therapies advance survival timelines in solid tumors, addressing each tumor’s individual genetic profile? 
https://t.co/zRW1z9zBz8
#reimagineresearch #galienfoundation #galienweekofinnovation #genebasedcancerthereapies https://t.co/fzTDEnwj7T",
,"US Inspectors, military from other countries use me as a genetic poison or not? They have money to rent the house so they can collect my DNA, fingerprint to produce scientific weapon or not? I doubt that white Muslim she use the head of all to set me up or African.",,,How is a genetic DNA blood fingerprint different than a fingerprint from your hand?

 If used for identification purposes only? 

#CriticalThinking 

#GeneticGenealogy,Pubmed: DNA methylation-based profiling reveals distinct clusters with survival heterogeneity in high-grade serous ovarian cancer https://t.co/pWHE9gMKG3,"Additional to the count of rhinos, their DNA profile will also be prepared. Of a total of 48 rhinos, DNA profiles of 38 rhinos have already been prepared.",,"1. He's in the Department of Chronic Disease Epidemiology. Emphasis is placed on fields of cancer, cardiovascular disease, perinatal &amp; reproductive epidemiology, psychosocial epidemiology, HIV/AIDS, aging &amp; genetic epidemiology.
2. Not infectious diseases.https://t.co/49ow3DzJz3 https://t.co/rohz6BmV7J",
,@eNCA @SAPoliceService on December 6 2019 we had a break in at home and a DNA and fingerprint sample was taken. Almost two years later I'm still waiting for the results. That was taken in Waterval SAPS in Limpopo #bhekicele,,,▪️Priti Patel wants to X-ray migrants suspected of lying about their age

▪️She wants to use “scientifically verifiable” measurements of bones or take DNA samples to check age

This news is truly shocking 

We know where such vile identification of ‘others’ by the Nazis led https://t.co/W1xpoL8hxj,"🌐 #IB News #BSBNexus
Excellent presentation by Lucie Y12 #IBDP on DNA profiling. As passionate about criminology, she wanted to raise awareness on DNA profiling as one of the best discoveries for the criminal field. 
A great exhibition of #LearningHabits https://t.co/HHDna37APu",@RyIsntOnline @PaulMaric What about "Hey big boy (Cos it will have got a DNA profile)  you really give me a charge",,"So when the soft spot is forming (cranial bones fuse), could the introduction of toxic HGC cause blood vessels to abnormally malform due to genetic profile program for another being being introduced &amp; cause an undetectable death by stroke? Yes.
Dr. Ezzard C Burdette JR
HGC kills!",
,"#Lastchance to register for Saturday sessions of Junior Scientists: Forensic Fun. From DNA extraction to fingerprint identification to handwriting analysis, this workshop will have you honing your sleuthing skills. Booking closes tomorrow 👉https://t.co/hyMOnxEAiD https://t.co/g9I6vMSZ5P",,,Benchmarking tools for DNA repeat identification in diverse genomes
https://t.co/ufvgVAYqHq,"@Ed_d_ie @LakotaMan1 Hi, something to consider. Ancestry and 23ME are not reliable sources. They do not enough quantitative samples from Native Americans, their databases have significantly more European and African  genetic profiles. It will improve with more Native dna profiling, need more time.","@kenolin1 Yes, really amazing.  It is because they do not understand basic facts.  It is the 21st Century.  We are now able to map the DNA of this virus, had the DNA profile in the beginning which is how we are able to make the right vaccine so fast.  Safe &amp; reliable. Too much bad info.",,"And here's something to think about med school students and interns. If the infant's genetic profile is altered (think bug in computer program), how could HGC negatively effect any development in the head of infant?
Dr. Ezzard C Burdette JR JD MD PhD MBA",
,,,,Priti Patel wants to X-ray migrants suspected of lying about their age. She wants to use “scientifically verifiable” measurements of bones or take DNA samples to check their age. This news has truly shocked me. We know where such vile identification of ‘others’ by the Nazis led.,DNA methylation-based profiling reveals distinct clusters with survival heterogeneity in high-grade serous ovarian cancer https://t.co/8iTS0je0QZ,"@anupjaiswal1958 @Barugaru1 @sonaliranade Hinduism is more than 5000yr old, castism just 1800 yrs old,DNA profile studies confirms of intermarriages
 between various castes which suddenly stopped 1800 ago. Caste issues in Hindu culture we find only in Smritis not in Shruti's. For me u r one of us sharing one culture",,"Hear from one of our breast radiation oncologists, Dr. Nathan Kim, on the benefits of genetic counseling. #BreastCancerAwarenessMonth

Read Dr. Kim's profile: https://t.co/y4xZsBDsED https://t.co/mrI55IzyzY",
,,,,"The LaSalle County Coroner has identified the male body found earlier this month as 25-year-old Jelani Day of Bloomington, Illinois through forensic dental identification and DNA testing and comparison. He was reported missing back on August 25th. #JelaniDay https://t.co/sV2jUkg8KD",PubMed_ Genetic Profiling of Cell-Free DNA From Pleural Effusion in Advanced Lung Cancer as a Surrogate for Tumor Tissue and Revealed Additional Clinical Actionable Targets https://t.co/2p4UkPThXj,We desperately need a high profile person to take on the KyCry case. It is gathering Dust on the sheriff’s desk. Do they have DNA of the killer?,,"You feel the electric crackle on the back of your neck as it registers your irises and genetic profile, and from the rigid looks on your other team members' faces, they feel it too. 🧬 2/4",
,,,,@WehliyeMohamed Traditional science (DNA) identification by sniffing.,New article: Genetic Profiling of Cell-Free DNA From Pleural Effusion in Advanced Lung Cancer as a Surrogate for Tumor Tissue and Revealed Additional Clinical Actionable Targets https://t.co/o8trCAUCiS #lungcancer #oncology https://t.co/BoCIwELkpi,@RobinDianne2 @VincentHodges14 @WSJ I was wondering myself why a proud black man would put up a profile photo where you couldn't really tell he was a black man?

The next question I have is how much % black do you have to have in you to claim your a black man? Is it only a looks thing? My DNA say I am have 3 %,,@sigourneybeaver Yeah I took HRT for years during menopause (as my profile doesn't include a familial genetic history of hormone sensitive cancer) though I used to use a clear gel. It dried like it had been absorbed and but I found I could scrape it off in the bath... Helpful.,
,,,,@gavinmit I fear there were and for this reason everyone should be required to submit a DNA sample to Twitter for identification purposes.,Genetic Profiling of Cell-Free DNA From Pleural Effusion in Advanced Lung Cancer as a Surrogate for Tumor Tissue and Revealed Additional Clinical Actionable Targets https://t.co/eudBmZlubP https://t.co/mlB3W1eFaG,@BGhorley @smitty8234 @KCPubHealth @kcexec The off ramp is after we have you completely enslaved by technology.

We plan and are developing apps and devices (think fitness trackers) to track health metrics coupled with your DNA profile. Then we can control humans just like code and keep our slaves as slaves.,,"@yuzipunk My little lemon drops~ 💕
It's me, your sweet Rosie!! ☺️

I'm an amnesiac genetic experiment living on Earth and spending my free time playing games. My goal is to sample Earth's sweets! 
Socials on profile! 

https://t.co/2AK60yRcEl",
,,,,🆕🗞️🌱Automatic identification and annotation of MYB gene family members in plants (Oct 2021)

https://t.co/MbZmjObqpN

This pipeline is freely available on github:
https://t.co/d4NAUrmCRX

#plant #genomics #phylogenetics #genes #preprint #github @boas_pucker @biorxivpreprint https://t.co/pFmBuQPq6D,DNA methylation-based profiling reveals distinct clusters with survival heterogeneity in high-grade serous ovarian cancer https://t.co/z5j8yFWMrZ https://t.co/rdB7VPCIv7,"@Qwecu @AbenaSweetness2 @ameyaw112 Chale , I'm surely he did a DNA profile  and found out he has heritage here 

Cos he came to learn and sing in twi all oo  😁🤣🤣😂",,"@SolemVatem @candiiclover @rbest321 @TheRealNitin @atdanwhite normally people who insult other peoples profile pictures at least have one that isn’t the most genetic edge lord “no one understands me” shit in existence, do better https://t.co/XzCHrZtTMs",
,,,,@anujdhar @chandrachurg #Netaji has to be separated from political interests. Bose’s mysterious disappearance &amp; non-revealing documents are real national issues. DNA test of the ashes kept at Renkoji Temple and identification of #GumnaamiBaba have to prioritised. Bose is the reason why British left.,Such a clever adaptation of CUT&amp;TAG to profile several DNA binding proteins simultaneously with adaptation to single cell profiling from Thomas Fazio and Sneha Gopalan. Happy that my group was able to help a bit. https://t.co/bW1SFzWCKf,.
Trump Given Deadlines to Produce #DNA in #EJeanCarroll Case.

https://t.co/9GhpYumlU7,,Another indication that there is a genetic risk factor that is in play. The question is whether they are targeting a genetic profile (intentionally genociding them) or if they just don’t really care. 🤷‍♂️ https://t.co/UnxsSDL6Yc,
,,,,"The advent of post-mortem DNA ethnicity identification, Ballynahatty Passage Tomb, &amp; the indication of the presence of Near Eastern peoples in Belfast during the Neolithic Era therein shows the strength of pre-colonial cultural bonds between oriental and occidental civilizations.",,"Correction to: A distant relationship?—investigation of correlations between DNA isolated from backspatter traces recovered from firearms, wound profile characteristics, and shooting distance https://t.co/pKnMd4k3QN",,New Research: Application of Cluster Analysis of Time Evolution for Magnetic Resonance Imaging -Derived Oxygen Extraction Fraction Mapping: A Promising Strategy for the Genetic Profile Prediction and Grading of Glioma: Background: The… https://t.co/iY2uEALXJE #Neuroscience,
,,,,Every year I contact local police through a Japanese consulate in New York City and acquaintances.
About 10 years ago police said that they would use weapons for DNA identification.
But then I heard that the police lost the weapon.
My Brother name is Atushi Funaki.,,"@jpbrammer They keep telling me I “have a new DNA match” and every Single time it’s my brother, who I personally listed on my profile as my brother ages ago",,@beedlebeetle @palettecals Milk products create inflammation. Look it up. It should be consumed according to your genetic profile.,
,,,,"@SaraWolfeBAH @NickBuckleyMBE Well for a start i would include in that a database of all Male DNA, DNA identification of all fathers of children born, criminalisation of misogyny, raising of the age of consent, classification of all under age sex as rape, an public information database of all male sex crime",,"Me, sitting in the movie theater in the middle of No Time To Die, realizing the ramifications of having willingly sent my DNA profile to AncestyDNA (at least I got a whole new cousin out of the deal, worth the risk in my opinion): https://t.co/zxkdrxKRO6",,"Byline Times - Companies House shows that Immensa has one officer and owner – Andrea Riposati – who is also the co-founder and CEO of an Italy-based firm, Dante Labs.
Dante offers multiple services, primarily the creation of a genetic profile by analysing “100% of your DNA”. https://t.co/hncEjIuSMk",
,,,,,,"@lelebtslove @Spotify @SpotifyCares @BTS_twt @coldplay Hello @Spotify @SpotifyCares, you tagged the wrong profile! Please fix this as soon as possible and attach the correct Yoongi/ SUGA profile to the remix. Thank u! @BTS_twt @coldplay",,"Fine. I'll do it.

The First Order issues diet cards for a reason. Those diet cards are specifically matched for your body type, genetic profile, job type, and physical health. Deviate from your diet card at your own risk.

Oooog...",
,,,,,,"Hi @Spotify @SpotifyCares, you tagged the wrong profile!! Please fix this as soon as possible and attach the correct Yoongi/ SUGA profile to the remix. Thank u! @BTS_twt @coldplay",,"@RonJCarson1 @jvasil @EricTopol @CDCgov @cyrusshahpar46 @HHSGov @WHCOS Genetics - we are complex beings, each of us has a unique genetic profile that along with other factors (age, access/quality healthcare, nutrition &amp; clean water, exposure to pollution etc) determines our susceptibility. G x E = response to covid infection",
,,,,,,"@bubbacdubbya @MacabreTavern He thinks the vaccines modify DNA. He thinks Bill Gates is controlling the world (among others). He thinks NFTs are awesome. I saw someone post a profile he made on some business website, where he claimed PWP was making 13 million dollars in revenue 😂🤣",,"Since the start of the pandemic, criminals across America have exploited Marketplace to commit armed robberies and at least 13 homicides.

One alleged killer’s profile remained online with active listings until we contacted Facebook.

https://t.co/MFL6j8ByMj",
,,,,,,"@summertimegrl69 @ClayTravis @AllisonW_Sports This is sort of true, Moderna and Pfizer vaccines are actually mRNA, not DNA. And it’s working great. It was a delivery system developed several years prior based on what actual viruses do to body. Great safety profile and &gt;90% efficacy. Ingenious.",,"@flummoxings @thisthingshard It is hard for me to recommend as you could take medication, have a very different lifestyle, genetic profile or diet than typical. However, due to years of calcium centric culture + high stress I cannot see how anyone could fill in their Mg deficiencies without supplementation.",
,,,,,,Wives Like Jane Mena Is The Reason All Nigerian Men Should Do DNA Test’ – Doctor Writes https://t.co/dlu7UJQXmW,,@MichaelAlbertMD Same thing with DNA/gene-based nutrition companies touting to provide recommendations based on your genetic profile. That science is anything but robust atm.,
,,,,,,This could be a way of getting everyone’s DNA Profile without obtaining consent ? 🤔 @UsforThemUK https://t.co/k4SduGJtDg,,"@ChariVin1 @OhShutUpNigga @Moe_APHG @xoesethamystro @tariqnasheed The fact that ancient and modern Egyptians are over 60% Levant_PPNB or Mesolithic Levantine ancestry really says something on when did the ancestors of Egyptians came from and etc, and they have a different genetic profile from Maghrebis(except for the Bedouins of Douz). https://t.co/NEWFoH08c8",
,,,,,,"@is_OwenLewis I've reveled in my inner Neanderthal, too, but the supposed psychological profile of people who have a high degree of DNA overlap with Neanderthals isn't exactly positive — not that I give much credence to  what is written in this pop psy article:
https://t.co/t2i44k2nv6",,"My 15 year old Goddaughter had her genetic profile done.
She is European, Asian, and African.
She attends both Greek Orthodox and Roman Catholic Churches.
She is the joyful and hopeful fulfilment of the official motto of the USA (1791):
"E Pluribus Unum."="Out of Many, One."",
,,,,,,"GIVEAWAY $1000 ~ (4 WINNERS x $250) PART 3

- retweet &amp; complete task below

1) change your profile picture to the photo below until the giveaway is over
2) go to https://t.co/uK1i44pcmf
3) comment “List $ELON Please”
on most recent tweet + post proof !

end 7 days, goodluck. https://t.co/WlZdrlRVno",,How many of those patients were 31 like my brother? How many were black? How many had the same genetic profile? I haven’t taken the time to look these things up yet. I’m not sure that I’m ready.  I’ve conveniently stayed away from cancer research since then 5/,
,,,,,,@NancyJC5 @MishikaMom Agreed.... if the DNA profile comes out with no other contributors... his goose is cooked..Feds win 85% of cases that went to trial in 2019...,,"@OctaviusDelmont @susanschally @KellyCNBC Some people adapted to processing dairy, it took about 15,000 years. If you want to talk about foods we're "supposed" to be eating you can go ahead and leave out the ones that require a particular genetic profile",
,,,,,,"@MattMarmoset @christatum4949 @trdhorseracing @Stan_VoWales You should maybe do your dna profile, you’d be surprised. People haven’t stayed in the same place for long over human history, that’s how we have populated the earth.",,"@SundanceConstr1 @bushcrafter79 To clarify- 
I've called both COVID &amp; the VAXX a genetic lottery. 

It's clear by the victim profile that to die OF covid under the age of 70 is rare. You don't get to choose that one.

However, I can prevent any negative consequence of the "vaccine" by CHOOSING not to take it.",
,,,,,,@MrTomMcDermott I debate the mess situation 

Chelsea were not in a mess and neither are Inter 

He just loses the plot if not backed but we DO actually back managers

Plus we wouldn't give Any manager Carte blanche so keeping dna and player profile in tact 

2-3 years 
Job done,,"finally read this excellent profile of @kph3k, highly recommended for anyone with even a passing interest in untangling genetic/environmental influences on behaviour, and critically (for me) why a role for genes is compatible with a progressive outlook https://t.co/E7xODIolr8",
,,,,,,@Christi18612352 @GovStitt "The probability of randomly selecting an unrelated individual with this DNA profile at 7 of 21
loci tested is approximately:
1 in 1.3 billion in the US Caucasian population
1 in 110 million in the US African American population
1 in 1 billion in the US Hispanic population ",,,
,,,,,,@NFoster66 Lie detectors are bullshit pseudoscience. If Bailey passed or failed it would demonstrate nothing. What we do have is a DNA profile found on Sophie's boot. Why is no-one calling for this to be checked? Shouldn't this be "top priority"? https://t.co/26ahDq4ben,,,
,,,,,,"@docrussjackson More people should have their DNA tested as it’s an eye opener. My family history has been traced back about 1,000 years in the UK but, lo &amp; behold, my ethnic DNA profile is 53% England &amp; NW Europe, 20% Scottish, 13% Norwegian, 10% Sweden/Denmark &amp; 2% Irish
And I’m proud of that! https://t.co/CDOrPkLXhk",,,
,,,,,,Continue the reach to get more patients exposure to the innovative therapeutics &amp; expanded offerings to come as we find even more targeted #BioMarkers…Profile.Profile.Profile #PrecisionMedicine #NGS #DNA #RNA 🎯 🧬 #WinTheDay https://t.co/qDsdrKTpVh,,,
,,,,,,@DNA_Frequency Oh it was just a clip...sorry I read it with your profile theme words 'saying unstoppable'...👍,,,
,,,,,,"7) ➡️ The fact that an amino acid is able to modify the epigenetic profile of a cell, without modifying its DNA, is a surprising thing. 

🎯Proline is one of the twenty amino acids used in cells for the biosynthesis of proteins and like all amino acids it contains a",,,
,,,,,,Question I ask prospects is what is the DNA stored in your #LinkedIn profile?
How Distinctive are you?
Are you Noticeable? 
Does your profile Attract the right people?
If no to two or more then call me.
If yes to all 3 let’s connect 😀
#LinkedInUnlocker https://t.co/plqdwkNZdA,,,
,,,,,,@RandyscrandyL @alpha_utd Says the man with a conte profile photo. No dna no party,,,
,,,,,,Look how nicely new profile pic lines up w/ background. Almost completes as one cloud to sea striking image.
A sign that time for big changes is at hand as the electrical circuit is now complete.... https://t.co/4PCJ55MnQS,,,
,,,,,,"@CalltoActivism @algore Every baby should leave the hospitals with a birth certificate, a dna profile, a pocket constitution and register to vote upon turning 18.",,,
,,,,,,"🐕 TERRY went #missing at Matara wedding venue #Kingscote #Tetbury #GL8 26/9
SUBSTANTIAL REWARD FOR SAFE &amp; FAST RETURN
He has VERY IDENTIFYING MARKINGS,
🔴LONG LEGS
🔴DISTINCTIVE KINK IN TAIL
🔴WHITE CHIN
🔴WHITE SPOT TO CHEST
🔴DNA PROFILE HELD FOR TERRY 
https://t.co/p87s5mps4t https://t.co/9CFhgbQ6uU",,,
,,,,,,Somebody needs to check Stetson Bennett IV’s ancestry dna profile. I have a feeling Stetson Bennett I had a questionable profession.,,,
,,,,,,"In the official profile all the clones, K', Krizalid, and Nameless are his 'relatives' so basically Kyo could do a paternity DNA test and claim to be their father 😂😂

#Kyokusanagi #Nameless #Krizalid #K #Kyo1 #Kyo2 https://t.co/n6TFqinTo4",,,
,,,,,,"@ReverendLenell @TheMarcitect Back where this thread started. Enslavement &amp; exploitation of humanity. Depopulation. Eugenics. I have an article I wrote pinned to my profile which answers some questions. I have a patent I will post later. Re: DNA, knowledge you have about remnants may be relevant too. 😇🔩",,,
,,,,,,his side profile is immaculate and he knows it. https://t.co/13GLQRYHSJ,,,
,,,,,,@majinatejeff The most basic anthropological fact is that there are different species of humans. Y’all with this “we’re all the same” shit never run to the police department to tell the the forensic scientist to NOT put out a racial profile of the killer based on the DNA left behind.,,,