dna fingerprinting,dna fingerprint,genetic fingerprinting,genetic fingerprint,dna identification,dna profiling,dna profile,dna typing,genetic profile,genetic profiling
FDA approval means nothing. 

https://t.co/q5y5oiVQ6H,A spatial fingerprint of land-water linkage of biodiversity uncovered by remote sensing and environmental DNA https://t.co/n0DMrnzEi8
#eDNA #environmentalDNA,"Genetic fingerprinting has linked all cases of a rare tropical disease called melioidosis that affected four people in Georgia, Texas, Minnesota and Kansas and killed two of them to an aromatherapy spray sold at Walmart, the CDC says https://t.co/EGXE9E77d6","@mumf14 @Alas_designer @PoliticsJOE_UK @blondebird59 He was a known regular client of many of the girls, and DNA is best understood under the older title of genetic fingerprints. It's no different to a fingerprint, it's your interpretation of how it was left that decides what happened.",Technique Examines Sitting Bull's Familial DNA https://t.co/7qpoyIhUgB,"GATTACA

Segregation of the society based on DNA. Eugenics and gene profiling. 

Genetically "valid" allowed to perform superior professions. "Invalids" are destined to do menial jobs. 

"Society, where the Success is determined by Science"

https://t.co/wKOw5FtxAv","@NavygirlLaura A DNA profile would shock many, just wondering if he’s had his done?","https://t.co/lHHZXWVytC
CCC 10/29: AA update, vcalls, ambiguous calls &amp; op overload, refcnt vs GC.  Human timescales.  immut &amp; Clojure; Dist KV stores &amp; exact vs eventual. Vector ops;  VM design for 1st-run,, Compiler arch, Apple pies &amp; DNA, AA typing xtns, Eval Jit Snapshot",@KashmiriMuslman Blocked by both atta beg and dardic Koshur after poking their infirm understanding of history. Hope you don't do the same after perusing this complete genetic profile of the subcontinent. Adios.,"I am delighted to share my latest review, out today in @FrontMolBioSci, where we discuss the challenges, results, and future opportunities using transcriptomic and genetic profiling in HIV-Associated Neurocognitive Disorders.  https://t.co/euO4wy4LcT"
The Centre for DNA Fingerprinting and Diagnostics Invites Application for Psychologist / Counsellor Recruitment 2021 

 https://t.co/Qf1ab88olq,1/3 Just out @biorxivpreprint: 

A spatial #fingerprint of land-water linkage of biodiversity uncovered by remote sensing and environmental DNA: https://t.co/IZhqjfEwvU

The result of many years of work and highly interdisciplinary collaborations @uzh_gcb!

#RemoteSensing #eDNA https://t.co/h0S9dB0S47,"Genetic fingerprinting has linked all cases of a rare tropical disease called melioidosis that affected four people in Georgia, Texas, Minnesota and Kansas and killed two of them to an aromatherapy spray sold at Walmart, the US CDC says https://t.co/1JTDO8E6JL",High pressure reaper pawn. Think our enemies are allergic to a genetic fingerprint?,"Identity of Sitting Bull's great-grandson confirmed w/ 130-year-old DNA. The novel method of identification involved using hair from the Lakota leader, who died in 1890. Findings confirm Ernie LaPointe, 73, of S. Dakota, as the closest living descendant https://t.co/DKiGDoi6OF https://t.co/LcThrYIrHy","As part of a collaboration with the Caris Precision Oncology Alliance, the National Cancer Institute’s researchers now have access to Caris’ suite of comprehensive molecular profiling offerings that provide molecular insights across DNA, RNA &amp; proteins. 

https://t.co/OGsvUNaAYX https://t.co/YOpH7s22Kv","No Stuart, 'intersex' does not mean 'both sexes combined', &amp; it isn't a sex class of it's own, nor has it got to do with your 'messed up DNA', which apparently means you are intersexed 🤣

From your profile you are pushing heavy trans narrative, whilst talking shite. https://t.co/tQSu78nFZh",@assignedbrave @sandiegozoo It's breaking news because they only recently discovered the parthenogenesis from DNA typing after the birds had already died.,"Next up for our profile series highlighting the evolving nature of GC roles is Dr @ElviraZilliacu4! She is a Genetic Services Consultant @BpGenetics, providing genetic testing services across 70 countries. Her 25-year career spans clinical, research, academia &amp; industry roles. https://t.co/DtCStsxJDH",@empathyunites @DrTomFrieden Sampling and genetic profiling. Different symptoms. Flu is airborne so social distancing and mask wearing reduces transmission. There is a vaccine. Just had mine!
@mariannaspring Give these to the Police for fingerprinting and DNA,@mattyglesias I agree. There should be DNA or fingerprint encoding.,𝗚𝗡/ Fighting viruses with interchangeable defense #genes
#Genetics biweekly vol.14

• Fingerprinting proteins with force
• Targeting tumors with intracellular precision
• #Genetic secrets of stress-tolerant mangrove trees revealed
• And more!
https://t.co/J8AB9fyMvy,"#OnThisDay in 1984, Professor Sir Alec Jeffreys identified the world’s first ‘genetic fingerprint’ at 09.05am 👏 

👉 https://t.co/vzo1L1ukym  👈

#UoL100 | #CenturyOfChange https://t.co/1tdJ3F8wqf",Technique Examines Sitting Bull's Familial DNA https://t.co/wMQpZiLzwy,"Caris will make available to NCI researchers its broad portfolio of molecular profiling products that include DNA (genome), RNA (transcriptome) and proteins (proteome) testing and analysis tools. Learn more: https://t.co/DCjP6j9A66","@KashmiriMuslman Those times are over, my friend. We have extensive dna profile of every ethnicity now. I can provide one now, here.","@diannaeanderson @foundbysara It shares some DNA with like swipe typing now, which is actually kind of interesting to think about.",Adapting crops for future climate conditions - A Texas A&amp;M AgriLife study used artificial intelligence to project the genetic profile to which cultivars will need to adapt
https://t.co/0SbQOX7NNZ https://t.co/wBufrTf25R,"Marine Drugs, Vol. 19, Pages 607: Hidden Diversity in an Antarctic Algal Forest: Metabolomic Profiling Linked to Patterns of Genetic Diversification in the Antarctic Red Alga Plocamium sp. https://t.co/YRvH6hyN05"
"#Jammu University Signs (MoU) with Centre for DNA Fingerprinting and Diagnostics (CDFD), Hyderabad 

#JammuAndKashmir @UniversityJammu @diprjk

https://t.co/3qj32M17jF","@mumf14 @Alas_designer @PoliticsJOE_UK @blondebird59 He was a known regular client of many of the girls, and DNA is best understood under the older title of genetic fingerprints. It's no different to a fingerprint, it's your interpretation of how it was left that decides what happened.",@TheOfficialSBI Wow! The next update will be for genetic fingerprinting to validate the transaction. I can bet on it.,"This genetic condition is also known as "Immigration Delay Disease," because affected individuals experience difficulty in passing through security or checkpoints where fingerprint identification is required.

There are only 4 families on earth till date known with this condition https://t.co/Id5rjxaMqq",News Feed: Technique Examines Sitting Bull's Familial DNA https://t.co/N406LovbTQ,Our paper is out! We find that cell-free DNA profiling of peritoneal effluent can detect a variety of pathogens in PD patients! Special thanks to @nkf for Young Investigator Grant and to NIH @DeVlaminckLab  @SilberjRogosin @philip_burnham @AlexandrePCheng  https://t.co/PZpAqwbmIm,@MackSteph74 @Project_Cuddle L❤️VE the pinned Ferera Swan quote and your cool DNA profile pic too! #RestoringRoots,Fundamentals of Forensic DNA Typing -  ppt download https://t.co/RVG4c7liPF,"Old School vaccines = Inactivated virus. 70 years research. #Flu
Vaccine induces response targeting of a RANGE of DIFFERENT virus proteins. Invokes humoral and cellular response, with low AV’s. High safety profile. 

Genetic vaccines (DNA / RNA) differ
https://t.co/fk2mRkaUve https://t.co/tDovyUoFST","critical race theory Systemic racism is a genetic and essentialist fallacy. Systemic (structural, institutional) racism involves the same sort of thinking that led to eugenics; and is now elevated to a notion of national racial profiling."
@sebatlab I remember Alec Jeffreys reading out letters he had from landlandies asking him to do DNA fingerprinting to work out who had soiled their beds 😀,@worldglobalnw It looks kinda like your pigment is missing there. Like a weird DNA thing. This is fascinating. Are the fingerprint lines IN the scar area or is it blank?,,@ProudOfNickiana @NICKIMINAJ Pinkprint was a super personal cover. Think about the art of make up and your fingerprint which is part of your makeup (genetic). So clever and artistic and personal,"@wolfe_author I believe that DNA analysis for identification purposes generally isn't that precise, as that usually isn't necessary to positively ID someone.

A bone marrow transplant recipient and the donor also share identical DNA, depending on the specimen used.",Nfs serial killers were going crazy before forensic and dna profiling. It’s crazy how much they got away with before the 90s.,Calls from doctors offices and lawyers for DNA testing have picked up significantly in the past couple weeks. 

How? 

Having an optimized profile on Google My Business and good reviews. Plus just the time on Google helps. 

When I get that BBB accreditation tho &gt;&gt;&gt;,"Hmn.  Decided to try googling one of the possible fathers, try and find a phone number, based on the DNA test results. Its like he doesn't exist except for a divorce, some obituaries, and birth records, and real estate. But I tried typing his ex wife in and all sorts of results.","Dollar General… don’t they have a pharmacy?  Like Fred’s, Alabama?  You don’t fit the USPS meds to beds profile? How come genetic defect tester?

Yeah. I wonder why they don’t just fill them at the hospital. #CAD #MLresearchSpoilers",The Diagnostic Value of Genetic Mutation Analysis and Mutation Profiling of cfDNA in Intraocular Fluid for VRL  https://t.co/cP1eQepOi4 #medRxiv
"JU  signed  (MoU) with Centre for DNA Fingerprinting &amp; Diagnostics (CDFD), Hyderabad. Prof.M K. Dhar, VCJU opined that this MoU shall usher a new era of collaborations in research &amp; academics of both the institutes.@OfficeOfLGJandK @nitishwarKumar @ugc_india @EduMinOfIndia https://t.co/l5ZRowAjCa",A spatial fingerprint of land-water linkage of biodiversity uncovered by remote sensing and environmental DNA  https://t.co/dgnRcKbpIN #biorxiv_ecology,,@BWJones I guess the trick is to find the right balance. On the one hand they provide a nice unique identifier. On the other hand if handled poorly they form the basis for identity theft and other abuses (see for example problems with mass fingerprint or genetic databases).,"@OutRightIntl @StateDept This is dangerous! If someone is unidentifiable in a deceased state, dna is extracted for identification. Ones sex is determined at conception by one’s genes period. This will just create chaos!",@seth_allan_ames @emirithegrey Sitting Bull died in 1890. dna profiling was invented in the 1980s. Sitting Bull agreed to none of this.,"@Happy136345143 @GeneBacon3 @Caitlyn_Jenner Look at the profile picture queen. Where do you see a wig? The hair, tits, ass, nails, lashes and brows are all real, and the face is snatched! That's where the attraction is. Men aren't attracted to DNA, people don't ask about it.","accidentally typing “!” instead of “?” at the end of a question over text can change the entire identity, mood, and DNA of that text. A simple question turns into a momentary death threat",@felicia_rabourn @SavannahLMaddox  When the new year legislature convenes Could you #AuditTheDataKy regarding the Covid. and any possible money exchanged for deals. And the association of @StevenStackMD  with genetic therapy companies of JUNO and Zoic from His linkedin profile,U.S. Warns of Efforts by China to Collect Genetic Data https://t.co/EhiL6qaLzJ @julianbarnes @paulkrugman Julian profiling is age old process. data analytics &amp; AI in the field of medicine &amp; science done by any is a blessing.scaring us that in the hands of China/its govt’s hands👎
We’ve partnered with Bristol University in DNA fingerprinting research to tell us more about each apple variety in our Exhibition Orchard. We hope this will lead to creating new varieties of apples with the characteristics that as cider makers we love! 🍎
https://t.co/BAfJK0olJf https://t.co/QvB0mQQV1n,A spatial fingerprint of land-water linkage of biodiversity uncovered by remote sensing and environmental DNA  https://t.co/K3VBZF6WCD #bioRxiv,,The CDC is continuing testing to see if the genetic fingerprint of the bacteria in the bottle matches those of the bacteria identified in the four patients. https://t.co/3UjS9Dg2p6,"IJMS, Vol. 22, Pages 11771: Identification of DNA Damage Repair-Associated Prognostic Biomarkers for Prostate Cancer Using Transcriptomic Data Analysis https://t.co/s0ksClM3Cz","After Professor Bala opens the second event day in a great way, now Nancy R. Zhang will to talk about DNA Copy Number Profiling from Bulk Tissues to Single Cells

Enjoy the event!
Link: https://t.co/AcYFRmQvJI

#ufba #CSDS2021 #imeufba #Statiscs #DataScience #VirtualConference https://t.co/6Xxfi1VRsG","Old School vaccines = Inactivated virus. 70 years research. #Flu
Vaccine induces response targeting of a RANGE of DIFFERENT virus proteins. Invokes humoral and cellular response, with low AV’s. High safety profile. 

Genetic vaccines (DNA / RNA) differ
https://t.co/fk2mRkaUve https://t.co/tDovyUoFST","Tomasetti, Li, Vogelstein (2017) Science 2017 Mar 24;355(6331):1330-1334 https://t.co/cZsJCMgpAA

Repeat testimony -&gt; 95.6% of NHL can be attributed to normal (random replication error) in DNA (now using typing analogy)

I'll highlight.. https://t.co/Hug1wA4y3B","I URGENTLY NEED TO SELL MY WORKS

MY SISTER DOESN'T HA E CANCER, BUT A COMPLEX GENETIC DISEASE: INFECTIOUS ARTHRITIS

this treated only in Moscow

if you want to help me, then check my profile

I will be grateful even for $1: 

https://t.co/ZD8odbYdxs

https://t.co/QruwSHnPkL",A bill in India 🇮🇳 proposing to collect genetic data to tackle crime has been criticized by rights advocates.

Campaigners say the database can be misused for caste-based profiling and can damage people’s right to privacy: 

https://t.co/WoovL6DuEa 

#GoodID👍🆔
"FYI dental records are not 100% accurate like DNA fingerprinting. In fact, it’s least accurate forensic procedure. 
I smell a huge cover up by fbi here.. to save their face maybe?? 

#BrianLaundrie https://t.co/Wjufp6ohx3",@qdawg4472 @RTCowboysNation But that’s a fingerprint not dna evidence. https://t.co/KgW0SqXiVO,,The CDC is continuing testing to see if the genetic fingerprint of the bacteria in the bottle matches those of the bacteria identified in the four patients. https://t.co/e6GPsZJos3,"Coroner, buoyed by recent DNA identification of Gacy victim, perseveres in trying to identify .. - https://t.co/J1foIcQM3B #GoogleAlerts #DNA #DNATip #GeneticGenealogy #Genealogy #Ancestry #DavisDNATip",@netshrink Yes. Most of the so called backward are Aryan Stock like Indo Scythians. Many of the UCs are in fact Mulnivasi.

E.g. a dark skinned Tamil Brahmin is a Mulnivasi and a fair skinned Maharashtrian is in fact Aryan. Simple. 

Hence reservations should be based on DNA profiling.,"Joyoung posted an edited video!

“Nodding smile, sunshine smile, frown smile;
Close up pose, eye contacts &amp; face profile;
Gentleman posture, whose DNA is on the move?
This has the right atmosphere to it for every frame of #XiaoZhan is classic!
#XiaoZhanxJoyangway https://t.co/JhJn9LVz0S",I really have a smart mouth so i really b typing so much shit then erasing it,@CCARS_ENDRACISM @jeffhext Why is your profile header DNA genome screened over an outline image of the USA;
Are you genetic absolutists?,
Fingerprinting Proteins with Force

https://t.co/rPFzqMSpnm

#Fingerprinting #Protein #Force #DNA_Nanoswitch_Calipers #DNAChallenge #Caliper #molecule #single_molecule_proteomics #Harvard_University #University #StatNano #NBIC #nanotechnology #Nano https://t.co/o8P9XSc5v4,And when they arrest you I hope they fingerprint you and take your dna and I hope they open up all your texts and video chats and social media,,The CDC is continuing testing to see if the genetic fingerprint of the bacteria in the bottle matches those of the bacteria identified in the four patients. https://t.co/mgbewvTkj2,Happy and honored to be on the cover of the December issue of Life Science Alliance @LSAjournal with our report on the identification of the plant DREAM complex in DNA damage response and growth control.

https://t.co/o8y9LQ3IRk https://t.co/KAHyy2G8D7,PubMed_ Comprehensive Genomic Profiling of Circulating Cell-Free DNA Distinguishes Focal MET Amplification from Aneuploidy in Diverse Advanced Cancers https://t.co/IC1n3xtrMw,"Joyoung weibo update: nodding smile, sunshine smile, frown smile; a face, a look, and side face profile;
gentleman posture, whose DNA in this moved? 🤗 the atmosphere at work is opened in the correct way with xiao zhan famous scene in every frame~!

#XiaoZhanxJoyoung https://t.co/U4cLOwprjK","@SCS_Disputes @CollinSLKoh @graham_euan For certain, the Yellow Vests would’ve been grabbed before dawn and put safely into concentration camps in Algeria. They would get the most accurate DNA typing and wait for matching Customers.

Healthy food, lots of exercise working as laborers to make money for France &amp; Algeria",Lord knows how far the disease as progressed but what's frustrating is a simple Google search got me dozens of medical journals detailing my disease without typical genetic profile so why are drs reluctant to investigate further,
"📏 The world's tiniest ruler?

A recent @NatureNano paper from scientists at @HarvardMed, @WyssInstitute, &amp; @BostonChildrens describes "DNA Nanoswitch Calipers" that can perform distance measurements on single peptides by applying small amounts of force.
https://t.co/Q1y2hWnSzm","Always follow the money. Money being spent, money being paid, money being taken...money has its own fingerprint &amp; DNA. https://t.co/YAFOt71tFw",,,@PPantsdown @MSMWatchdog2013 Pretty sure that in an airplane crash genitalia is a less reliable form of identification than dental records and DNA.,"Researchers at @DanaFarber and @broadinstitute developed a novel tumor-profiling tool that captures a wider array of cancer-related genomic changes in a patient's tumor and germline DNA, an important step for precision oncology. https://t.co/2BphpkJAkC","The aim is to get a coach who knows the club and it's DNA.

Secondly, if a coach is not good enough, he's simply not good enough regardless of status/profile.

Zidane and Pep are examples of this.

Mou
Wenger
SAF
Conte 
Ancelotti
These coaches have their own philosophy yunno https://t.co/mZQiU6Q0tE",AAAAAAAJDJJDJDJNDJRJJENRRKTKF.... DNA. 😭😭😭😭 I'M NOT ALIVE ANYMORE.. IT'S MY GHOST TYPING... #PTD_ON_STAGE,I think I will crush Egyptian intelligence with upcoming genetic destructive analytical conclusions and the genetic difference of terror races cultures and their gene pool "profile" in comparison to the ethical civilised 1st world gene pool.

I will teach Egyptians something...,
"Jan 9, 1950:

Sir Alec John Jeffreys was born in Oxford.  He invented DNA fingerprinting, used to uniquely identify organisms by their DNA. https://t.co/eb3JdcZDUP","The #CSIEffect is in full force. "Sure you checked dental records, but did you perform #DNA matching and #fingerprint matching and #facialrecognition and fiber analysis? They can all be done in 5 minutes! I saw it on TV! Until you do ALL these things..." https://t.co/b7lRDcbiXE",,,"@lidwolps1 @brittne48466347 @NorthPortPolice “Assuming” partial is intact jaw bone. Also, “if” they get dna from bones would mtdna qualify for identification according to current standards? Not saying BL is alive or dead. Y’all on both sides are missing  the forest for the trees. BAMBOOZLED 🤣 😭 intel and counter intel 🤦‍♀️","Calling for solidarity with #migrant workers subjected to racial profiling in massive DNA sweep at upcoming #HumanRights hearing starting on November 22nd, 2021 EST. PM for details for this historic hearing for 54 #migrants https://t.co/6Dco17FFXj","Fun Fact: 
Women who have endured long periods of abuse,particularly if they had young children at the time,tend to have shorter telomeres (stands of DNA that protectively cap the ends of chromosomes) than other women. 
They have the physiological profile of women a decade older.","I am typing slowly for you so that you can keep up, just because you injected a lot of people very quickly and they didn't immediately drop dead is not  scientific evidence that the experimental synthetic mRNA and DNA technology shots are safe or effective. https://t.co/K73d20bHpE",Tarim mummies have nothing to do with Indo-Europeans; it's far more likely they were ancient Fugrics.

"... one of the few known Holocene-era genetic descendant populations of the once widespread Pleistocene ANE ancestry profile ..." https://t.co/UxOkOekNfY,
Single-molecule mechanical fingerprinting with DNA nanoswitch calipers https://t.co/7cj6KHCEwx,"4ARTechnologies is the first company to provide fingerprint and visual identifier encryption methods for digital artwork. The watermarks act like a digital DNA, only decryptable by the artist who created it 🔐

#4art #4artcoin #nft #nft+ #crypto https://t.co/uZXM220xyn",,,@Angel_13_Rising @BlackDogRule Not each person. Not yet approved. Trump illegally separated them. Deporting the parent's Didn't keep identification records. Biden Admin gas 450 +
or - more to reunite. USING DNA.,We make DNA methylation profiling accessible to you - try the new premium RRBS kit for DNA inputs down to 25ng and with better accuracy with UMIs!
https://t.co/OAUSDsmEyT https://t.co/jpixevHfaK,,"@prickly_gator @LynnBCO @TreinaLouise @theJaredPilon I am typing slowly for you so that you can keep up, just because you injected a lot of people very quickly and they didn't immediately drop dead is not  scientific evidence that the experimental synthetic mRNA and DNA technology shots are safe or effective.","Huge thanks to @ICR_London Scientific Officer, Denzil James, for talking through the PROFILE study on @PackedLunchC4, which looks into genetic factors that influence men's risk of #prostatecancer. https://t.co/gMWtm1T0jW",
This is fascinating! @thatchers_cider has been partnering with the University of Bristol in a ground-breaking project that is using DNA fingerprinting techniques to identify apple tree varieties. Find out more at https://t.co/736FpqsndY. https://t.co/xe6XCk0x8a,"@MikeCubfan @RepThomasMassie No like every important detail about yourself tied to a Global Unique Identifier controlled by a private company or government. Everything including health records, biometric data (iris, fingerprint), DNA data, financial data and statements, work history, addresses, interests.",,,A comparison of different DNA extraction methods and molecular techniques for the detection and identification of foodborne pathogens https://t.co/0zWGvZVT50 https://t.co/jHyCh74pV7,Comprehensive Genomic Profiling of Circulating Cell-Free DNA Distinguishes Focal MET Amplification from Aneuploidy in Diverse Advanced Cancers https://t.co/pMPgmbvBKf https://t.co/DjIT17v2qK,,,"Men are not okay. I’m not sure if it’s a genetic or chemical imbalance that lays dormant until the age of puberty, but there’s a trend and an uptick in not only virtual violence against women but in real life violence against women amongst a specific profile of male.",
"@CryptoClash1 @DeCredit001 I realized that Decredit uses a off-chain data storage plus on-chain DNA fingerprinting, so can you tell us why did you chose use this mechanism instead a typical on-chain model?
@Ojanaloveferi
@jkdog8
@Smit89k","@marshallmaresca I've heard what impact Quincy had on the credibility of fingerprint evidence, and I really worry about the analogous effect of CSI and NCIS for that and especially DNA testing.
(Horse has left the barn, of course...)",,,Cryptococcus neoformans and Other Opportunistic Cryptococcus Species in Pigeon Dropping in Saudi Arabia: Identification and Characterization by DNA Sequencing https://t.co/T44XSOJuKs,@art_never_found didn't know they had dna profiling in the 1800s,,,White guy who reflexively produces a printout of his 23andMe genetic profile &amp; points out 5% west African ancestry as “proof” it’s “totally cool” that he keeps saying the n-word,
"#royalty #showtime #socialmedia #YouTubeShorts #INSTA 
#Online #learning #education #History #realhistory #reelhistory 
Theme/plot: Big Dowry marries Old Building FOLLO THREAD A DAY BACK,
OR A DNA Fingerprinting FAMILY TREE DIGITAL CERT. going back to CHARLEMAGNE OR LangueDoc.","@iBobbyShell @Upwork @sama Your wrong bro. Upgrade to protocol will include fingerprint, DNA, and heart beat.",,,"Coroner, buoyed by recent DNA identification of Gacy victim, perseveres in trying to identify young Black woman found slain in Grundy County in 1976 https://t.co/lngM5YZlzi https://t.co/cVpsuQFc4t",Before the 80s you could get away with murder since nobody knew about DNA profiling.,,,"@Dan76011692 @Jaambudweepa @Mike02183318 @kadian_anurag @Vritrahan2014 @anshikashukla_ Again asking you

are you assuming every individual from balochistan in the west to the sunderbans in the east, from  Kanyakumari in the south to the high mountains in the north

During the bronze age had uniform genetic profile?

And mtDNA from Rakhigrahi female is that?",
"#royalty #showtime #socialmedia #YouTubeShorts #INSTA 
#Online #learning #education #History #realhistory #reelhistory 
Theme/plot: Big Dowry marries Old Building FOLLO THREAD A DAY BACK,
LAST THING THEY r : r LUXURY RESORTS.
OR DNA Fingerprinting FAMILY TREE DIGITAL CERTIFICATE","@KhullarSidharth @SwipeWright What it might come down to is the purpose of an ID document, the renewal time, and the type and amount of data stored on it. Assuming that the aim is to identify an individual, fingerprint, retina scans or DNA would be most reliable. But this raises the question if you want any",,,"Coroner, buoyed by recent DNA identification of Gacy victim, perseveres in trying to identify young Black woman found slain in Grundy County in 1976 https://t.co/0BXKwhiZpi","Y‐chromosome short tandem repeats in forensics—Sexing, profiling, and matching male DNA https://t.co/MMEBMNJZj1",,,Midnight 76 @midnight76music https://t.co/WpJu7TyYAA - Just Another Animal (Genetic Lab),
"#OnThisDay in 1984, Professor Sir Alec Jeffreys identified the world’s first ‘genetic fingerprint’ at 09.05am 👏 

👉 https://t.co/vzo1L1ukym  👈

#UoL100 | #CenturyOfChange https://t.co/1tdJ3F8wqf",@NobelPrize @novaya_gazeta #Science
#nobelprize2021
#DNA
DNA FINGERPRINT BY Sir Alec John Jeffreys
🍏Alan Turing (RIP) a Genius hounded to death for being gay a crime that was as serious in GB as in NAZI Germany the country brought to its knees These brilliant men should have won the Nobel peace prise https://t.co/VT4J1DukSz,,,@ItsElsaBaby Yes it is !!! Those statements are not TRUE !! DNA HAS NOT COME BACK YET AND TGEY IDENTIFICATION WAS DONE THROUGH DENTAL THAT ALONE IS AS ACCURATE! Please do NOT SPREAD MIS INFORMATION!!!!!!,KBC has experts in DNA profiling - find out more. 
https://t.co/bAjzjI2dgT
#DNA #forensics #solicitors #criminallaw https://t.co/TiHqpCfot3,,,"@DarpaHydrogel @CanAlbertaHuman Modern vaccines are created with animal DNA and it introduces animal retro viruses into our system. It can cause a range of illness from neurological to cancers, depending on your own genetic profile.",
"Scientists from the @wyssinstitute, @harvardmed, and @BostonChildrens used DNA to create "DNA Nanoswitch Calipers" (DNC), technology that permits distance measurements on single #peptides with high precision. #medtech #research #DNA

Learn more here: https://t.co/ZImQpblD0K",Check out this course!
https://t.co/K4kfiMNw5K
https://t.co/cN9L9hsmKp
&gt; DNA &amp; Fingerprint Evidence &amp; Identification
&gt; Why this is important to your case

#InvestigativeCourses #ContinuingEducation #PrivateInvestigators #LegalInvestigators #DeathExperts #DefenseInvestigators,,,#BrianLaundrie... i’ve gotten a lot of really good information from people over the last couple of days regarding dental identification DNA etc.… But the dumbass in me thinks he’s still alive and the parents and the attorney pulled some shit...,Check out the new blog by @GuerinLindsey from @Hodges_Lab on Joint-Profiling of DNA Methylation and Chromatin Accessibility 👇https://t.co/EDfTIs9pIL #method #protocol #BehindThePaper,,,"@cookiec75190643 @kadian_anurag @Vritrahan2014 @anshikashukla_ India being a vast region, surely there must have been endogamic neolithic cultures with different genetic cluster profile which over 1000s yrs intermingled which by bronze age starts to become what is seen in modern times",
DNA Nanoswitch Calipers Created as Possibly World’s Tiniest Ruler for Fingerprinting Proteins https://t.co/SEdYN57Tfw via @GENbio https://t.co/EcKqvveyBm,@WendyDa93770599 @BrianEntin I don't.  But there is so much detail and uniqueness in each person's jaw skull and teeth that courts have ruled it is as valid as a fingerprint.  I just wouldn't put much investment in the DNA coming back as non-conclusive or nonmatching  Pretty sure they found BL.,,,"Error rates by forensic dentists are perhaps the highest of any forensic identification specialty still practiced" 

That's why he is Alive until we have DNA results. #BrianLaundrie is ALIVE. His family FAKED his death,Many fair skinned people are claiming to be Dravidian and trending  #BanNeet. This is scam. Use DNA profiling to determine who is Dravidian.,,,"thinking deke shaw could possibly be an LMD, I ran a genetic profile to see if he was biologically linked to anyone.
and it came up with a match?
no. It came up with two.",
"Fingerprinting proteins with force: What if we could identify proteins as easily as we can sequence DNA and RNA? Perhaps soon we will, thanks to new DNA Nanoswitch Calipers. DNA Calipers create a unique 'fingerprint' for peptides (the building blocks of… https://t.co/jKLRfKUECA",‘We all have the same dna’ Brin Edward’s @swlanaturaleye ( artist) adding his #fingerprint to #SPOTtimespotTIME #conservationmeanslife #alllife #sittingequally #artaunifyinglanguage #nature #naturalworld  #wildlife #https://www.instagram.com/p/CVhreytKSom/?utm_medium=copy_link https://t.co/gkq3lkf2wH,,,@DailyMail Um…autosomal DNA has been used in genetic analysis and identification of historical figures for literally decades. None of this technology is new.,Reservations should be based on DNA profiling to ensure no aaariyan steals seats. https://t.co/QQmygw2K5h,,,"@SLCnotUtah @tsteinnnn @frederikthegr8 That is correct, and there is nothing wrong with that. The studies never showed a 100% effectiveness rate, and they don’t have to. That doesn’t mean the drugs don’t work. It means you have to find the correct one for your genetic and biological profile.
1/",
"All Humen beings with pure DNA tweeting here should do the following 
Use tor browser on System, use orbot on android. Iphone guys sorry you paid too much
Use browsers in Privacy more only - firefox - https://t.co/ME0QCzN1fg 
I am going to keep adding many things to this","@Craig_D_Vincent @WFLAJosh It means that DNA testing hasn't been done yet, but it will be.

Dental records are extremely accurate because everyone's dental composition is as unique as their fingerprint.",,,"@BBCWorld crazy
it's for the identification, only the DNA should talk https://t.co/ZcaKcN0aqb","There is only one solution, as eminent thinkers opined - DNA profiling to decide Mulnivasi status and level of mulnivasiness. Add it to AADHAAR as an additional attribute. https://t.co/2GD4BlkAO4",,,"@amuendelheim @KimIversenShow Well given than Alpha, Beta and Delta all have very similar genetic profile it's pretty safe to assume that immune response to any from infection to one would be robust. 

That's why the vaccines work.",
The Centre for DNA Fingerprinting and Diagnostics Invites Application for Computer Programmer Grade A Recruitment 2021 

 https://t.co/uK3i8yskj8,"@tiobraidarann @Seanie4you DuPlantier had clumps of hair In her hands and material under her nails from scratching. The DNA didn't match Bailey, the fingerprint on the gate didn't match Bailey and the same with the blood on the gate wasn't Baileys. The DNA evidence pointed to another unknown suspect.",,,What is the Potential of DNA Probes based Diagnostics in New Disease Identification - https://t.co/oFTKQwOUU7 https://t.co/HhwUmQTsmQ,"#FreeDownloads! Read #FREE chapter “Challenges in the #DNA Analysis of Compromised Samples” https://t.co/dDIVEBDQDe from our #OnlineFirst #Handbook of DNA Profiling (eds. H.R. Dash, P. Shrivastava, J.A. Lorente) https://t.co/Ie5kiO0K1U #FreeAccess #Forensics #MicrobialForensics https://t.co/8T6ixnj2qr",,,"@FFRF In relation to non-citizens, a non citizen can not demand cancer treatment, HIV treatment or treatment for any type of terminal illness that involves experimental research which is often privately funded and specific to a persons genetic profile.",
"📢Methods and Measurement Conference by @poverty_action &amp; @NorthwesternU

📅Oct 28, 3pm CET

SPIA Chair Karen Macours presents a review of studies that both collect self-reported data from farmers &amp; carry out DNA fingerprinting on samples from their plots

https://t.co/Wqmh06Y5DS","@christinaa_xoxo @HuttonNatalia @WFLAJosh When have dental identifications been wrong in recent years? Dentition is as unique as a fingerprint, and more specific than DNA. Also, the FBI would not have announced an ID in such a high-profile case unless they were absolutely sure.",,,"came back inconclusive. Identification of the remains was made by dental record comparison, not DNA. https://t.co/LasSj3XUGl via @crimeonlinenews (2/2)","How to human ‘rho0’ cells devoid of #mitochondrial DNA survive?
Complexome profiling by Susanne Arnold, Ulrich Brandt et al @RIMLSInstitute reveals widespread remodeling of mitochondrial protein complexes underlying adaptation
https://t.co/SsTiiQo28o https://t.co/IasX8IiNEJ",,,@ReadyToStand4US @fox12oregon There are variations; not every genetic profile is xx or xy.,
DNA Nanoswitch Calipers Created as Possibly World’s Tiniest Ruler for Fingerprinting Proteins https://t.co/7QeS0JCBIb #dna,@DiggersOfNews This why a fingerprint and DNA database has to be created to fight such gross crimes in 🇿🇲,,,Maybe the teeth were not Brian’s teeth teeth are not absolute identification do you need DNA https://t.co/Dtf80LoCBC,"@KenKamau96 @gpdkaluma @UDAPartyKe @JunetMohamed UDAku DNA and mindset... full of anger, violence and vengeance

Marking, profiling and later kuwashughulikia...SEE, SEE bro

Anyways tumuachie mungu isorait 😂

https://t.co/W8otP1Bhbs",,,@Sean17285366 @BaruchKogan I have no shame in my background at all. I shared my genetic profile with you and I call myself the "Hebrew" conservative. Where exactly did you get shame from?,
"@Based_FIN OK, so register them AS illegal migrants complete with fingerprinting and DNA sampling.
Then investigate every one of them and, should there be the slightest doubt about their claimed background, deport immediately.","#HUMINT #Tradecraft #OPSEC #Toebbe 
US Forever Stamps are self adhesive, so could perhaps be stuck on an envelope using gloves &amp; or tweezers, without leaving fingerprint or DNA #Forensic clues. As sold in sheets of 20, the other 16 may provide circumstantial evidence if found. https://t.co/RNAY9KzUOP",,,@PamelaP1967 @neevie48 @BrianEntin dental record identification is a lot quicker then DNA identification,Oh. I don't get antibiotics either apparently they're DNA profiling unconvicted protestors,,,"@TDisputations @FractalBryan @StayRight1776 @HauntedBeaker @NerianSilver @EronFas Dogs did not always exist, and they have diverse populations. Therefore, no single definition of "what a dog is," because there is no single dog and no single genetic profile that corresponds to all dogs.",
"DNA Nanoswitch Calipers Created as Possibly World’s Tiniest Ruler for Fingerprinting Proteins

Researchers suggest DNC technology could be applied to fields spanning proteomics and nanotechnology, structural biology, and drug discovery. Learn more: https://t.co/kdjrRTlDPF https://t.co/iVzDHzh1SV",@Smilan317 Walk is the same and in the 
Olden days it could mark you like a fingerprint or a DNA test can 
Now.
Who else makes a pipebomb 
That doesn't go off.,,,New Research: Cryptococcus neoformans and Other Opportunistic Cryptococcus Species in Pigeon Dropping in Saudi Arabia: Identification and Characterization by DNA Sequencing https://t.co/2QQL2rg8AZ #microbiology,"@jkllehari_naka @hloni_jurist @JasonKhumalo2 @zulu_fly @Abramjee Too much movies and invastigatives journals will make us believe that even SAPS  is competent. In South Africa we don't have DNA profiling, SAPS data bases are not linked with Home Affairs and we will never have a database for sex offenders.",,,@FREOGIRL @qldhealthnews So I'm guessing your happy handing over your genetic profile? That's all your doing when you get tested..,
@takesthecake2 @RErbium @krisgracehely @RageSheen @slsandpet @NjbBari3 @YouAreLobbyLud @sidherian @AlamYoosuff @RACGP @brookmanknight @JHRural @RealOzSAGE @imaanjoshi @drbecs @CdrHBiscuitIII @drajm @drgregkelly @emmaandollie @AndrewHewat @Randall87454048 @AlanBixter @xuchuanmei @CountryBee2 @RichardfromSyd1 @matt_barrie It's a bit like trying to use DNA fingerprinting in a world where everyone was a clone of everyone else and incest was the rule not the exception.,"#OnThisDay in 1984, Professor Sir Alec Jeffreys identified the world’s first ‘genetic fingerprint’ at 09.05am 👏 

👉 https://t.co/vzo1L1ukym  👈

#UoL100 | #CenturyOfChange https://t.co/1tdJ3F8wqf",,,"@alisab08 @Craig_D_Vincent @WFLAJosh ...by the DNA sample they test- which will be after they're done examining the remains. 
No two people have the same teeth, also, from the angles they come out of your gums at, to the length of your roots, to the number of fillings, cavities, crowns, etc- dental identification...","As a reminder, current seq-based protein profiling utilize DNA barcode conjugated antibodies. Large such panels are difficult to prepare, limiting us from profiling thousands of epitopes. To pave the way for that, we introduce genetically barcoded phage nanobody libraries. 2/n https://t.co/TEfsW42B5q",,,"The PROFILE study aims to understand the genetic factors that influence men's risk of #ProstateCancer. Denzil James, Scientific Officer at the ICR, explains more below. 

Video credits to @PackedLunchC4.

#BlackHistoryMonth @cancerBRC @royalmarsdenNHS @ProstateUK @realpaulparker2 https://t.co/d2dagTL6Et",
#UQ researchers are DNA fingerprinting Taro to identify salinity tolerance traits which may boost food security in the Pacific region. 🍠 https://t.co/iowZ8olGYk

@UQ_News @UQscience @DAFQld @millicent_smith @Godwin_UQ https://t.co/v0gErcoYTO,@OldNormality @AbbeyTheatre Next will be fingerprint or DNA ...sure takes the .."let's go clubbing" to a whole new level...and sure more to come,,,"@kylegriffin1 As a means of identification, we are just pushing closer and closer to our ultimate ID - DNA.",@ChrisRic1984 @mchevns @khtb677 @NBCNews 🤣🤣🤣🤣🤣🤣🤣🤣🤣🤣🤣🤣🤣🤣🤣🤣🤣🤣🤣🤣🤣🤣🤣🤣🤣🤣🤣🤣🤣🤣🤣🤣🤣🤣🤣🤣

Your own PM was racially profiling Africans..

Are you saying it wasn't in the UK that someone said that Meghan's DNA would taint the RF? Or her mother is a descendant of slaves who picked cotton?,,,@NPugliese16 1/ Tricky to definitively say without genetic analyses...

But note:
-Pt had a pan-S PsA ~1mo prior to this isolate. Was treated w/ Levo PO 500mg QD x 10d 😑. Now this R profile

-FQs will do a heck of a job selecting out Mex-Opr efflux overproducing mutants. Each Mex-Opr ...,
DNA fingerprinting the 'food of the gods' #DNA #fingerprinting #foodofthegods #research #newspaper

Read more about this here: https://t.co/Oev3d661wy

Subscribe for free to ResearchNews Newsletter: https://t.co/Kn45WMffGU https://t.co/70njQWltKL,Covid pass...ID cert..tickets for indoor events..next will be fingerprint or DNA??,,,"This summer, a detective from the Cook County Sheriff’s Office contacted the family in search of DNA to test against human remains from a cold case, not mentioning Gacy’s name at first. The wait for DNA confirmation was "excruciating."
 https://t.co/Ekt0LwPOFc",@EmmanuelTalam UDAku DNA and mindset...bro Talam hata hamfichi

Anyways continue with the profiling if that is what will give Arap Mashamba the presidency

https://t.co/W8otP1Bhbs,,,The Mutated Bacteria in The Blob Explained | Origins and Genetic Profile... https://t.co/Zo2aW6RQl4 via @YouTube,
@Smooch10046744 @PhilM22524472 @MailOnline Interesting timing. Just after the rerun of Code of a Killer on ITV. A case famous for the first use of DNA screening &amp; genetic fingerprinting.,To read more about our Forensic Services @SPA_Forensics.  
✅500 highly-trained and skilled scientists and staff.
✅4 main laboratory sites across Scotland.
✅ Biology: DNA; Chemistry &amp; Document: Drugs and Toxicology:Fingerprint Comparison:Firearms:Scene Examination plus!,,,"@MissMiaMina @JamiBuch @mistaken_body @BrianEntin Dental identification is used to identify 46% of Jane/John doe victims. It is unique to an individual. The dna that is being collected is coming from the pulp within the teeth found, as all other tissue was lost. They can use the other bones found as well.",@gpdkaluma @ekisiangani @ahmednasirlaw @OmbetaC @KBonimtetezi @NduyaMuthama_ @MohaJichoPevu @HassanOmarH Mhesh the unfortunate but true reflection of UDAku DNA and mindset...

Prepare for profiling na kushughulikiwa sawa sawa by none other than @scherargei 

https://t.co/W8otP1Bhbs,,,"@ShadowJediRb @thebilldozertx @mmpadellan My bent of my studies profile I am a Polymath, I love genetic details, I bred things, as a gardener, fish keeper, Chef, writer of complex genetic mutations in a future lab on a generational Space Ship sci fi epic. I dig deeply into all the current genetic knowledge and expand out",
"@huggies7th @Traxxtra Should be fingerprinting, photographing and taking a dna profile from every one of them","When we talk about DNA &amp; consider the DNA of our organisation, how can we go deeper &amp; understand the unique values that represent us? or our staff? our players? What does your fingerprint look like? How can you use this for player development? #SparkYourCuriousity #FingerPrint https://t.co/J5hFxge1BS",,,"@mnfugitive @jdawg1601 @DannyCantTweet @FOX9 DNA doesn’t affect what a person identifies as. Since a passport is a identification document, I’m not sure why people are upset about this.",,,,@__justplaying My dad has taken much more than that. I have a very thorough genetic profile.,
"Single-molecule mechanical fingerprinting with DNA nanoswitch calipers | Nature Nanotechnology" https://t.co/BWYb3gYWUP,"Fingerprinting proteins with force: What if we could identify proteins as easily as we can sequence DNA and RNA? Perhaps soon we will, thanks to new DNA Nanoswitch Calipers. DNA Calipers create a unique 'fingerprint' for peptides (the building blocks of… https://t.co/jKLRfKUECA",,,@ABC7 I don’t really care about this. It’s an identification document. It represents your identity. 

The Make-up of your DNA has nothing to do with a passport.,,,,"They wanted me to consent to the use of my genetic profile for a long-term study, and so I said sure, as long it wasn’t used for any criminal investigation. 

So they asked if I had ever committed a serious crime and I said no, but we don’t know what I’m capable of yet. Test me.",
"DNA Nanoswitch Calipers Created as Possibly World’s Tiniest Ruler for Fingerprinting Proteins

Researchers suggest DNC technology could be applied to fields spanning proteomics and nanotechnology, structural biology, and drug discovery. Learn more: https://t.co/kdjrRTlDPF https://t.co/pdSNy12H8u",@PplsCityCouncil @digitalurn @LAPDHQ Our cops not only refuse to tell you who they are or if they're even cops but won't even tell you what they're arresting you for

I didn't know it was a felony until the fingerprint lady took my DNA

https://t.co/rF9z7e7eIs,,,"@louvlyhee so i’m a forensic chemistry major! which means i study the identification of unknown materials (dna, blood samples, bodily fluids, etc. to be specific) found at crime scenes! it takes a lot of biochemistry + law knowledge to do so tho ☹️",,,,@lil_doc_b No.  But there are some medical things to consider.  Mage genetic profile.  Find a great doc for advice.,
"DNA Nanoswitch Calipers Created as Possibly World’s Tiniest Ruler for Fingerprinting Proteins

Researchers suggest DNC technology could be applied to fields spanning proteomics and nanotechnology, structural biology, and drug discovery. Learn more: https://t.co/kdjrRTlDPF https://t.co/gsqWtenhf7","Lowndes Co. Sheriff's Department gets CSI training on preserving fingerprints, other DNA evidence at crime scenes https://t.co/6kSHKKdE4z #forensicscience #Udemy #CSI #forensicscienceacademy #crimescene #evidence #fingerprint https://t.co/K2EJepHMa8",,,Somethings fishy about Brian laundrie’s death.  I’m not sure I believe it was him.  I hope the coroner did dna on the bones and not just a “dental identification”.  🤨🤔 https://t.co/KqfPCBFORo,,,,@_Carroh How can you change what is in your genetic profile ?!?,
@palesa07901048 WHY IS HOME AFFAIRS &amp; LAW ENFORCEMENT AGENCIES ALLOWING FOREIGN NATIONALS SYNDICATES TO TURN OUR COUNTRY INTO FREE FOR ALL CRIMINAL SYNDICATES BANANA REPUBLIC??
ALL FOREIGN NATIONALS IN OUR COUNTRY MUST HAVE SPECIAL DNA FINGERPRINTING DATABASE FILE FOR CRIMINAL RECORDS PURPOSES!!,"@ashleyyhickmann I wonder if they actually extracted DNA from the tooth root pulp or if they did a radiological comparison. I'm not sure if the second is as accurate as fingerprint or dna. I do know that with bite mark analysis, they tend to not be accurate and people have been wrongly convicted",,,I know it’s not the most common identification method. But dental records are a 100% identification. I’m sure we will see DNA down the road as well. I talk about this more on today’s Emily Show podcast. https://t.co/3GVEE8zzh4,,,,Expression Profile and Prognostic Value of Wnt Signaling Pathway Molecules in Colorectal Cancer: Colorectal cancer (CRC) is a heterogeneous disease with changes in the genetic and epigenetic levels of various genes. The molecular assessment of CRC is… https://t.co/gjNMusKaxA,
,@ReverendAliks @MetvphorRaps There was no national fingerprint database at that time and dna testing was non-existent,,,Check out this course!
https://t.co/K4kfiMNw5K
https://t.co/cN9L9hsmKp
&gt; DNA &amp; Fingerprint Evidence &amp; Identification
&gt; Why this is important to your case

#InvestigativeCourses #ContinuingEducation #PrivateInvestigators #LegalInvestigators #DeathExperts #DefenseInvestigators,,,,"Great to see Denzil James discussing the BRC- supported @ICR_London @royalmarsdenNHS PROFILE study on @PackedLunchC4 , investigating the genetic factors that influence men's risk of #prostatecancer 👇

#FutureofCancer #WhyWeDoResearch https://t.co/OAKhinOfmP",
,"@Velislava777 @amazon @Google Genetics should not be used as a form of “personalized” learning. Just like your fingerprint or iris scan, DNA can’t be changed. This type of #biometric student data collection should be prohibited as the risk of misuse, breach outweighs any #edtech promise.#privacy #surveillance",,,#Oncology #Genetics #Boinformatics: scientists propose a novel method for classifying the mutagenic mechanisms involved in tumorigenesis. The method could facilitate the identification of mutational signatures associated with DNA repair deficiency - https://t.co/4chOzw4a2E https://t.co/GelpDapl7C,,,,"@Europa144 @siIver_wind @Mythioto @TheRightCant Whilst I can only agree we should care for genetic health just as we mandate masks and vaccines to stop pathogens, I disagree with the 20th century prejudice aspect.  Given your profile, you don't look like the scientific kind.",
,Yargi fans do you guys remember did they do dna test of the clothes inji was wearing when she died?  If yes then it must have engin's fingerprint on it???
#Yargi,,,@shelster07 @BrianEntin Number one DNA should be done for identification. Number two a FORENSIC ODONTOLOGIST specializes in identifying remains through dentistry. Try looking it up. One should have been called in. No one in the ME's office is one.,,,,Genetic Profile of Endotoxemia Reveals an Association With Thromboembolism and Stroke

https://t.co/4Th97Q0AMK,
,"We are created with a unique DNA and unique fingerprint, that shows us God cares us as a unique and individually person. He is very serious about you, me and everyone. You are holy because you are life and life is holy, and everyone are expecting people to respect them(life).",,,"@CatherineMasie @BrianEntin Yes, sorry I replied and then reread your tweet again and was like oh okay comprehended that wrong 😑. Exactly I just wish no identification would have been made until they verified with DNA it would’ve really helped with some people spreading false ℹ️ or conspiracy’s",,,,"#ArrestFauci has the same genetic profile as #TrumpRussia. Find dirt—any dirt—and blow it up.

America has become obsessed with engineering foes and publicly crucifying them. We need Awakenings, we get Rambo.",
,"PART-IV REF 6880
WE MEAN CERTAINTY ABOUT A FINGERPRINT, WHEN THERE IS NO SUCH THING AS A 100 PERCENT MATCH? WHERE IS QUALITY CONTROL IN  LABORATORIES &amp; AT THE CRIME SCENES? SHOULD WE SO READILY ADOPT POWERFUL NEW TECHNOLOGIES LIKE FACIAL RECOGNITION SOFTWARE -RAPID DNA MACHINES?",,,@AussieShellz @Misstiblu @BrianEntin I definitely agree with you I don’t think any identification should have been made without running DNA. This makes everyone handling this case look incompetent imo. They’ve definitely made a mess of this case.,,,,"no longer have to rely on DNA samples from bones or teeth to gather enough genetic material to recreate a profile of ancient DNA. Same technique has been used during the pandemic to test the sewage of human populations to detect, track and analyse Covid-19 https://t.co/kWQQv97zjF",
,"If variations in rate of squamous cell oesophageal cancer do not have a DNA mutational fingerprint, perhaps the high UK adenocarcinoma rate doesn't either? https://t.co/JLFc4hYnTS",,,"@shazlick79 @joe_klement I am more than well aware as I live in a similar climate to Florida, however if you read my previous tweets from today, identification of human remains by dental records is not completely foolproof, ONLY DNA is considers the gold standard. 
#BrianLaundrie 
#GabbyPetito",,,,"@Surgeon_General @HHS_ASH I think you are wrong. If we look at the genetic profile, it is clear that Levine has an XY-profile. That is defined as a man by all biological standards whether you like it or not. XY = male. Female = XX. So this is misleading information imo and should be taken down! #woke",
,@AnneLeb123 @LadyKethry @WFLAJB @NorthPortPolice Exactly.  And if it was planted.  At least bag it.  Fingerprint. Do a DNA Profile on it if can etc 
And charge the person that would do something like that..

Too just nope nothing ...
Weird,,,@Misstiblu @SimplySeleste @BrianEntin Identification should NOT have been made without DNA &amp; do your research as they don’t make DNA the “gold standard” for identification of human remains just for laughs. Sorry but I agree to disagree. LE has made this case a total cluster F from the start!,,,,"@SintashtaRape Tagarians were Andronovo + a bit of (~20%) Siberian ancestry, no modern population resembles them, closest would be Uralics 
Caucasian Alans of that time had a modern Northwest Caucasian genetic profile
The Saka were like Pamiri Tajiks, but with additional Sintashta (65% vs 40%)",
,imagine being like a murderer the day before like DNA or fingerprint analyzing was invented
just got away with everything cleanly and then get arrested and told "yeah you left a fingerprint so we got your home address" like they'd have no idea whats going on,,,"@mark_riedle Ummm, this is not quite how dental identification works. You can't just pop a tooth or two out.

Now had they said it was a #DNA match (to a tooth) then that would be a different story. 
#BrianLaundrie #justiceforgabby #heyjb",,,,"@aliatifsaeed @SmogNotFog @MaryamNSharif Yours right? Even at the time of Champions trophy, genetic unhappiness and hate took over. You're also the one with the same one-line shit posts consistently for almost 10 years on MN's profile. Hope the mental illness isnt genetic. https://t.co/7YtOeyuLZe",
,@Opinion_Daddy Why are you even bothering to question this? If it belongs to Brian or Gabby there will probably be some kind of DNA or fingerprint somewhere on it. Let them look at it and make the determination rather than you just guessing and talking trash like a weenie.,,,@rachyr71 The DNA is not back. But dental record identification is a 100% identification. It’s an accurate ID method and was done by the FBI.,,,,"@egavactip Yes, I’m sure some would advocate for a Brides adaption of the Grooms genetic profile as well. However, I suppose a culturally perceived Majority Share of any progeny’s genetic make-up, is an acceptable… Compromise.",
,To figure it out with fingerprint &amp; dna test? How many @davidhowell @MartinDempsey01 or @DavidPetraeus do you have 530 or more?,,,@ZuFromTheBando How? The FBI was prepared for the contingency that #BrianLaudrie might be found dead. They were ready to make a dental record identification. The DNA results are to come &amp; will say the same.,,,,"@mistergoodgod My genetic profile says different. Since junior year in high school, there hasn't been a time when I couldn't throw up 300 on bench. Even with a decade of lethargy and sedation. Muscles in atrophy, tossed up 300 still to prove to my bro-in-law I wasn't lying.",
,"@Carti_Mandua It needs a DNA/Fingerprint database of all ‘immigrants’ shared with all European countries. All ‘immigrants’ are checked against the database, and that of all Police Forces to root out the chancers and criminals. Any with no verifiable docs are rejected immediately and deported.",,,@AussieShellz Identification via teeth is way different than bite marks. He’s dead. It’s over. People hate to accept the truth. DNA will prove it’s him as well. Give it up,,,,"@ScheidsVI @joshrogin @KenanRahmani @EcoHealthNYC @emilyakopp If it's so debatable, then find me a genomicist who has examined the genetic profile of WIV-1 and SARS-CoV-2 and thinks it's possible the former could have evolved into the latter

Otherwise, I'm content to rely on the uncontradicted statements of the experts that it's impossible",
,"@telegraaf @mariannezw People want to take Control ,from something that's already Out of Control? To late?
The Internet ,Facebook ,Instagram ,Tik Tok,Twitter, Cameras WhatsApp,  Eyes&amp;fingerprint ,DNA ,Apps,shopping ,Paying,The Farmaceutic🧩Industrie,our Smartphone&amp;productOkay?Rich&amp;our Data/a numbre😷🩺",,,"From my research, I see dental identification isn’t always foolproof? I still believe DNA being the “gold standard” should have been used first for ID of #BrianLaundrie  

Accuracy of dental identification of individuals with unrestored perma... https://t.co/fXRZNviWGZ",,,,"@SarahOC_MECFS @carolbinks a classic case of how ME is indeed caused by an infectious agent that causes disease in those with a certain genetic profile.

3 generations in one family ! gosh !

of course, bastard shrinks will say its mass hysteria  but those not into 19th Cen' pseudo science know otherwise !",
,,,,@JackNotANumber Teeth and bones are frequently the only sources of DNA available for identification of degraded or fragmented human remains. #Brianlaundrie,,,,@GrowingCures @heknowsgrows He must have added auto trim to the genetic profile https://t.co/jzlJRTp0va,
,,,,"@JackNotANumber his dentist did. HIPPA allows for them to be released for identification purposes. They were collecting DNA samples from the house weeks ago assuming they would find him dead, you dont think they got the dental records in advance? Even if they didn't xrays can be emailed",,,,"@cia Leslie Ann Shedd fits the profile of a Eugenics program related birth tied Queen Ann and Queen Annes Seatle, and German intelligence working with OSS CIA MI5. Her name is a flag of possible genetic connection to the program, and her death may have silence her on the porgram.",
,,,,"@teaplings @imsdac @_ReggieG_ @BrianEntin It’s not 100% accurate. Generally around 70% accurate, so they use DNA which can be around 95% effective. Dental identification, although generally reliable for quick identification, has had many cases turn up where the identification was wrong.",,,,"The ancient horses bred in the lower Volga-Don region ofRussia were'nt the 1st to b domesticated by humans –there're older examples of horse riding in CentralAsia Iberia&amp;Anatolia– but the particular genetic profile of these creatures seems to have been the most useful to humans" https://t.co/rk7RkewVan,
,,,,"@RyleeMaddoxox @DStorm0161 @BrianEntin From when I took college level forensic science in high school, I remember the stories of dental identification messing up. Hell, even DNA can, but dental was more likely.",,,,Application of Cluster Analysis of Time Evolution for Magnetic Resonance Imaging -Derived Oxygen Extraction Fraction Mapping: A Promising Strategy for the Genetic Profile Prediction and Grading of Glioma https://t.co/ZAmnDLOEQH,
,,,,@AliceRosex93 @JulianaTheJaded @KimGlynn @BrianEntin So bone destruction shouldn’t be your problem. We could have a DNA identification by now.,,,,"This could also backfire. For one, #China is lusting after the genetic profile of the world. If they can infiltrate our corrupt governments, so will they our DNA banks to help them engineer the most deadly virus. Just saying https://t.co/0MA5xEwtpL",
,,,,@SaraInStereo @TracyDAustralia @Bertica520 @BrianEntin Dr Joseph Scott Morgan stated the same.  Dental identification is 75%. (Without DNA)

https://t.co/YS2HoSMEpm,,,,"@MisterRan @Amosberg As long as these corrupt people know our entire genetic profile, they will be able to interfere with it.  And not only the genetic, our profile of behavior, character, etc.",
,,,,@JosephMorrisYT @lakmustang_kerr DNA samples from skeleton remains can only come from bone marrow. @BrianEntin reports that no DNA analysis has been done yet on the skeletal remains. The identification of BL was made using dental records which is highly accurate.,,,,,
,,,,@neevie48 @BrianEntin You might not care about cause of death but FBI certainly will if it enables them to further investigate a homicide case. DNA testing wasn’t done first as per my previous reply. They’re not going to state they have a positive identification based on a few teeth.,,,,,
,,,,"They faked the dental identification, but they'd never fake the DNA results! https://t.co/Fuamdk9Gfy",,,,,
,,,,"@Em_meh That would mean it was done properly. However, the identification was only confirmed through comparison. No dna confirmation. https://t.co/dxxVkIBPWK",,,,,
,,,,"@BrianEntin Dental records are extremely accurate for identification purposes. Nuclear DNA is difficult to get from skeletal remains so mDNA would have to be used which is maternally inherited, meaning everyone in a maternal line have the same mDNA",,,,,
,,,,@BrianEntin Is this normal?
I mean: is DNA testing that complicated? Isn't it the most reliable form of identification? Shouldn't it be the first thing to do?

What am I missing here?,,,,,
,,,,"@alishaharveyx I’m thinking due to the high profile of this case, they are doing DNA identification as well.",,,,,
,,,,"@neevie48 @BrianEntin Dental records are a commonly used method of identification, cause of death has to be determined first before DNA analysis is undertaken as it may require some form of damage to the skeletal remains. Not complicated and not a conspiracy.",,,,,
,,,,@BrianEntin But why hasn't that been done yet? Isn't DNA the most accurate form of identification of remains? I know dental is also accurate but DNA is better.  Especially in a case like this with so many mistakes.  Gabbys was done fast.,,,,,
,,,,@BrianEntin Can y'all believe they id'd that body off a partial skull and dental records when DNA is gold standard for identification?  It's unreal how backwards this investigation is.,,,,,
,,,,@Dutch_oma @Hager_bomb___ @WFLAJB @NorthPortPolice But they’re not saying they couldn’t get DNA and don’t they usually back up the initial identification? WHY. HAVEN’T. THEY. DONE. THIS!? sorry not yelling at you. I’m just so frustrated!,,,,,
,,,,@WFLAJB @NorthPortPolice I can't believe that he was identified solely on dental records from a partial skull to start with.  Nothing wrong with comparing but you can get DNA from bones and teeth.  DNA would have been first line in identification and then release for certain.  Botched investigation!,,,,,
,,,,@KendallRaeOnYT @FoxNews @NancyGrace This is one of the things that bothers me so much about the news. Dental match is all the identification you need and the DNA takes time.,,,,,