dna fingerprinting,dna fingerprint,genetic fingerprinting,genetic fingerprint,dna identification,dna profiling,dna profile,dna typing,genetic profile,genetic profiling
"Efforts are on to get GI Tagging for our famous Marcha Chuda. DNA Fingerprinting done &amp; other steps are being completed.Past 1 year, our dedicated team is chasing this Dream &amp; working hard. @IPRD_Bihar @kundan_ias https://t.co/CJxQROUqt3",@BarryCastle Get out the DNA kit and fingerprint it 😂😂,"Genetic fingerprinting has linked all cases of a rare tropical disease called melioidosis that affected four people in Georgia, Texas, Minnesota and Kansas and killed two of them to an aromatherapy spray sold at Walmart, the CDC says https://t.co/EGXE9E77d6","@Gnoah416 @jeremynewberger It couldn't tell a lab whether your sample contained any viral material, just whether it had genetic material from the COVID coronavirus. And the genetic material it looks for is highly specific, kind of like a unique fingerprint, so it can't be confused with that of another","A new technique for analyzing familial relationships through DNA has allowed Ernie Lapointe and his sisters to trace their ancestry on their mother’s side to Tatanka-Iyotanka, who is also known as Sitting Bull, a revered Hunkpapa Lakota leader. 

https://t.co/wd4ggm9ggo https://t.co/is9fEpz6FF",Genomic Profiling of Blood-Derived Circulating Tumor DNA from Patients with Advanced Biliary Tract Cancer https://t.co/RUY5w1F0bZ,"@utdtilidie69 The DNA line is over used mind 😂 I’m with you mate it’s worrying …. I think the profile Utd will look for is ten Haag, poch. Rodgers ancelotti all of which unavailable and apart from ancelotti mostly  still unproven winners …. Comes with risk","I’m typing this as it’s being discussed. Starseeds, indigo, rainbow children are neurodivergent in nature and do not fit the conformities of the constructed societies because in our DNA there is memory and trauma of ancestors. They remember what caused their civilizations demise","@TheStockBox1 Still no test can be confirmatory that you won't have heart attack 
But risk is reduced drastically...

Even a normal angiography is like MF return profile till today, what happen in future depends upon mid of lifestyle and genetic factors","Why Africa urgently needs its own genetic library by new stratus energy  Genetically profiling three million Africans could be key for better healthcare, argue scientists.  https://t.co/2cE4Nt4Y47 BBC News - World
https://t.co/8gildeIPpe"
"@InsiderOilers @Nancy_Crouse Another funny thing is that they can't be "anti-science", because science is relied on in policing every single day - forensics, accident investigation, fingerprinting, DNA, court, cyber-security, intelligence...🤔🤔🤔",@2_off_the_grid Yup. 100 percent. Parents were up in arms years ago when they announced plans to fingerprint school children... you know lol... for safety.

This DNA collection though... apparently no issues with that.,"Genetic fingerprinting has linked all cases of a rare tropical disease called melioidosis that affected four people in Georgia, Texas, Minnesota and Kansas and killed two of them to an aromatherapy spray sold at Walmart, the US CDC says https://t.co/1JTDO8E6JL",Tried to storm the gate! Def wasn’t protecting it.. relocate the gate! And actual key 🗝They Brought hell! Plague!Sneaky! Take all the Gold only. The negro in any form or mask is a enemy! Hope you return to what you were! Beast! Genetic fingerprint nt https://t.co/fN6dQc6jGJ https://t.co/K9QN747hpY,"Have you seen our seafood DNA testing report?👉https://t.co/7vXkbSAWr1

Combined with other measures such as improved labelling laws and traceability programs, DNA authentication can verify that the rules governing the safety and identification of seafood products are working. https://t.co/5PM6l0nwVp",The Republic of South Africa visited @MONUSCO to facilitate DNA profiling for paternity claims. The @UN works closely to support this important step in support of victims of sexual exploitation and abuse. #HonouringOurValues #A4P @UNinSouthAfrica @SAMissionNY @UN_MgmtStrategy https://t.co/Tb8zeTD3sm,"@BaltimoreSAO The gun, by the way, was unfired and fully loaded. DNA testing "yielded a partial DNA profile consistent with a mixture of at least two individuals," including Gibbs. Uh huh.",@meezsmom I had blood taken at LabCorp last week. I read through the fine print and found a check box 2 opt out of sending a sample to some covid study. ie...DNA typing.,"I URGENTLY NEED TO SELL MY WORKS

MY SISTER DOESN'T HA E CANCER, BUT A COMPLEX GENETIC DISEASE: INFECTIOUS ARTHRITIS

this treated only in Moscow

if you want to help me, then check my profile

I will be grateful even for $1: 

https://t.co/ZD8odbYdxs

https://t.co/QruwSHnPkL","Why Africa urgently needs its own genetic library - Genetically profiling three million Africans could be key for better healthcare, argue scientists. https://t.co/Xj9MfXAN1d #Cheshire #Manchester https://t.co/vCNltLU4Kt"
Centre for DNA Fingerprinting and Diagnostics - CDFD @DBT_CDFD  observed Rashtriya Ekta Diwas -National Unity Day 2021 on 1st November 2021
#NationalUnityDay2021 #RashtriyaEktaDiwas #CDFD https://t.co/WsQ7YCKb2U,"@marcrygamerbr In matter of speak of the devil, aka, the apple, they would probably put a black square in the middle with the logo, a fingerprint reader, a DNA reader, a camera.
and people would still buy it.",𝗚𝗡/ Fighting viruses with interchangeable defense #genes
#Genetics biweekly vol.14

• Fingerprinting proteins with force
• Targeting tumors with intracellular precision
• #Genetic secrets of stress-tolerant mangrove trees revealed
• And more!
https://t.co/J8AB9fyMvy,The port's gun-free. But a genetic fingerprint comes in all shapes and sizes.,The identification of 15-year-old Daniel Paul “Danny” Armantrout is the oldest case involving the National Center for Missing &amp; Exploited Children to be solved using DNA and genealogy. https://t.co/QARzPcHkBF,At Anthology Diagnostics we pride ourselves on delivering industry leading turnaround time for comprehensive genomic profiling of DNA and RNA in both solid and heme tumors.

Learn more at: https://t.co/YV6pTqX4nv
#Cancer #Oncology #Dx https://t.co/WfqOI2YfAp,"@winman953 @Irysdawn @cooltxchick If they created a law and funded the government labs, they could make it mandatory to have a paternal DNA profile made from every child pregnancy, and test all men who had access to the child. Then force the man who matches to serve mandatory prison time/register as sex predator.",@Amanadadaley09 Ha ha! If only I could be sure. Maybe DNA typing? I’ll have to get samples from my colleagues…

…is it any better in Loughborough?,"This month is Alpha 1 Awareness Month so I've updated my profile picture and cover photo. Alpha 1 Antitrypsin Deficiency (AAT) is a genetic disorder. It affects how the liver produces a protein called antitrypsin, which is used to protect the lungs. #Alpha1Awareness https://t.co/GYBu32ZkBo","Why Africa urgently needs its own genetic library Genetically profiling three million Africans could be key for better healthcare, argue scientists.

from BBC News - Technology https://t.co/bWaM7vmLcF
https://t.co/ZDpAUhNkpb"
"@Crypt_MoonLight @DeCredit001 I realized that Decredit uses a off-chain data storage plus on-chain DNA fingerprinting, so can you tell us why did you chose use this mechanism instead a typical on-chain model?
@OniGids 
@Hardeniche05 
@oyinlola_talabi","“the Homeland Advanced Recognition Technology (HART) System is a database of biometric data such as face images, DNA profiles, iris scans, fingerprint scans, and audio files, called "voice prints," that's hosted on Amazon Web Services and being developed by Northrop Grumman”",@TheOfficialSBI Wow! The next update will be for genetic fingerprinting to validate the transaction. I can bet on it.,"#folding money #fingerprint #Venn diagram #fingerprint #currency :) As a genetic fingerprint technique, this method of visualization is used in forensic science to establish identity and family relationships. https://t.co/mDqJfelmDg",@drewmichl @JosephW37364665 @taxesarerobbery @mandyb2909 @karenalainehunt Here is a good summary of how that #PCR #Electrophoresis identification process works. 
Its #physics and #DNA #RNA #tech
Pretty neat!
#STEMeducation 
Step 1
https://t.co/NyoF4eLUuQ
Step 2
https://t.co/GgZw9Cx3tC https://t.co/AxiYih6zdo,"Calling for solidarity with #migrant workers subjected to racial profiling in massive DNA sweep at upcoming #HumanRights hearing starting on November 22nd, 2021 EST. For details on this historic hearing for 54 #migrants. Follow @j4mw https://t.co/AabfIjJygj","$VITX     Massive  Filings out Check out the company profile.  Can you believe stock that's only a penny. MultiNational, CEO,COO,CFO 20 employees DNA, wellness, Coming to America,Revenue 1000% YOY","5 and subjected to mitochondrial DNA typing. The report, prepared by Anne C. Stone, Ph.D., James E. Starrs, L.L.M., and Mark Stoneking, Ph.D., confirmed the mtDNA recovered from the remains was consistent with the mtDNA of one of James's relatives in the female line.[67]","- The white karma 

Unlike Boruto and Kawaki ,this karma has a white color.
 - Remember that karma is a backup file that contain biological data for an Otsutsuki. 

-The karma able to overwrite the vessel's genetic profile until they transform into a perfect Ōtsutsuki. https://t.co/7iJk5d3RBB","Why Africa urgently needs its own genetic library Genetically profiling three million Africans could be key for better healthcare, argue scientists.

from BBC News - Technology https://t.co/M5JA2r1ygD
via IFTTT
https://t.co/bA02XQxa4e
##BBC News - Technology"
@Foxtaill @CarrieDaivis @AmTangerine @ArtValley818_ A nurse who in a previous  career did genetics projects including DNA hybridization and fingerprinting.,1/3 Just out @biorxivpreprint: 

A spatial #fingerprint of land-water linkage of biodiversity uncovered by remote sensing and environmental DNA: https://t.co/IZhqjfEwvU

The result of many years of work and highly interdisciplinary collaborations @uzh_gcb!

#RemoteSensing #eDNA https://t.co/h0S9dB0S47,,"@mumf14 @Alas_designer @PoliticsJOE_UK @blondebird59 He was a known regular client of many of the girls, and DNA is best understood under the older title of genetic fingerprints. It's no different to a fingerprint, it's your interpretation of how it was left that decides what happened.","The Wildlife Society's 2021 Conference is in full swing! Stop by tomorrow for an oral presentation on Novel DNA Collection Method for Identification of Roosting Bat Species led by WRA's Rob Schell and Katie Smith, with other experts. Click for more info: https://t.co/NB88pJ2Vk8 https://t.co/eesDmasfOQ",Metagenomic profiling of placental tissue suggests DNA virus infection of the placenta is rare  https://t.co/6lttLwSUEm,@Indiana_Jawnz @AdzzCam @Rawb38 @JanWolf20176202 @washingtonpost And neither is this an actual full profile of ancient Egytpian DNA which btw uses a tiny sample of 90 mummies.  It's good but it's not great,"@loveyoujimin16 Your eyes tell, DNA (jap. Ver.), Spring day (jap. Ver) etc..etc..it's too long to be written
..u will get bored reading and I will get tired typing 😅",Today I learned that my genetic profile doesn’t really respond to SSRI’s. I’m officially the saddest Bitch you know 🤠,"Why Africa urgently needs its own genetic library - Genetically profiling three million Africans could be key for better healthcare, argue scientists. - https://t.co/3ZwM4Weis5"
https://t.co/t0D0VzoCvy
Health Food Stores sell essential oils that are safe to use and better for people. Aura Cacia is one of the brands. You can take a new spray bottle add 5-10 drops of essential oil into purified water and lightly spray in any room and it works just as good.,""We need to take your voice ID, fingerprint, DNA, retina scan, and reproductive cell sample to improve our bank's security"

F*** that

#bitcoin",,High pressure reaper pawn. Think our enemies are allergic to a genetic fingerprint?,"@BirthGauge @Houdini50_Bin It's worth adding the role of the one-drop rule here as well. Black self-identification has increased more rapidly than black DNA in the US, both as mixed-race couplings are more common and the incentives to identify as black increase.","This one is of special interest to me, and any dog owner.

@cellmarkdna has joined @securedbydesign https://t.co/o1CSgYzMpQ
@DnaProtected  is a new dog #DNA profiling and databasing service designed to combat #DogTheft. With dog theft unfortunately on the rise #dogs https://t.co/EnjddmraI7",Genome-Wide DNA Methylation Profile in Jejunum Reveals the Potential Genes Associated With Paratuberculosis in Dairy Cattle https://t.co/kxSCnnfIFU,@bluzshu @rsrap4 I went to high school with a guy who didn't know he was adopted.

We did blood typing in biology class.... that's how he found out. That was decades ago.

Now? The concept of a closed adoption is ludicrous in the DNA age of spitting in a tube

Stop pretending
The laws...👇 https://t.co/6P9fRcIhBz,"@SBeresford4 @pq863210 @urbanfox1968 @barbarathisone @archeohistories Yeah, that's all bullshit. What you're trying to do is build a psychological profile for genetic inclinations. While these inclinations may be somewhat bolstered by culture, there's absolutely nothing wrong with any of this, and really the only ones making it weird are you.","Why Africa urgently needs its own genetic library
https://t.co/CwNCrgxKpS
Genetically profiling three million Africans could be key for better healthcare, argue scientists."
Single-molecule mechanical fingerprinting with DNA nanoswitch calipers https://t.co/fvrlvNTimg https://t.co/lWME9hUi47,"https://t.co/cFWMmbRwYK claimed that the next step, brought on by the pandemic, will be making it easier and more likely that our medical data will be taken from us, sounding the alarm about 'biometric data,' such as facial images or fingerprint data or even DNA",,"#OnThisDay in 1984, Professor Sir Alec Jeffreys identified the world’s first ‘genetic fingerprint’ at 09.05am 👏 

👉 https://t.co/vzo1L1ukym  👈

#UoL100 | #CenturyOfChange https://t.co/1tdJ3F8wqf",Congratulations to Ning Yang (Senior Research Scientist at Memorial Sloan Kettering) and Yi Wang (currently a Ph.D. student at Ohio State) on the identification of vaccinia E5 as a major inhibitor of DNA sensor cGAS. Thanks to our collaborators for their expertise and support!,PubMed_ Genomic Profiling of Blood-Derived Circulating Tumor DNA from Patients with Advanced Biliary Tract Cancer https://t.co/bg9heg4a3J,"Finally out: #Epigenetic bases of #grafting-induced vigour in #eggplant. Now also #eggplant DNA methylation profile is published! Thanks to @ElisaCerruti, Cinzia Comino at @unito, @HajkDrost
and @ProhensJaime at COMAV (Spain).
https://t.co/YM5DnsnaEN","https://t.co/lHHZXWVytC
CCC 10/29: AA update, vcalls, ambiguous calls &amp; op overload, refcnt vs GC.  Human timescales.  immut &amp; Clojure; Dist KV stores &amp; exact vs eventual. Vector ops;  VM design for 1st-run,, Compiler arch, Apple pies &amp; DNA, AA typing xtns, Eval Jit Snapshot","➡️Emphasis should be given on recognition that each individual has specific needs depending on age, metabolic condition, and genetic profile, in regard to general nutritional considerations
#Washoku🇯🇵
#nutrition 
#INPST @_INPST 
https://t.co/eZjincYMkb","Why Africa urgently needs its own genetic library: Genetically profiling three million Africans could be key for better healthcare, argue scientists. https://t.co/6mJrWNLv1X https://t.co/PpmlQKzW4d"
"DNA Evidence in Criminal Trial by R Ramachandran. A comprehensive narrative on DNA fingerprinting and its evidentiary value, importance of DNA identification in Criminal Justice System and Paternity Disputes. 
#book
#reading https://t.co/qZ5j7p35Dr","@PhD_OnTheCouch There is no "crime scene" here, the boy just did it and he is in thier.
Nothing to dig here.
Very easy case for prosecution.

Plus, it was the 80's - DNA didn't exist, the boy is without criminal record - there is no point to look for fingerprint, blood, etc.",,,AI has two main applications in genetics: identification of harmful genes and treatment of disease.
A deep learning model for predicting next-generation sequencing depth from DNA sequence
Contact us now - +91- 7067100428
Mail us - info@adspltech.net

 #microbiome #geneediting #ai https://t.co/9go8vMzv29,Metagenomic profiling of placental tissue suggests DNA virus infection of the placenta is rare https://t.co/lCkfQfvym7 https://t.co/2kOspwCmNU,"@AdzzCam @PhillipaToia @Rawb38 @JanWolf20176202 @washingtonpost Cool, show me a better DNA profile of ancient Egyptians.

Its funny how mad you are that ancient Egyptians were not African",@assignedbrave @sandiegozoo It's breaking news because they only recently discovered the parthenogenesis from DNA typing after the birds had already died.,"@iamherenow2day @NutritionMadeS3 3/ All I want is for it to be a query that can be pursued because it should be a question we have answered with a CCTA study or prospective trial, but LMHR type profile has gone largely ignored and it’s not a genetic phenotype, which begs the question…",The AVENIO Tumor Tissue Comprehensive Genomic Profiling Kit could allow for more accessible genetic testing and result in more personalized treatments. #MedTwitter #genetics 

https://t.co/KtwqXUBfVa
Biotechnology is a science-driven industry sector that uses living organisms and molecular biology to produce healthcare-related products. Biotechnology companies also develop therapeutics or processes (such as DNA fingerprinting).,"Even more rare is a reliable eyewitness. Most eye witness testimony has holes or there is a degradation in memory by the time it gets to trial. That is why solid evidence such as DNA, fingerprint matching, and video is so much better.",,,@EliseStefanik @VP The kids were separated from the adults because there was no identification they were family members  a DNA was needed and the media never said the truth always Twisted to make it look bad,Metagenomic profiling of placental tissue suggests DNA virus infection of the placenta is rare https://t.co/3sAuOapuoi,"@PhillipaToia @AdzzCam @Rawb38 @JanWolf20176202 @washingtonpost It's people over 1000 years and the DNA from them and ancestors going back hundreds of more years, most of it pre Ptolemaic. 

It's a much fuller story than "kush was close, they were mixed, bro trust me" 

Its the most accurate DNA profile of Ancient Egyptians to date.","@diannaeanderson @foundbysara It shares some DNA with like swipe typing now, which is actually kind of interesting to think about.","@AlvinStarburst ‘So the reason you are so short and ugly is down to your weak genetic profile, nothing more.’","I am delighted to share my latest review, out today in @FrontMolBioSci, where we discuss the challenges, results, and future opportunities using transcriptomic and genetic profiling in HIV-Associated Neurocognitive Disorders.  https://t.co/euO4wy4LcT"
"Fingerprinting, 3D hands and feetprints and DNA test are the best methods to identify individuals and catch the ID thieves. https://t.co/zJSnpdAXHY",with DNA and fingerprint and touch DNA they'll catch killer eventually just cold case https://t.co/7HgN1QwGW1,,,@Jakejds3rd @EliseStefanik @VP The kids was just being protected from adults with no paperwork no identification nothing zero and they were bringing kids in  for free pass kids  were treated medically DNA was  done. All that takes time and the media twisted the truth to make it look bad,"As part of a collaboration with the Caris Precision Oncology Alliance, the National Cancer Institute’s researchers now have access to Caris’ suite of comprehensive molecular profiling offerings that provide molecular insights across DNA, RNA &amp; proteins. 

https://t.co/OGsvUNaAYX https://t.co/YOpH7s22Kv","DNA CAPITAL by @Immersive_g (France) has been nominated for Site of the Month of October! 

Show the site some love, vote here → https://t.co/j7nDeCsCC2 

#AwwwardsSOTM #GLSL #Threejs https://t.co/a6FP3N8H4t",Fundamentals of Forensic DNA Typing -  ppt download https://t.co/RVG4c7liPF,"@TheEconomist What is "gain of function"?
1) As presently employed it's a bioweapon.
2) What you're not saying is governments already have viruses that can target based on genetic profile.
3) So, who's your enemy, Black, Jew, Arab, Chinese etc. ?
4) There's already a virus to eliminate that.",@empathyunites @DrTomFrieden Sampling and genetic profiling. Different symptoms. Flu is airborne so social distancing and mask wearing reduces transmission. There is a vaccine. Just had mine!
"Check your cabinets! DNA fingerprinting links recalled Walmart spray to rare illnesses, CDC says | Fox Business https://t.co/Yp3C6q13zi",@mitchellscomet As an aside: Mad love for fingerprints. 
Constantly trying to teach my younger colleagues that fingerprint evidence is often far better than DNA.
DNA can get tricky &amp; less persuasive when those damn mixtures pop up.,,,@laughinatitall @ElinHege @WFLAJosh @TVAshleigh @BrianEntin @R_I_C_H_E_S They couldn’t use DNA for identification of Brian because it would damage the remains. Assuming no soft tissue was left. Have to find cause/manner of death before extracting DNA. It’s probably done by now. We just don’t know about it yet.,Efficient DNA Profiling Protocols for Disaster Victim Identification

https://t.co/pQjnBlXDs2,Today's blogger discusses obtaining a DNA profile from touch DNA samples.

https://t.co/5bPZy5iKOj https://t.co/VHzV3bDMTJ,"Hmn.  Decided to try googling one of the possible fathers, try and find a phone number, based on the DNA test results. Its like he doesn't exist except for a divorce, some obituaries, and birth records, and real estate. But I tried typing his ex wife in and all sorts of results.","@philosophyfanex @donwinslow Every biological male must register their blood type &amp; genetic profile. They must give blood 2x a year at least; live donate any tissue (marrow, kidney, lung, etc.) they can to any patient that matches; and all remaining organs are harvested on death, no exceptions.","Marine Drugs, Vol. 19, Pages 607: Hidden Diversity in an Antarctic Algal Forest: Metabolomic Profiling Linked to Patterns of Genetic Diversification in the Antarctic Red Alga Plocamium sp. https://t.co/YRvH6hyN05"
"@hotcheri @TheKitchenista Retinal scan, fingerprinting, DNA testing, body cavity search, 20 references from non-relatives over the age of 40. All dating references with full info and contact information. Random home/apt inspections. 5 go to recipes. Knowledge of fridge life and expiration dates.",A spatial fingerprint of land-water linkage of biodiversity uncovered by remote sensing and environmental DNA https://t.co/zfGrVMrKie,,,Technique Examines Sitting Bull's Familial DNA 

https://t.co/F2r6bsIkBq,"Caris will make available to NCI researchers its broad portfolio of molecular profiling products that include DNA (genome), RNA (transcriptome) and proteins (proteome) testing and analysis tools. Learn more: https://t.co/DCjP6j9A66",5th year Biology students participating in Day 2 of the Amgen Biotech Experience Creating a DNA profile using gel electrophoresis. #stem @balcsie @abe_ireland https://t.co/MM2VgPmO0g,"accidentally typing “!” instead of “?” at the end of a question over text can change the entire identity, mood, and DNA of that text. A simple question turns into a momentary death threat","@DaissyPlayz My little lemon drops~ 💕
It's me, your sweet Rosie!! ☺️

I'm an amnesiac genetic experiment living on Earth and spending my free time playing games. My goal is to sample Earth's sweets! 
Socials on profile! 

https://t.co/2AK60yRcEl","critical race theory Systemic racism is a genetic and essentialist fallacy. Systemic (structural, institutional) racism involves the same sort of thinking that led to eugenics; and is now elevated to a notion of national racial profiling."
"DNA fingerprinting links recalled Walmart spray to rare illnesses, CDC says
https://t.co/TnoEQYKurc","@bruverrrr @Frank23707 It's all that dna, just like a fingerprint 😁!",,,"Coroner, buoyed by recent DNA identification of John Wayne Gacy victim, perseveres in trying to identify young Black woman found slain in Illinois in 1976 https://t.co/2OH1q6WEP3 via @YahooNews",@jfkimaru @I_am_Gathoni When talking about ethnic profiling come let's have a discourse about UDAku's deeply ingrained DNA of hate and stereotype...

Meanwhile Hon Atieno Nyar Kondiege giving a moving testimony in a church in the presence of Arap Mashamba

https://t.co/1lf5E4TZqn,"[TV] It Takes A Killer (Liverpool TV) Mon, Nov 8, 9:30 PM When women are murdered in Baton Rouge, police draw a profile and begin DNA test..","Tomasetti, Li, Vogelstein (2017) Science 2017 Mar 24;355(6331):1330-1334 https://t.co/cZsJCMgpAA

Repeat testimony -&gt; 95.6% of NHL can be attributed to normal (random replication error) in DNA (now using typing analogy)

I'll highlight.. https://t.co/Hug1wA4y3B",""Genome-wide autosomal, mtDNA, and Y chromosome analysis of King Bela III of the Hungarian Arpad dynasty"

Very cool. Y chr is of Central Asian origin, but "the autosomal DNA profile falls within the genetic variation of present-day east Europeans".

https://t.co/MxrD814qqd",
If you think it's a coincidence that the last existant holy prepuce was stolen the same year DNA fingerprinting solved it's first crime I've got an NFT to sell you.,"@ABC2020: “If they collected DNA underneath the fingerprint impressions on the neck, that might give us information as to who’s hands were on her neck at the time of her death &amp; that might be very crucial to understanding the case.” - Lawrence Koblinsky, PhD. #Petito #Laundrie",,,"Coroner, buoyed by recent DNA identification of John Wayne Gacy victim, perseveres in trying to identify young Black woman found slain in Illinois in 1976 https://t.co/tE3OnKgLgU",""...  This is social profiling at its worst, by an elite few..."

Goward has expressed what so many in the Liberal Party believe, it is in their DNA, the born to rule, holier than thou attitude.",@EveningGlennie @lorrain00414525 Still waiting  for the evidence about me stating the vaccine  changes the DNA ...trouble with people like you is you make assumptions based on their profile. .now where is that statement i made about DNA..,,"especially reproductive health; and in the future, the challenge would be to provide optimal nutrients based on an animal’s genetic profile and productivity. Fortunately, along with challenges, the developments in science are creating new avenues for tackling the challenges.",
"Remember,the government is on your side and only wants what's best for you . 🤡
https://t.co/uvZpH6ddaH",@gabbsfoundation @josephpetito @BrianEntin @TaraPetito  I’m watching Dog on popcorn planet he said “ they only have a partial dental he said it’s like a partial fingerprint “ he said Brian uncle is his dentist ⁉️⁉️⁉️and no dna anybody want to jump in I’m confused,,,@Victoria47Vicky @FangirlTwo11 They couldn’t use DNA for identification because it would damage the remains. Assuming no soft tissue was left. Have to find cause/manner of death before extracting DNA. It’s probably done by now. We just don’t know about it yet.,Nfs serial killers were going crazy before forensic and dna profiling. It’s crazy how much they got away with before the 90s.,Anyone else want to acknowledge in 2017 our government was granted access to millions of DNA portfolios of everyone who sent in their DNA to Ancestry and 23&amp; Me... and they have your health profile through that??,,"Character Profile:

Anna K.
(Steel Waters Marines)

Solid &amp; well-built, Anna is one of the brawniest Angels ever "graduated" from Advanced Neuroscience &amp; Genetic Enhancements for Lethal Soldiers (A.N.G.E.L.S.) program

Illust: @7N39AP

#visualnovel #indiegame #anime #indiedev https://t.co/nNpIHvgcPE",
FDA approval means nothing. 

https://t.co/q5y5oiVQ6H,"Put simply, the "Covid Poke / Vaxx" PERMANENTLY marks you with an RFID Tag that encodes itself to your unique-as-a-fingerprint DNA Pairs, which can then be 'pinged' or 'illuminated' by the 5G Millameter Waves eminating from Cell phone Towers which interact with your apple or iod",,,"Coroner, buoyed by recent DNA identification of John Wayne Gacy victim, perseveres in trying to identify young Black woman found slain in Illinois in 1976 https://t.co/r01A41hjft",Our paper is out! We find that cell-free DNA profiling of peritoneal effluent can detect a variety of pathogens in PD patients! Special thanks to @nkf for Young Investigator Grant and to NIH @DeVlaminckLab  @SilberjRogosin @philip_burnham @AlexandrePCheng  https://t.co/PZpAqwbmIm,Starship Entertainment confirms debut of six-member girl group IVE

The member's profile and debut schedule will be released on their official SNS

Source: https://t.co/4mdOHR7q3j https://t.co/9uoJEXIWmq,,Adapting crops for future climate conditions - A Texas A&amp;M AgriLife study used artificial intelligence to project the genetic profile to which cultivars will need to adapt
https://t.co/0SbQOX7NNZ https://t.co/wBufrTf25R,
The Centre for DNA Fingerprinting and Diagnostics Invites Application for Psychologist / Counsellor Recruitment 2021 

 https://t.co/Qf1ab88olq,themselves at the molecular level to ENCODE themselves by attaching themselves to your UNIQUE DNA (unique as a fingerprint) which then become PASSIVE RFID Resonators which activate in the presence of 5G Millameter Waves used on the next generation of Smartphones and other wireles,,,"Coroner, buoyed by recent DNA identification of John Wayne Gacy victim, perseveres in trying to identify young Black woman found slain in Illinois in 1976 https://t.co/pjPsVmuV2t","GATTACA

Segregation of the society based on DNA. Eugenics and gene profiling. 

Genetically "valid" allowed to perform superior professions. "Invalids" are destined to do menial jobs. 

"Society, where the Success is determined by Science"

https://t.co/wKOw5FtxAv",@Ummmmichelle @amandaknox Meredith’s DNA was found of the blade of the murder weapon &amp; Amanda Knox’s on the handle. Rudy said it was b/c he pricked Meredith’s hand while cooking at his apt but he later admitted she’d never been to his apt. It’s almost a perfect DNA profile. https://t.co/z7QmacIYIg,,A personalized #nutrition #plan based on genetic profile improves outcomes of #facial #regeneration with Platelet-Rich Fibrin liquid matrices 
https://t.co/3w9V33pHgZ
Adherence to a nutritional plan that conforms to standard dietary guidelines may improve healthy ski parameters. https://t.co/k5J7Namyiy,
@mariannaspring Give these to the Police for fingerprinting and DNA,A spatial fingerprint of land-water linkage of biodiversity uncovered by remote sensing and environmental DNA https://t.co/n0DMrnzEi8
#eDNA #environmentalDNA,,,"Thank you! — Coroner, buoyed by recent DNA identification of John Wayne Gacy victim, perseveres in trying to identify young Black woman found slain in Illinois in 1976 https://t.co/rzUK3Aiwvu",@seth_allan_ames @emirithegrey Sitting Bull died in 1890. dna profiling was invented in the 1980s. Sitting Bull agreed to none of this.,@TrippettaRaffe @SunshineRulez @mileslunn Your profile says 'liberal' so no surprise about the arrogance and condescension. It's in your DNA.
Not going to waste time arguing with you.,,"@SternShark @recoveredgamer @jordanbpeterson One question I have is whether or not heard immunity can occur with a constantly shifting viral genetic profile. I imagine it’s down to what changes and how that affects the immune system. I only took one micro class, but it is interesting to think about",
"#Jammu University Signs (MoU) with Centre for DNA Fingerprinting and Diagnostics (CDFD), Hyderabad 

#JammuAndKashmir @UniversityJammu @diprjk

https://t.co/3qj32M17jF",@mattyglesias I agree. There should be DNA or fingerprint encoding.,,,"Coroner, buoyed by recent DNA identification of John Wayne Gacy victim, perseveres in trying to identify young Black woman found slain in Illinois in 1976 https://t.co/9XWwkK7jsV","After Professor Bala opens the second event day in a great way, now Nancy R. Zhang will to talk about DNA Copy Number Profiling from Bulk Tissues to Single Cells

Enjoy the event!
Link: https://t.co/AcYFRmQvJI

#ufba #CSDS2021 #imeufba #Statiscs #DataScience #VirtualConference https://t.co/6Xxfi1VRsG","Highlighted my #genealogy activities for the past week - CVGS program, Mondays with Myrt, transcription, biography, DNA, data entry, profile matching, source citations, record hints, 19 blog posts and real life - in https://t.co/73EYem3VDv",,"@OCunasa @SerenSiwenna @TCymreig There were black and brown people living in Wales in Roman times and our diverse genetic profile reflects that. Wales has never been a white country, we've always evolved as a people and we always will.",
@sebatlab I remember Alec Jeffreys reading out letters he had from landlandies asking him to do DNA fingerprinting to work out who had soiled their beds 😀,"@mumf14 @Alas_designer @PoliticsJOE_UK @blondebird59 He was a known regular client of many of the girls, and DNA is best understood under the older title of genetic fingerprints. It's no different to a fingerprint, it's your interpretation of how it was left that decides what happened.",,,"In this groundbreaking case of #DNA identification: scientists were able to extract the DNA of legendary leader Sitting Bull and, using #autosomal DNA analysis, confirm his relationship to his living great-grandson. Read more: https://t.co/MsRj24tktS",@netshrink Yes. Most of the so called backward are Aryan Stock like Indo Scythians. Many of the UCs are in fact Mulnivasi.

E.g. a dark skinned Tamil Brahmin is a Mulnivasi and a fair skinned Maharashtrian is in fact Aryan. Simple. 

Hence reservations should be based on DNA profiling.,""Genome-wide autosomal, mtDNA, and Y chromosome analysis of King Bela III of the Hungarian Arpad dynasty"

Very cool. Y chr is of Central Asian origin, but "the autosomal DNA profile falls within the genetic variation of present-day east Europeans".

https://t.co/MxrD814qqd",,@FreddysFinalBoy @DoodlesTrks You have a mask in your profile pic. A warning to all of a natural error in genetic selection 😂,
"JU  signed  (MoU) with Centre for DNA Fingerprinting &amp; Diagnostics (CDFD), Hyderabad. Prof.M K. Dhar, VCJU opined that this MoU shall usher a new era of collaborations in research &amp; academics of both the institutes.@OfficeOfLGJandK @nitishwarKumar @ugc_india @EduMinOfIndia https://t.co/l5ZRowAjCa",@worldglobalnw It looks kinda like your pigment is missing there. Like a weird DNA thing. This is fascinating. Are the fingerprint lines IN the scar area or is it blank?,,,Biomarker identification and advancements in mass spectrometry-based #proteomics are projected to create an #array of opportunities in the coming years.

Explore More Information@ https://t.co/3aHLZvxsXm

#Proteomics #Biomarker #DrugDiscovery #Disease #Diagnosis #DNA #RNA https://t.co/2CZH1zUtDb,PubMed_ Comprehensive Genomic Profiling of Circulating Cell-Free DNA Distinguishes Focal MET Amplification from Aneuploidy in Diverse Advanced Cancers https://t.co/IC1n3xtrMw,"@42Debruno @AANollie @helenprejean @4colesJami Jordan's DNA was excluded. And the chances of a random African American having the same DNA profile as Julius was 1 in 100,000,000 which was triple the African American population at the time of the murder. So, wrong. And I don't care clemency was recommended.",,"@twosexymofos @trademan6547 @Mitchapalooza80 @OzraeliAvi @papprica Another person who gets their science from Facebook. Variants are detected through genetic sequencing conducted at specialist labs. You don’t get “tested for a strain”, you get tested for the virus, and as we continue to profile the virus’ genetic sequences we detect variants.",
We’ve partnered with Bristol University in DNA fingerprinting research to tell us more about each apple variety in our Exhibition Orchard. We hope this will lead to creating new varieties of apples with the characteristics that as cider makers we love! 🍎
https://t.co/BAfJK0olJf https://t.co/QvB0mQQV1n,A spatial fingerprint of land-water linkage of biodiversity uncovered by remote sensing and environmental DNA  https://t.co/dgnRcKbpIN #biorxiv_ecology,,,"Coroner, buoyed by recent DNA identification of John Wayne Gacy victim, perseveres in trying to identify young Black woman found slain in Illinois in 1976 - Raw Story - Celebrating 17 Years of Independent Journalism https://t.co/w4fARHhSQx","Researchers at @DanaFarber and @broadinstitute developed a novel tumor-profiling tool that captures a wider array of cancer-related genomic changes in a patient's tumor and germline DNA, an important step for precision oncology. https://t.co/2BphpkJAkC","@BoydMurdoch @liz6153 @DrMoragKerr @hello_bennett @SandraLean5 It wasn't his, a mixed profile meaning it could be many people. Jodie DNA was on a pair of trousers found at his dad's who he hadn't visited for weeks so inadmissible. Yet Daily R use it to smear",,"A Toxicology Reports study found COVID-19 injections are deadlier, statistically, than COVID-19
COVID-19 genetic vaccines have an unfavorable safety profile and are not sufficiently effective, thus they cannot be supported in clinical practice at this time
https://t.co/MLx796HFWN",
"FYI dental records are not 100% accurate like DNA fingerprinting. In fact, it’s least accurate forensic procedure. 
I smell a huge cover up by fbi here.. to save their face maybe?? 

#BrianLaundrie https://t.co/Wjufp6ohx3",A spatial fingerprint of land-water linkage of biodiversity uncovered by remote sensing and environmental DNA  https://t.co/K3VBZF6WCD #bioRxiv,,,"Coroner, buoyed by recent DNA identification of John Wayne Gacy victim, perseveres in trying to identify young Black woman found slain in Illinois in 1976 https://t.co/V00KacB9v7","Calling for solidarity with #migrant workers subjected to racial profiling in massive DNA sweep at upcoming #HumanRights hearing starting on November 22nd, 2021 EST. PM for details for this historic hearing for 54 #migrants https://t.co/6Dco17FFXj","@BoydMurdoch @liz6153 @DrMoragKerr @hello_bennett @SandraLean5 Daily R peddles lies about Luke DNA being found on a bra strap but it was inadmissible in court. There was a mixed profile, found. You not rule our luke m, as the court was told. But you couldn't rule out me, the judge or jury etc etc There is NO evidence to link LM to the murder",,Judy Berman has redefined Antifungal drug interactions explaining how “drug tolerance” enables some cells  to grow at high drug concentrations above MIC without alteration of their genetic resistance profile. #timm2021 @eurconfmedmycol @bsmm @ISHAM_Mycology @judithberman11 https://t.co/7rftUPKWRI,
Fingerprinting Proteins with Force

https://t.co/rPFzqMSpnm

#Fingerprinting #Protein #Force #DNA_Nanoswitch_Calipers #DNAChallenge #Caliper #molecule #single_molecule_proteomics #Harvard_University #University #StatNano #NBIC #nanotechnology #Nano https://t.co/o8P9XSc5v4,@qdawg4472 @RTCowboysNation But that’s a fingerprint not dna evidence. https://t.co/KgW0SqXiVO,,,Integrated Approach for Species Identification and Quality Analysis for Labisia pumila Using DNA Barcoding and HPLC

https://t.co/30neshjveV
#plantsci ♻️ https://t.co/S9reETfjDW,We make DNA methylation profiling accessible to you - try the new premium RRBS kit for DNA inputs down to 25ng and with better accuracy with UMIs!
https://t.co/OAUSDsmEyT https://t.co/jpixevHfaK,"@MistyDa83907643 @Ghostingbitches @BourgeoisViews @AnnaEsse @Antlad30 @harryrag @TomOBrien0401 @gkylilghost @marvinskyelo @5haronl @Francis60905029 @PamGurney70 @poppypippa2 @bob93265343 @MikeJakey1947 @Babs108164110 @forevershallon @MayklWalker @SidShite @Madamdefa @Shannon_McCann @vera_broughton @PhilipTann1961 @Maddiesvoice1 @debgee9 @Shirley60483124 @MaverickLite @MikeJakeman5 @artsmarse @Irissykes14 @ScamHunter487 @craig_c83 @Patriot_4_MAGA @Lostinthecity7 @chickienob @emily23800584 @Esjabe1 @D_Owanlen @Andreamariapre2 @JBLittlemore @lindale22381726 @D_Dobrovetsky @milesbetter73 @Shatnerella @njbennett @ElizabethKeesey @LostCuriously @MMTRUTHORLIE @Neil81417504 @McCannCaseTweet In the sample collected in the boot area of the vehicle, 15 of the identified 
DNA components coincide with the corresponding components in the DNA profile of 
Madeleine McCann, this of [having] 19 components. 

Tell me who else other than the parents gave a profile sample ?",,"@AceWolfSavage @goinggodward Perhaps, or exacerbated the symptoms. There is evidence that the ADHD genetic profile has some evolutionary benefits, such as in a time of crisis/chaos. That's when we tend to shine. When things gets comfy, we coast. And right now, humans are fairly comfy.",
"📏 The world's tiniest ruler?

A recent @NatureNano paper from scientists at @HarvardMed, @WyssInstitute, &amp; @BostonChildrens describes "DNA Nanoswitch Calipers" that can perform distance measurements on single peptides by applying small amounts of force.
https://t.co/Q1y2hWnSzm",And when they arrest you I hope they fingerprint you and take your dna and I hope they open up all your texts and video chats and social media,,,Identification and characterization of DNA aptamers specific to VP2 protein of canine parvovirus https://t.co/bfNlFgnW9N,Comprehensive Genomic Profiling of Circulating Cell-Free DNA Distinguishes Focal MET Amplification from Aneuploidy in Diverse Advanced Cancers https://t.co/pMPgmbvBKf https://t.co/DjIT17v2qK,"@jam_J_M @bob93265343 @MistyDa83907643 @Ghostingbitches @BourgeoisViews @AnnaEsse @Antlad30 @harryrag @TomOBrien0401 @gkylilghost @marvinskyelo @5haronl @Francis60905029 @poppypippa2 @MikeJakey1947 @Babs108164110 @forevershallon @MayklWalker @SidShite @Madamdefa @Shannon_McCann @vera_broughton @PhilipTann1961 @Maddiesvoice1 @debgee9 @Shirley60483124 @MaverickLite @MikeJakeman5 @artsmarse @Irissykes14 @ScamHunter487 @craig_c83 @Patriot_4_MAGA @Lostinthecity7 @chickienob @emily23800584 @Esjabe1 @D_Owanlen @Andreamariapre2 @JBLittlemore @lindale22381726 @D_Dobrovetsky @milesbetter73 @Shatnerella @njbennett @ElizabethKeesey @LostCuriously @MMTRUTHORLIE @Neil81417504 @McCannCaseTweet If Madeleine's DNA was found in the boot, why would anybody bat an eyelid?  It is possible it was there but as her complete profile was never found, it could just be a chance match.",,"@amya12234 He is correct if you got the good genetic profile, otherwise I recommend to these to do surgery",
"Jan 9, 1950:

Sir Alec John Jeffreys was born in Oxford.  He invented DNA fingerprinting, used to uniquely identify organisms by their DNA. https://t.co/eb3JdcZDUP","Always follow the money. Money being spent, money being paid, money being taken...money has its own fingerprint &amp; DNA. https://t.co/YAFOt71tFw",,,"Coroner, buoyed by recent DNA identification of John Wayne Gacy victim, perseveres in trying to identify young Black woman found slain in Illinois in 1976 https://t.co/xaWnyABJO5",@art_never_found didn't know they had dna profiling in the 1800s,my uni offered to give us our dna profile but ill have to go to 3 extra labs and idk if i want to do that 🗿,,"@GLiperis @maclaudiaa @louise_p_king niPGT-A is a conundrum for me.  

If you are skeptical that a TE sample captures the whole embryos genetic profile, NI is likely even less accurate.  

If you are skeptical that TE bx causes no embryo harm, NI is likely less damaging. 

I think we need a lot more evidence.",
Single-molecule mechanical fingerprinting with DNA nanoswitch calipers https://t.co/7cj6KHCEwx,"The #CSIEffect is in full force. "Sure you checked dental records, but did you perform #DNA matching and #fingerprint matching and #facialrecognition and fiber analysis? They can all be done in 5 minutes! I saw it on TV! Until you do ALL these things..." https://t.co/b7lRDcbiXE",,,Efficient DNA Profiling Protocols for Disaster Victim Identification

https://t.co/pQjnBlXDs2,Before the 80s you could get away with murder since nobody knew about DNA profiling.,@kimmyann1111 FACT: A partial DNA profile was obtained from the red bandana; the major component of the DNA profile was consistent with Jones.,,"@Dn1xGayMerGirl @JustMerms @keriinthecity Example: Mexico has Inca, Maya, Spanish, French, British, Portuguese,... history in their genes. However the towns that they tested could have been different. And return a different genetic profile.",
This is fascinating! @thatchers_cider has been partnering with the University of Bristol in a ground-breaking project that is using DNA fingerprinting techniques to identify apple tree varieties. Find out more at https://t.co/736FpqsndY. https://t.co/xe6XCk0x8a,"4ARTechnologies is the first company to provide fingerprint and visual identifier encryption methods for digital artwork. The watermarks act like a digital DNA, only decryptable by the artist who created it 🔐

#4art #4artcoin #nft #nft+ #crypto https://t.co/uZXM220xyn",,,Only two more days until our talk at #PEGS2021! Learn from Dr. Stephen Schoenberger from @ljiresearch as he shares how leveraging the BioXp™ enabled his group to build a novel neoantigen identification platform with greater efficiency.

Register here: https://t.co/tAFkh0f2sW https://t.co/GxIiMYajHu,"Y‐chromosome short tandem repeats in forensics—Sexing, profiling, and matching male DNA https://t.co/MMEBMNJZj1",@John__Mee Great photo.
Have to wonder how that happy go lucky dna combo led to your profile pick all the same? 🙂,,"on eugenics was, of course, skewed to build supersoldiers. 

What do you think they would have done with me? 

My genetic profile includes a mutation of the MC1R gene, I'm not blond and blue, which is what they wanted. I'm red and green, the rarest genetic profile on the planet.",
"@CryptoClash1 @DeCredit001 I realized that Decredit uses a off-chain data storage plus on-chain DNA fingerprinting, so can you tell us why did you chose use this mechanism instead a typical on-chain model?
@Ojanaloveferi
@jkdog8
@Smit89k","@MikeCubfan @RepThomasMassie No like every important detail about yourself tied to a Global Unique Identifier controlled by a private company or government. Everything including health records, biometric data (iris, fingerprint), DNA data, financial data and statements, work history, addresses, interests.",,,Happy and honored to be on the cover of the December issue of Life Science Alliance @LSAjournal with our report on the identification of the plant DREAM complex in DNA damage response and growth control.

https://t.co/o8y9LQ3IRk https://t.co/KAHyy2G8D7,,"@PamGurney70 @BourgeoisViews @jam_J_M @MistyDa83907643 @Ghostingbitches @AnnaEsse @Antlad30 @harryrag @TomOBrien0401 @gkylilghost @marvinskyelo @5haronl @Francis60905029 @poppypippa2 @bob93265343 @Babs108164110 @forevershallon @MayklWalker @SidShite @Madamdefa @Shannon_McCann @vera_broughton @PhilipTann1961 @Maddiesvoice1 @debgee9 @Shirley60483124 @MaverickLite @MikeJakeman5 @artsmarse @Irissykes14 @ScamHunter487 @craig_c83 @Patriot_4_MAGA @Lostinthecity7 @chickienob @emily23800584 @Esjabe1 @D_Owanlen @Andreamariapre2 @JBLittlemore @lindale22381726 @D_Dobrovetsky @milesbetter73 @Shatnerella @njbennett @ElizabethKeesey @LostCuriously @MMTRUTHORLIE @Neil81417504 @McCannCaseTweet BV IS CORRECT PAM ALL 19 OF #Madeliene's dna profile may have been in mixed sample , its the most intelligent thing he has ever said here",,@lissaloowhoo @DougAlder @knugent4118 Have you checked out The Genetic Detective? @CeCeLMoore is a great follow if you are into genetic genealogy - she's gotten hired for many high profile cold cases. And explains her process for finding the perps on each episode. Fascinating stuff.,
"#royalty #showtime #socialmedia #YouTubeShorts #INSTA 
#Online #learning #education #History #realhistory #reelhistory 
Theme/plot: Big Dowry marries Old Building FOLLO THREAD A DAY BACK,
OR A DNA Fingerprinting FAMILY TREE DIGITAL CERT. going back to CHARLEMAGNE OR LangueDoc.","@marshallmaresca I've heard what impact Quincy had on the credibility of fingerprint evidence, and I really worry about the analogous effect of CSI and NCIS for that and especially DNA testing.
(Horse has left the barn, of course...)",,,Find out if your pup is actually part-Chihuahua. https://t.co/xwXCm3d5Uu https://t.co/YaL6WRgvZ2,,"@Brettbenraphael @SirGrantFleming But when whites join the ANC they’re called ANC’s token whites. I think the reasons for that change in profile are much more complex. They have little to do with ANC’s inherent racism, which I’m arguing is not in the party’s DNA.",,@KashmiriMuslman Blocked by both atta beg and dardic Koshur after poking their infirm understanding of history. Hope you don't do the same after perusing this complete genetic profile of the subcontinent. Adios.,
"#royalty #showtime #socialmedia #YouTubeShorts #INSTA 
#Online #learning #education #History #realhistory #reelhistory 
Theme/plot: Big Dowry marries Old Building FOLLO THREAD A DAY BACK,
LAST THING THEY r : r LUXURY RESORTS.
OR DNA Fingerprinting FAMILY TREE DIGITAL CERTIFICATE","@iBobbyShell @Upwork @sama Your wrong bro. Upgrade to protocol will include fingerprint, DNA, and heart beat.",,,"@kittypurrzog Comment #2: There are 4 basic stages of DNA evidence: extraction, identification (DNA profile), comparison, and probability. Mixed DNA is difficult and   complicated software is used. 

The software used here: https://t.co/lXiaLL6jBz",,"@sun_no5 @Sickofpolitics4 @randnum @CNN That's why we also have a DNA match with the probability of another DNA profile matching of 1 in 110 millions black Americans, there isn't 110 millions black Americans, which mean it can't be someone else dna. He commited that murder and everything proves it.",,"Next up for our profile series highlighting the evolving nature of GC roles is Dr @ElviraZilliacu4! She is a Genetic Services Consultant @BpGenetics, providing genetic testing services across 70 countries. Her 25-year career spans clinical, research, academia &amp; industry roles. https://t.co/DtCStsxJDH",
"#OnThisDay in 1984, Professor Sir Alec Jeffreys identified the world’s first ‘genetic fingerprint’ at 09.05am 👏 

👉 https://t.co/vzo1L1ukym  👈

#UoL100 | #CenturyOfChange https://t.co/1tdJ3F8wqf","@KhullarSidharth @SwipeWright What it might come down to is the purpose of an ID document, the renewal time, and the type and amount of data stored on it. Assuming that the aim is to identify an individual, fingerprint, retina scans or DNA would be most reliable. But this raises the question if you want any",,,"@LailaMaeXO_OX @jump1njup1ter39 @butterfly5873 @americanlaw411 @NorthPortPolice Her killer is dead, wym help her? There isnl nothing left to do but get DNA identification and then that's a wrap, boyo. What is some obese lady walking around the preserve gunna do for you? She ain't finna unlock any clues lmao",,"@drsuatsoylu @so_ia33 @AbakErtugrul Study your DNA science lesson well, come back later.😊
I don't have time for ignorance. Also, I wasnt talking with you. I have no words to talk to people who talk bad about people they don't know. When you're lying, at least be ashamed of that cute girl you put on your profile.",,"Old School vaccines = Inactivated virus. 70 years research. #Flu
Vaccine induces response targeting of a RANGE of DIFFERENT virus proteins. Invokes humoral and cellular response, with low AV’s. High safety profile. 

Genetic vaccines (DNA / RNA) differ
https://t.co/fk2mRkaUve https://t.co/tDovyUoFST",
"Scientists from the @wyssinstitute, @harvardmed, and @BostonChildrens used DNA to create "DNA Nanoswitch Calipers" (DNC), technology that permits distance measurements on single #peptides with high precision. #medtech #research #DNA

Learn more here: https://t.co/ZImQpblD0K",@NobelPrize @novaya_gazeta #Science
#nobelprize2021
#DNA
DNA FINGERPRINT BY Sir Alec John Jeffreys
🍏Alan Turing (RIP) a Genius hounded to death for being gay a crime that was as serious in GB as in NAZI Germany the country brought to its knees These brilliant men should have won the Nobel peace prise https://t.co/VT4J1DukSz,,,Canadian Cold Case!  C'mon advances-in-DNA-identification.... https://t.co/C8slNHxqb7,,"@BourgeoisViews @jam_J_M @MistyDa83907643 @Ghostingbitches @AnnaEsse @Antlad30 @harryrag @TomOBrien0401 @gkylilghost @marvinskyelo @5haronl @Francis60905029 @poppypippa2 @bob93265343 @MikeJakey1947 @Babs108164110 @forevershallon @MayklWalker @SidShite @Madamdefa @Shannon_McCann @vera_broughton @PhilipTann1961 @Maddiesvoice1 @debgee9 @Shirley60483124 @MaverickLite @MikeJakeman5 @artsmarse @Irissykes14 @ScamHunter487 @craig_c83 @Patriot_4_MAGA @Lostinthecity7 @chickienob @emily23800584 @Esjabe1 @D_Owanlen @Andreamariapre2 @JBLittlemore @lindale22381726 @D_Dobrovetsky @milesbetter73 @Shatnerella @njbennett @ElizabethKeesey @LostCuriously @MMTRUTHORLIE @Neil81417504 @McCannCaseTweet Only 15 out of the 19 markers which are in Madeleine's profile were found.  As I said the unique banding was never found which would have given a positive for it being hers.  However, if her DNA was found in the car it doesn't mean she was ever inside of it.",,"Dollar General… don’t they have a pharmacy?  Like Fred’s, Alabama?  You don’t fit the USPS meds to beds profile? How come genetic defect tester?

Yeah. I wonder why they don’t just fill them at the hospital. #CAD #MLresearchSpoilers",
DNA Nanoswitch Calipers Created as Possibly World’s Tiniest Ruler for Fingerprinting Proteins https://t.co/SEdYN57Tfw via @GENbio https://t.co/EcKqvveyBm,Check out this course!
https://t.co/K4kfiMNw5K
https://t.co/cN9L9hsmKp
&gt; DNA &amp; Fingerprint Evidence &amp; Identification
&gt; Why this is important to your case

#InvestigativeCourses #ContinuingEducation #PrivateInvestigators #LegalInvestigators #DeathExperts #DefenseInvestigators,,,"Autosomal DNA Analysis Confirms Identity of Living Descendant of Sitting Bull https://t.co/A06zBi3Y3T

Last week, the multidisciplinary scientific journal Science Advances published an article reporting a groundbreaking case of DNA identification: scientists were able to extrac…",,Konigsberg et al. profile DNA methylation in blood samples from SARS-CoV-2 cases &amp; controls. The authors use machine learning to classify infected vs. non-infected individuals &amp; predict clinical outcomes related to disease severity

https://t.co/V1IooQYEa5,,@felicia_rabourn @SavannahLMaddox  When the new year legislature convenes Could you #AuditTheDataKy regarding the Covid. and any possible money exchanged for deals. And the association of @StevenStackMD  with genetic therapy companies of JUNO and Zoic from His linkedin profile,
"Fingerprinting proteins with force: What if we could identify proteins as easily as we can sequence DNA and RNA? Perhaps soon we will, thanks to new DNA Nanoswitch Calipers. DNA Calipers create a unique 'fingerprint' for peptides (the building blocks of… https://t.co/jKLRfKUECA",@WendyDa93770599 @BrianEntin I don't.  But there is so much detail and uniqueness in each person's jaw skull and teeth that courts have ruled it is as valid as a fingerprint.  I just wouldn't put much investment in the DNA coming back as non-conclusive or nonmatching  Pretty sure they found BL.,,,ICYMI: DNA analysis from skeletal remains led to Francis Wayne Alexander’s identification after 45 years. #JohnWayneGacy https://t.co/j9FF3VwwSv,,"🐕 TERRY went #missing at Matara wedding venue #Kingscote #Tetbury #GL8 26/9
SUBSTANTIAL REWARD FOR SAFE &amp; FAST RETURN
He has VERY IDENTIFYING MARKINGS,
🔴LONG LEGS
🔴DISTINCTIVE KINK IN TAIL
🔴WHITE CHIN
🔴WHITE SPOT TO CHEST
🔴DNA PROFILE HELD FOR TERRY 
https://t.co/p87s5mps4t https://t.co/9CFhgbQ6uU",,@CCARS_ENDRACISM @jeffhext Why is your profile header DNA genome screened over an outline image of the USA;
Are you genetic absolutists?,
"All Humen beings with pure DNA tweeting here should do the following 
Use tor browser on System, use orbot on android. Iphone guys sorry you paid too much
Use browsers in Privacy more only - firefox - https://t.co/ME0QCzN1fg 
I am going to keep adding many things to this",‘We all have the same dna’ Brin Edward’s @swlanaturaleye ( artist) adding his #fingerprint to #SPOTtimespotTIME #conservationmeanslife #alllife #sittingequally #artaunifyinglanguage #nature #naturalworld  #wildlife #https://www.instagram.com/p/CVhreytKSom/?utm_medium=copy_link https://t.co/gkq3lkf2wH,,,Impact of BMI and waist circumference on epigenome-wide DNA methylation and identification of epigenetic biomarkers in blood: an EWAS in multi-ethnic Asian individuals
https://t.co/jvoYsNeekm https://t.co/wVkUNAIR9v,,@MistyDa83907643 @jam_J_M @Ghostingbitches @BourgeoisViews @AnnaEsse @Antlad30 @harryrag @TomOBrien0401 @gkylilghost @marvinskyelo @5haronl @Francis60905029 @poppypippa2 @bob93265343 @MikeJakey1947 @Babs108164110 @forevershallon @MayklWalker @SidShite @Madamdefa @Shannon_McCann @vera_broughton @PhilipTann1961 @Maddiesvoice1 @debgee9 @Shirley60483124 @MaverickLite @MikeJakeman5 @artsmarse @Irissykes14 @ScamHunter487 @craig_c83 @Patriot_4_MAGA @Lostinthecity7 @chickienob @emily23800584 @Esjabe1 @D_Owanlen @Andreamariapre2 @JBLittlemore @lindale22381726 @D_Dobrovetsky @milesbetter73 @Shatnerella @njbennett @ElizabethKeesey @LostCuriously @MMTRUTHORLIE @Neil81417504 @McCannCaseTweet Again you hit the mark.  It was a mix n match of several people's DNA hence what was found did correspomd with Madeleine's profile but not necessarily from her.  We all share the DNA markers after all.  It needs the unique way it is banded together to prove ownership.,,Lord knows how far the disease as progressed but what's frustrating is a simple Google search got me dozens of medical journals detailing my disease without typical genetic profile so why are drs reluctant to investigate further,
The Centre for DNA Fingerprinting and Diagnostics Invites Application for Computer Programmer Grade A Recruitment 2021 

 https://t.co/uK3i8yskj8,"@Craig_D_Vincent @WFLAJosh It means that DNA testing hasn't been done yet, but it will be.

Dental records are extremely accurate because everyone's dental composition is as unique as their fingerprint.",,,@AALJaishi Prostate cancer epigenetics. 
Specifically urinary DNA methylation bio markers for early identification of prostate cancer patients on active surveillance who will reclassify with aggressive disease.,,@OMGKittens12 @Def__Not @NotSmithNumbers @_Resolute1 @Unfortunatia @Agent__SM @Q__talk You have no idea. Take a look at a map of my DNA profile. https://t.co/XED7JShzGH,,I think I will crush Egyptian intelligence with upcoming genetic destructive analytical conclusions and the genetic difference of terror races cultures and their gene pool "profile" in comparison to the ethical civilised 1st world gene pool.

I will teach Egyptians something...,
,"@tiobraidarann @Seanie4you DuPlantier had clumps of hair In her hands and material under her nails from scratching. The DNA didn't match Bailey, the fingerprint on the gate didn't match Bailey and the same with the blood on the gate wasn't Baileys. The DNA evidence pointed to another unknown suspect.",,,ICYMI: DNA analysis from skeletal remains led to Francis Wayne Alexander’s identification after 45 years. #JohnWayneGacy https://t.co/Fq3X0f4anL,,@jam_J_M @Ghostingbitches @BourgeoisViews @AnnaEsse @Antlad30 @harryrag @TomOBrien0401 @gkylilghost @marvinskyelo @5haronl @Francis60905029 @PamGurney70 @poppypippa2 @bob93265343 @MikeJakey1947 @Babs108164110 @forevershallon @MayklWalker @SidShite @Madamdefa @Shannon_McCann @vera_broughton @PhilipTann1961 @Maddiesvoice1 @debgee9 @Shirley60483124 @MaverickLite @MikeJakeman5 @artsmarse @Irissykes14 @ScamHunter487 @craig_c83 @Patriot_4_MAGA @Lostinthecity7 @chickienob @emily23800584 @Esjabe1 @D_Owanlen @Andreamariapre2 @JBLittlemore @lindale22381726 @D_Dobrovetsky @milesbetter73 @Shatnerella @njbennett @ElizabethKeesey @LostCuriously @MMTRUTHORLIE @Neil81417504 @McCannCaseTweet DNA samples containing a complete single profile aren't subject to the same sort of dispute. Don't forget the material tested was bagged in Portugal before being sent to UK and also open to prior cross-contamination.,,Tarim mummies have nothing to do with Indo-Europeans; it's far more likely they were ancient Fugrics.

"... one of the few known Holocene-era genetic descendant populations of the once widespread Pleistocene ANE ancestry profile ..." https://t.co/UxOkOekNfY,
,"@christinaa_xoxo @HuttonNatalia @WFLAJosh When have dental identifications been wrong in recent years? Dentition is as unique as a fingerprint, and more specific than DNA. Also, the FBI would not have announced an ID in such a high-profile case unless they were absolutely sure.",,,"DNA Evidence in Criminal Trial by R Ramachandran. A comprehensive narrative on DNA fingerprinting and its evidentiary value, importance of DNA identification in Criminal Justice System and Paternity Disputes. 
#book
#reading https://t.co/qZ5j7p35Dr",,"@BourgeoisViews @Ghostingbitches @AnnaEsse @harryrag @TomOBrien0401 @gkylilghost @marvinskyelo @5haronl @Francis60905029 @PamGurney70 @poppypippa2 @bob93265343 @MikeJakey1947 @Babs108164110 @forevershallon @MayklWalker @SidShite @Madamdefa @Shannon_McCann @vera_broughton @PhilipTann1961 @jam_J_M @Maddiesvoice1 @MistyDa83907643 @debgee9 @Shirley60483124 @MaverickLite @MikeJakeman5 @artsmarse @Irissykes14 @ScamHunter487 @craig_c83 @Patriot_4_MAGA @Lostinthecity7 @chickienob @emily23800584 @Esjabe1 @D_Owanlen @Andreamariapre2 @JBLittlemore @lindale22381726 @D_Dobrovetsky @milesbetter73 @Shatnerella @njbennett @ElizabethKeesey @LostCuriously @MMTRUTHORLIE @Neil81417504 @McCannCaseTweet If DNA profiles worked in the way you're thinking it does then no justice system on this planet would use it as evidence in court, every person on earth has a unique DNA profile different from every other person including their parents, I suggest you research more on DNA science.",,"Huge thanks to @ICR_London Scientific Officer, Denzil James, for talking through the PROFILE study on @PackedLunchC4, which looks into genetic factors that influence men's risk of #prostatecancer. https://t.co/gMWtm1T0jW",
,@DiggersOfNews This why a fingerprint and DNA database has to be created to fight such gross crimes in 🇿🇲,,,@GavsBaldEagle @carthy_terri The problems are this
a.) Only 7 of the 21 DNA loci was a match for Jones. THat's below the FBI standard for identification so the doctor making an extrapolation based on THAT just seems reckless and the epitome of bad science.
b.) There was a mixture of at least three other,,@emuinthebox @DefiledGod @UtdDistrict @lauriewhitwell If you don’t want to be called a twat I would suggest changing your profile picture from that guy that looks like a twat

Or not saying painfully stupid shit thinking you look intelligent like “and a formation furthest away from the 'United DNA' he keeps banging on about.”,,"Men are not okay. I’m not sure if it’s a genetic or chemical imbalance that lays dormant until the age of puberty, but there’s a trend and an uptick in not only virtual violence against women but in real life violence against women amongst a specific profile of male.",
,"#HUMINT #Tradecraft #OPSEC #Toebbe 
US Forever Stamps are self adhesive, so could perhaps be stuck on an envelope using gloves &amp; or tweezers, without leaving fingerprint or DNA #Forensic clues. As sold in sheets of 20, the other 16 may provide circumstantial evidence if found. https://t.co/RNAY9KzUOP",,,@KGNSnews There has been no DNA identification of those alleged remains (a portion of a jaw bone) that his parents found in 30 minutes after weeks of FBI/police searches.  Dental ID can be faked and "experts" can be bribed.,,@Antlad30 @harryrag @BourgeoisViews @TomOBrien0401 @gkylilghost @marvinskyelo @5haronl @Francis60905029 @PamGurney70 @poppypippa2 @bob93265343 @MikeJakey1947 @Babs108164110 @forevershallon @MayklWalker @SidShite @Madamdefa @Shannon_McCann @vera_broughton @PhilipTann1961 @jam_J_M @Maddiesvoice1 @MistyDa83907643 @debgee9 @Shirley60483124 @MaverickLite @MikeJakeman5 @artsmarse @Irissykes14 @ScamHunter487 @craig_c83 @Patriot_4_MAGA @Lostinthecity7 @chickienob @emily23800584 @Esjabe1 @D_Owanlen @Andreamariapre2 @JBLittlemore @lindale22381726 @D_Dobrovetsky @milesbetter73 @Shatnerella @njbennett @ElizabethKeesey @LostCuriously @MMTRUTHORLIE @Neil81417504 @McCannCaseTweet @kathypriestley5 FSS failed to use the most up-to-date techniques for extracting DNA samples in cases between 2000 and 2005. This led the Association of Chief Police Officers (ACPO) to advise all police forces in England and Wales to review cases where samples had failed to give a DNA profile 2/2,,White guy who reflexively produces a printout of his 23andMe genetic profile &amp; points out 5% west African ancestry as “proof” it’s “totally cool” that he keeps saying the n-word,
,@Smilan317 Walk is the same and in the 
Olden days it could mark you like a fingerprint or a DNA test can 
Now.
Who else makes a pipebomb 
That doesn't go off.,,,@SandraRodkey There has been no DNA identification of those alleged remains (a portion of a jaw bone) that his parents found in 30 minutes after weeks of FBI/police searches.  Dental ID can be faked and "experts" can be bribed.,,"@Antlad30 @harryrag @BourgeoisViews @TomOBrien0401 @gkylilghost @marvinskyelo @5haronl @Francis60905029 @PamGurney70 @poppypippa2 @bob93265343 @MikeJakey1947 @Babs108164110 @forevershallon @MayklWalker @SidShite @Madamdefa @Shannon_McCann @vera_broughton @PhilipTann1961 @jam_J_M @Maddiesvoice1 @MistyDa83907643 @debgee9 @Shirley60483124 @MaverickLite @MikeJakeman5 @artsmarse @Irissykes14 @ScamHunter487 @craig_c83 @Patriot_4_MAGA @Lostinthecity7 @chickienob @emily23800584 @Esjabe1 @D_Owanlen @Andreamariapre2 @JBLittlemore @lindale22381726 @D_Dobrovetsky @milesbetter73 @Shatnerella @njbennett @ElizabethKeesey @LostCuriously @MMTRUTHORLIE @Neil81417504 @McCannCaseTweet @kathypriestley5 See under Function, for this, 'This led the Association of Chief Police Officers to advise all police forces in England and Wales to review cases where samples had failed to give a DNA profile.' https://t.co/foGMIwxKMI",,"@Dan76011692 @Jaambudweepa @Mike02183318 @kadian_anurag @Vritrahan2014 @anshikashukla_ Again asking you

are you assuming every individual from balochistan in the west to the sunderbans in the east, from  Kanyakumari in the south to the high mountains in the north

During the bronze age had uniform genetic profile?

And mtDNA from Rakhigrahi female is that?",
,"#OnThisDay in 1984, Professor Sir Alec Jeffreys identified the world’s first ‘genetic fingerprint’ at 09.05am 👏 

👉 https://t.co/vzo1L1ukym  👈

#UoL100 | #CenturyOfChange https://t.co/1tdJ3F8wqf",,,"@livenowfox Pffft! There has been no DNA identification of those alleged 'remains' (a portion of a jaw bone) that his parents found in just 30 minutes, after weeks of FBI/police searches.  Dental ID can be faked and "experts" can be bribed.",,"@kittypurrzog Comment #2: There are 4 basic stages of DNA evidence: extraction, identification (DNA profile), comparison, and probability. Mixed DNA is difficult and   complicated software is used. 

The software used here: https://t.co/lXiaLL6jBz",,Midnight 76 @midnight76music https://t.co/WpJu7TyYAA - Just Another Animal (Genetic Lab),
,@OldNormality @AbbeyTheatre Next will be fingerprint or DNA ...sure takes the .."let's go clubbing" to a whole new level...and sure more to come,,,@RealMattHopkins There has been no DNA identification of those alleged remains (a portion of a jaw bone) that his parents found in 30 minutes after weeks of FBI/police searches.  Dental ID can be faked and "experts" can be bribed.,,"@TheLatinaMom1 @voluntaryasmine @citizenhush @GhostBert @Sad_heina @L1bertyPunk @Russ_Sacbibit Basically, yes. I have some Iran, Pakistani,Afghan, Kazakh,Chinese..you should see my dna profile. lol I also have Southern European ancestry, mainly Spain, Portugal, and Italy.",,"@DarpaHydrogel @CanAlbertaHuman Modern vaccines are created with animal DNA and it introduces animal retro viruses into our system. It can cause a range of illness from neurological to cancers, depending on your own genetic profile.",
,Covid pass...ID cert..tickets for indoor events..next will be fingerprint or DNA??,,,@punkmoscato There has been no DNA identification of those alleged remains (a portion of a jaw bone) that his parents found in 30 minutes after weeks of FBI/police searches.  Dental ID can be faked and "experts" can be bribed.,,@pullingcarz Looking back at the over whelming evidence....for the life of me I cannot understand how the words not guilty were spoke. 

ADA Marcia Clark did such a poor job explaining (a very new concept and technology then) DNA profile matching to the Jury. 

It's fascinating.,,"@cookiec75190643 @kadian_anurag @Vritrahan2014 @anshikashukla_ India being a vast region, surely there must have been endogamic neolithic cultures with different genetic cluster profile which over 1000s yrs intermingled which by bronze age starts to become what is seen in modern times",
,To read more about our Forensic Services @SPA_Forensics.  
✅500 highly-trained and skilled scientists and staff.
✅4 main laboratory sites across Scotland.
✅ Biology: DNA; Chemistry &amp; Document: Drugs and Toxicology:Fingerprint Comparison:Firearms:Scene Examination plus!,,,@rebiross1 There has been no DNA identification of those alleged remains (a portion of a jaw bone) that his parents found in 30 minutes after weeks of FBI/police searches.  Dental ID can be faked and "experts" can be bribed.,,,,"thinking deke shaw could possibly be an LMD, I ran a genetic profile to see if he was biologically linked to anyone.
and it came up with a match?
no. It came up with two.",
,"When we talk about DNA &amp; consider the DNA of our organisation, how can we go deeper &amp; understand the unique values that represent us? or our staff? our players? What does your fingerprint look like? How can you use this for player development? #SparkYourCuriousity #FingerPrint https://t.co/J5hFxge1BS",,,@FrankyRose12 There has been no DNA identification of those alleged remains that his parents found in 30 minutes after weeks of FBI/police searches.  Dental ID can be faked and "experts" can be bribed.,,,,,
,"Fingerprinting proteins with force: What if we could identify proteins as easily as we can sequence DNA and RNA? Perhaps soon we will, thanks to new DNA Nanoswitch Calipers. DNA Calipers create a unique 'fingerprint' for peptides (the building blocks of… https://t.co/jKLRfKUECA",,,@meechy0591 @iamalaskabaybe @americanlaw411 There has been no DNA identification of those alleged "remains" that his parents found in 30 minutes.  Dental ID can be faked....Brian's uncle is a dentist fyi.,,,,,
,@PplsCityCouncil @digitalurn @LAPDHQ Our cops not only refuse to tell you who they are or if they're even cops but won't even tell you what they're arresting you for

I didn't know it was a felony until the fingerprint lady took my DNA

https://t.co/rF9z7e7eIs,,,@FrankyRose12 There has been no DNA identification of those alleged "remains."  Dental ID can be faked....Brian's uncle is a dentist fyi.,,,,,
,,,,@sama_slama It is impossible to do a dental match for a few loose teeth. You would need to run a DNA match. You need them attached to the jaw bone &amp; more than a few to make a positive dental identification.,,,,,
,,,,"@SwissAvenueDes @DeL2000 Oh good grief now where does it state just a few teeth. You need teeth and more than a few to make a dental match &amp; the need to be attached to the jaw bone. You would need DNA to identify just a few, a dental identification is impossible.",,,,,
,,,,@MarcusPun @KevinKileyCA @UCBerkeley Localized variations DO NOT change your DNA identification. Keep reaching.,,,,,
,,,,"which then 'illuminates' or pings atop the millameter waves emitted by the Cell Phone Tower and you Smartphone, the same RFID 'ping' now encoded with a DIGITAL SIGNATURE that MATCHES your unique DNA Identification and can be tracked over the Nationwide Cellphone Network.",,,,,
,,,,Identification of inflammatory response-related gene signature associated with immune status and prognosis of lung adenocarcinoma https://t.co/OngHTZtXlL 

Become a better expert via https://t.co/3Lriam4BWS 
#CancerResearch #DNA #healthTech #Biology #MRI #Bioinformatics #brain,,,,,
,,,,"@joe_klement BrianEntin? WT? I agree totally that dental records aren’t definitive proof, &amp; DNA is the “gold standard” for identification of human remains. If the NPPD/FBI hadn’t f’ed up &amp; lost the ONLY POI &amp; done their jobs correctly this wouldn’t be an issue? Why believe LE?
#BrianLaundrie",,,,,
,,,,"@TideNTN @newscomauHQ Believe whatever you like, all I am saying is without using DNA which is the “gold standard” for human identification, that nothing should be ruled out of the realm of possibility. 
#BrianLaundrie",,,,,
,,,,"@allenalana2 @ThreeDailey That's the thing, I'm glad that they had teeth still intact to do dental record identification because there really is no way to say how long he was dead for. He could have died the same day he went out there which means water, heat, sun bleaching really did a number on the DNA.",,,,,
,,,,@trekkie10 Those people were separated for a reason.  They came with NO IDENTIFICATION.  They were separated for DNA testing to determine familial relationships.  Why does no one say WHY they were separated.  It was too prevent human trafficking.,,,,,
,,,,Technique Examines Sitting Bull's Familial DNA https://t.co/7qpoyIhUgB,,,,,
,,,,"Identity of Sitting Bull's great-grandson confirmed w/ 130-year-old DNA. The novel method of identification involved using hair from the Lakota leader, who died in 1890. Findings confirm Ernie LaPointe, 73, of S. Dakota, as the closest living descendant https://t.co/DKiGDoi6OF https://t.co/LcThrYIrHy",,,,,
,,,,Technique Examines Sitting Bull's Familial DNA https://t.co/wMQpZiLzwy,,,,,
,,,,News Feed: Technique Examines Sitting Bull's Familial DNA https://t.co/N406LovbTQ,,,,,
,,,,"@wolfe_author I believe that DNA analysis for identification purposes generally isn't that precise, as that usually isn't necessary to positively ID someone.

A bone marrow transplant recipient and the donor also share identical DNA, depending on the specimen used.",,,,,
,,,,"@OutRightIntl @StateDept This is dangerous! If someone is unidentifiable in a deceased state, dna is extracted for identification. Ones sex is determined at conception by one’s genes period. This will just create chaos!",,,,,
,,,,"IJMS, Vol. 22, Pages 11771: Identification of DNA Damage Repair-Associated Prognostic Biomarkers for Prostate Cancer Using Transcriptomic Data Analysis https://t.co/s0ksClM3Cz",,,,,
,,,,"Coroner, buoyed by recent DNA identification of Gacy victim, perseveres in trying to identify .. - https://t.co/J1foIcQM3B #GoogleAlerts #DNA #DNATip #GeneticGenealogy #Genealogy #Ancestry #DavisDNATip",,,,,
,,,,@PPantsdown @MSMWatchdog2013 Pretty sure that in an airplane crash genitalia is a less reliable form of identification than dental records and DNA.,,,,,